Station,month,latitude,longitude,groundwater_level_m,groundwater_readings,rainfall_mm,rainfall_readings,rainfall_stations,rainfall_available,gw_lag_1,gw_lag_2,gw_lag_3,gw_rolling_3,gw_change_1m,rain_lag_1,rain_lag_2,rain_lag_3,rain_rolling_3,month_num,year,target_gw_next_month
Amaram_1,2024-08-01,11.839319,77.960473,-0.02,116,197.75,95.0,2.0,1,-0.01,-0.01,0.0,-0.013333333333333334,-0.01,68.25,131.0,192.0,397.0,8,2024,-0.03
Amaram_1,2024-09-01,11.839319,77.960473,-0.03,120,28.0,17.0,2.0,1,-0.02,-0.01,-0.01,-0.02,-0.009999999999999998,197.75,68.25,131.0,294.0,9,2024,-0.03
Amaram_1,2024-10-01,11.839319,77.960473,-0.03,124,207.75,113.0,2.0,1,-0.03,-0.02,-0.01,-0.02666666666666667,0.0,28.0,197.75,68.25,433.5,10,2024,1.04
Amaram_1,2024-11-01,11.839319,77.960473,1.04,116,43.25,50.0,2.0,1,-0.03,-0.03,-0.02,0.32666666666666666,1.07,207.75,28.0,197.75,279.0,11,2024,11.23
Amaram_1,2024-12-01,11.839319,77.960473,11.23,120,98.25,86.0,2.0,1,1.04,-0.03,-0.03,4.08,10.190000000000001,43.25,207.75,28.0,349.25,12,2024,27.345
Amaram_1,2025-01-01,11.839319,77.960473,27.345,124,5.75,8.0,2.0,1,11.23,1.04,-0.03,13.204999999999998,16.115,98.25,43.25,207.75,147.25,1,2025,8.11
Amaram_1,2025-02-01,11.839319,77.960473,8.11,61,,,,0,27.345,11.23,1.04,15.561666666666667,-19.235,5.75,98.25,43.25,104.0,2,2025,-0.06
Amaram_1,2025-03-01,11.839319,77.960473,-0.06,124,13.25,21.0,2.0,1,8.11,27.345,11.23,11.798333333333332,-8.17,,5.75,98.25,19.0,3,2025,-0.06
Amaram_1,2025-04-01,11.839319,77.960473,-0.06,116,14.0,7.0,2.0,1,-0.06,8.11,27.345,2.663333333333333,0.0,13.25,,5.75,27.25,4,2025,3.3
Amaram_1,2025-05-01,11.839319,77.960473,3.3,120,216.0,75.0,2.0,1,-0.06,-0.06,8.11,1.0599999999999998,3.36,14.0,13.25,,243.25,5,2025,46.02
Amaram_1,2025-06-01,11.839319,77.960473,46.02,117,69.0,32.0,2.0,1,3.3,-0.06,-0.06,16.42,42.720000000000006,216.0,14.0,13.25,299.0,6,2025,46.02
Amaram_1,2025-07-01,11.839319,77.960473,46.02,57,16.25,15.0,2.0,1,46.02,3.3,-0.06,31.78,0.0,69.0,216.0,14.0,301.25,7,2025,45.19
Amaram_1,2025-08-01,11.839319,77.960473,45.19,101,84.25,46.0,2.0,1,46.02,46.02,3.3,45.74333333333334,-0.8300000000000054,16.25,69.0,216.0,169.5,8,2025,43.9
Amaram_1,2025-09-01,11.839319,77.960473,43.9,116,59.75,37.0,2.0,1,45.19,46.02,46.02,45.03666666666667,-1.2899999999999991,84.25,16.25,69.0,160.25,9,2025,46.0
Ammapet_1,2024-06-01,11.661554,78.200273,425.33500000000004,120,131.0,63.0,2.0,1,406.485,407.52,410.27,413.1133333333334,18.850000000000023,192.0,6.0,,329.0,6,2024,424.5
Ammapet_1,2024-07-01,11.661554,78.200273,424.5,124,68.25,55.0,2.0,1,425.33500000000004,406.485,407.52,418.77333333333337,-0.8350000000000364,131.0,192.0,6.0,391.25,7,2024,435.53
Ammapet_1,2024-08-01,11.661554,78.200273,435.53,116,197.75,95.0,2.0,1,424.5,425.33500000000004,406.485,428.455,11.029999999999973,68.25,131.0,192.0,397.0,8,2024,431.40999999999997
Ammapet_1,2024-09-01,11.661554,78.200273,431.40999999999997,116,28.0,17.0,2.0,1,435.53,424.5,425.33500000000004,430.48,-4.1200000000000045,197.75,68.25,131.0,294.0,9,2024,433.075
Ammapet_1,2024-10-01,11.661554,78.200273,433.075,124,207.75,113.0,2.0,1,431.40999999999997,435.53,424.5,433.3383333333333,1.6650000000000205,28.0,197.75,68.25,433.5,10,2024,432.43
Ammapet_1,2024-11-01,11.661554,78.200273,432.43,112,43.25,50.0,2.0,1,433.075,431.40999999999997,435.53,432.305,-0.6449999999999818,207.75,28.0,197.75,279.0,11,2024,437.97
Ammapet_1,2024-12-01,11.661554,78.200273,437.97,120,98.25,86.0,2.0,1,432.43,433.075,431.40999999999997,434.4916666666666,5.5400000000000205,43.25,207.75,28.0,349.25,12,2024,430.03499999999997
Ammapet_1,2025-01-01,11.661554,78.200273,430.03499999999997,116,5.75,8.0,2.0,1,437.97,432.43,433.075,433.4783333333333,-7.935000000000059,98.25,43.25,207.75,147.25,1,2025,424.595
Ammapet_1,2025-02-01,11.661554,78.200273,424.595,40,,,,0,430.03499999999997,437.97,432.43,430.8666666666666,-5.439999999999941,5.75,98.25,43.25,104.0,2,2025,415.945
Ammapet_1,2025-03-01,11.661554,78.200273,415.945,120,13.25,21.0,2.0,1,424.595,430.03499999999997,437.97,423.52500000000003,-8.650000000000034,,5.75,98.25,19.0,3,2025,412.19
Ammapet_1,2025-04-01,11.661554,78.200273,412.19,96,14.0,7.0,2.0,1,415.945,424.595,430.03499999999997,417.57666666666665,-3.7549999999999955,13.25,,5.75,27.25,4,2025,410.04499999999996
Ammapet_1,2025-05-01,11.661554,78.200273,410.04499999999996,108,216.0,75.0,2.0,1,412.19,415.945,424.595,412.72666666666663,-2.1450000000000387,14.0,13.25,,243.25,5,2025,416.59000000000003
Ammapet_1,2025-06-01,11.661554,78.200273,416.59000000000003,86,69.0,32.0,2.0,1,410.04499999999996,412.19,415.945,412.94166666666666,6.545000000000073,216.0,14.0,13.25,299.0,6,2025,416.42499999999995
Ammapet_1,2025-07-01,11.661554,78.200273,416.42499999999995,36,16.25,15.0,2.0,1,416.59000000000003,410.04499999999996,412.19,414.3533333333333,-0.1650000000000773,69.0,216.0,14.0,301.25,7,2025,413.98
Ammapet_1,2025-08-01,11.661554,78.200273,413.98,101,84.25,46.0,2.0,1,416.42499999999995,416.59000000000003,410.04499999999996,415.66499999999996,-2.4449999999999363,16.25,69.0,216.0,169.5,8,2025,412.045
Ammapet_1,2025-09-01,11.661554,78.200273,412.045,112,59.75,37.0,2.0,1,413.98,416.42499999999995,416.59000000000003,414.15000000000003,-1.9350000000000023,84.25,16.25,69.0,160.25,9,2025,416.56
Ammapet_1,2025-10-01,11.661554,78.200273,416.56,21,107.25,86.0,2.0,1,412.045,413.98,416.42499999999995,414.195,4.514999999999986,59.75,84.25,16.25,251.25,10,2025,420.95
Ammapet_1,2025-11-01,11.661554,78.200273,420.95,25,279.75,64.0,2.0,1,416.56,412.045,413.98,416.5183333333334,4.389999999999986,107.25,59.75,84.25,446.75,11,2025,418.523
Ariyampatti,2021-04-01,11.7172,77.9117,-16.21,121,,,,0,-13.412,-12.107,-10.11,-13.909666666666666,-2.798,,,,,4,2021,-19.3495
Ariyampatti,2021-05-01,11.7172,77.9117,-19.3495,124,,,,0,-16.21,-13.412,-12.107,-16.323833333333333,-3.139499999999998,,,,,5,2021,-24.54
Ariyampatti,2021-06-01,11.7172,77.9117,-24.54,120,,,,0,-19.3495,-16.21,-13.412,-20.033166666666666,-5.1905,,,,,6,2021,-25.865000000000002
Ariyampatti,2021-07-01,11.7172,77.9117,-25.865000000000002,116,,,,0,-24.54,-19.3495,-16.21,-23.251500000000004,-1.3250000000000028,,,,,7,2021,-23.333
Ariyampatti,2021-08-01,11.7172,77.9117,-23.333,125,,,,0,-25.865000000000002,-24.54,-19.3495,-24.579333333333334,2.5320000000000036,,,,,8,2021,-19.802
Ariyampatti,2021-09-01,11.7172,77.9117,-19.802,103,3.5,1.0,1.0,1,-23.333,-25.865000000000002,-24.54,-23.0,3.530999999999999,,,,3.5,9,2021,-12.618500000000001
Ariyampatti,2021-10-01,11.7172,77.9117,-12.618500000000001,124,24.0,8.0,1.0,1,-19.802,-23.333,-25.865000000000002,-18.584500000000002,7.183499999999999,3.5,,,27.5,10,2021,-7.4745
Ariyampatti,2021-11-01,11.7172,77.9117,-7.4745,120,152.0,111.0,2.0,1,-12.618500000000001,-19.802,-23.333,-13.298333333333334,5.144000000000001,24.0,3.5,,179.5,11,2021,-3.6785
Ariyampatti,2021-12-01,11.7172,77.9117,-3.6785,124,6.5,2.0,1.0,1,-7.4745,-12.618500000000001,-19.802,-7.9238333333333335,3.796,152.0,24.0,3.5,182.5,12,2021,-3.675
Ariyampatti,2022-01-01,11.7172,77.9117,-3.675,124,0.5,1.0,1.0,1,-3.6785,-7.4745,-12.618500000000001,-4.942666666666667,0.0035000000000002807,6.5,152.0,24.0,159.0,1,2022,-4.7115
Ariyampatti,2022-02-01,11.7172,77.9117,-4.7115,112,,,,0,-3.675,-3.6785,-7.4745,-4.021666666666667,-1.0365000000000002,0.5,6.5,152.0,7.0,2,2022,-5.8165
Ariyampatti,2022-03-01,11.7172,77.9117,-5.8165,124,1900.25,14.0,2.0,1,-4.7115,-3.675,-3.6785,-4.734333333333333,-1.1049999999999995,,0.5,6.5,1900.75,3,2022,-6.396
Ariyampatti,2022-04-01,11.7172,77.9117,-6.396,117,79.25,38.0,2.0,1,-5.8165,-4.7115,-3.675,-5.641333333333333,-0.5795000000000003,1900.25,,0.5,1979.5,4,2022,-7.271
Ariyampatti,2022-05-01,11.7172,77.9117,-7.271,31,24.0,2.0,1.0,1,-6.396,-5.8165,-4.7115,-6.4944999999999995,-0.875,79.25,1900.25,,2003.5,5,2022,-7.1739999999999995
Ariyampatti,2022-06-01,11.7172,77.9117,-7.1739999999999995,120,82.0,35.0,2.0,1,-7.271,-6.396,-5.8165,-6.947,0.09700000000000042,24.0,79.25,1900.25,185.25,6,2022,-6.906000000000001
Ariyampatti,2022-07-01,11.7172,77.9117,-6.906000000000001,124,53.0,55.0,2.0,1,-7.1739999999999995,-7.271,-6.396,-7.117,0.2679999999999989,82.0,24.0,79.25,159.0,7,2022,-6.129
Ariyampatti,2022-08-01,11.7172,77.9117,-6.129,124,214.75,92.0,2.0,1,-6.906000000000001,-7.1739999999999995,-7.271,-6.7363333333333335,0.777000000000001,53.0,82.0,24.0,349.75,8,2022,-2.7615
Ariyampatti,2022-09-01,11.7172,77.9117,-2.7615,120,15.25,26.0,2.0,1,-6.129,-6.906000000000001,-7.1739999999999995,-5.2655,3.3674999999999997,214.75,53.0,82.0,283.0,9,2022,-2.1654999999999998
Ariyampatti,2022-10-01,11.7172,77.9117,-2.1654999999999998,120,126.5,64.0,2.0,1,-2.7615,-6.129,-6.906000000000001,-3.685333333333334,0.5960000000000001,15.25,214.75,53.0,356.5,10,2022,-1.0785
Ariyampatti,2022-11-01,11.7172,77.9117,-1.0785,120,101.25,71.0,2.0,1,-2.1654999999999998,-2.7615,-6.129,-2.0018333333333334,1.0869999999999997,126.5,15.25,214.75,243.0,11,2022,-1.227
Ariyampatti,2022-12-01,11.7172,77.9117,-1.227,117,51.0,67.0,2.0,1,-1.0785,-2.1654999999999998,-2.7615,-1.4903333333333337,-0.14850000000000008,101.25,126.5,15.25,278.75,12,2022,-1.441
Ariyampatti,2023-01-01,11.7172,77.9117,-1.441,113,2.5,7.0,2.0,1,-1.227,-1.0785,-2.1654999999999998,-1.2488333333333337,-0.21399999999999997,51.0,101.25,126.5,154.75,1,2023,-1.7115
Ariyampatti,2023-02-01,11.7172,77.9117,-1.7115,108,5.0,4.0,1.0,1,-1.441,-1.227,-1.0785,-1.4598333333333338,-0.27049999999999996,2.5,51.0,101.25,58.5,2,2023,-2.1675
Ariyampatti,2023-03-01,11.7172,77.9117,-2.1675,104,48.75,17.0,2.0,1,-1.7115,-1.441,-1.227,-1.7733333333333334,-0.45599999999999996,5.0,2.5,51.0,56.25,3,2023,-2.787
Ariyampatti,2023-04-01,11.7172,77.9117,-2.787,116,32.0,14.0,2.0,1,-2.1675,-1.7115,-1.441,-2.222,-0.6194999999999999,48.75,5.0,2.5,85.75,4,2023,-2.99
Ariyampatti,2023-05-01,11.7172,77.9117,-2.99,124,95.75,64.0,2.0,1,-2.787,-2.1675,-1.7115,-2.648166666666667,-0.2030000000000003,32.0,48.75,5.0,176.5,5,2023,-3.5235000000000003
Ariyampatti,2023-06-01,11.7172,77.9117,-3.5235000000000003,120,35.5,20.0,2.0,1,-2.99,-2.787,-2.1675,-3.100166666666667,-0.5335000000000001,95.75,32.0,48.75,163.25,6,2023,-3.6435
Ariyampatti,2023-07-01,11.7172,77.9117,-3.6435,124,51.25,60.0,2.0,1,-3.5235000000000003,-2.99,-2.787,-3.3856666666666673,-0.11999999999999966,35.5,95.75,32.0,182.5,7,2023,-4.425
Ariyampatti,2023-08-01,11.7172,77.9117,-4.425,124,96.5,37.0,2.0,1,-3.6435,-3.5235000000000003,-2.99,-3.8640000000000008,-0.7814999999999999,51.25,35.5,95.75,183.25,8,2023,-4.266
Ariyampatti,2023-09-01,11.7172,77.9117,-4.266,118,262.5,90.0,2.0,1,-4.425,-3.6435,-3.5235000000000003,-4.1115,0.1589999999999998,96.5,51.25,35.5,410.25,9,2023,-4.3705
Ariyampatti,2023-10-01,11.7172,77.9117,-4.3705,106,121.5,59.0,2.0,1,-4.266,-4.425,-3.6435,-4.353833333333334,-0.10449999999999982,262.5,96.5,51.25,480.5,10,2023,-4.2075
Ariyampatti,2023-11-01,11.7172,77.9117,-4.2075,120,127.0,92.0,2.0,1,-4.3705,-4.266,-4.425,-4.281333333333333,0.16300000000000026,121.5,262.5,96.5,511.0,11,2023,-4.5225
Ariyampatti,2023-12-01,11.7172,77.9117,-4.5225,122,4.5,9.0,2.0,1,-4.2075,-4.3705,-4.266,-4.366833333333333,-0.3150000000000004,127.0,121.5,262.5,253.0,12,2023,-5.2745
Ariyampatti,2024-01-01,11.7172,77.9117,-5.2745,122,21.25,20.0,2.0,1,-4.5225,-4.2075,-4.3705,-4.668166666666667,-0.7519999999999998,4.5,127.0,121.5,152.75,1,2024,-6.166
Ariyampatti,2024-02-01,11.7172,77.9117,-6.166,114,,,,0,-5.2745,-4.5225,-4.2075,-5.321000000000001,-0.8915000000000006,21.25,4.5,127.0,25.75,2,2024,-7.237
Ariyampatti,2024-03-01,11.7172,77.9117,-7.237,124,,,,0,-6.166,-5.2745,-4.5225,-6.225833333333334,-1.0709999999999997,,21.25,4.5,21.25,3,2024,-8.2345
Ariyampatti,2024-04-01,11.7172,77.9117,-8.2345,120,6.0,2.0,1.0,1,-7.237,-6.166,-5.2745,-7.212500000000001,-0.9975000000000005,,,21.25,6.0,4,2024,-8.253
Ariyampatti,2024-05-01,11.7172,77.9117,-8.253,122,192.0,72.0,2.0,1,-8.2345,-7.237,-6.166,-7.908166666666666,-0.018499999999999517,6.0,,,198.0,5,2024,-7.761
Ariyampatti,2024-06-01,11.7172,77.9117,-7.761,120,131.0,63.0,2.0,1,-8.253,-8.2345,-7.237,-8.082833333333335,0.492,192.0,6.0,,329.0,6,2024,-7.163
Ariyampatti,2024-07-01,11.7172,77.9117,-7.163,120,68.25,55.0,2.0,1,-7.761,-8.253,-8.2345,-7.725666666666668,0.5979999999999999,131.0,192.0,6.0,391.25,7,2024,-6.602
Ariyampatti,2024-08-01,11.7172,77.9117,-6.602,116,197.75,95.0,2.0,1,-7.163,-7.761,-8.253,-7.1753333333333345,0.5609999999999999,68.25,131.0,192.0,397.0,8,2024,-6.787
Ariyampatti,2024-09-01,11.7172,77.9117,-6.787,117,28.0,17.0,2.0,1,-6.602,-7.163,-7.761,-6.850666666666668,-0.1849999999999996,197.75,68.25,131.0,294.0,9,2024,-5.5009999999999994
Ariyampatti,2024-10-01,11.7172,77.9117,-5.5009999999999994,124,207.75,113.0,2.0,1,-6.787,-6.602,-7.163,-6.296666666666667,1.2860000000000005,28.0,197.75,68.25,433.5,10,2024,-5.426
Ariyampatti,2024-11-01,11.7172,77.9117,-5.426,118,43.25,50.0,2.0,1,-5.5009999999999994,-6.787,-6.602,-5.904666666666667,0.07499999999999929,207.75,28.0,197.75,279.0,11,2024,-4.974
Ariyampatti,2024-12-01,11.7172,77.9117,-4.974,120,98.25,86.0,2.0,1,-5.426,-5.5009999999999994,-6.787,-5.300333333333334,0.45199999999999996,43.25,207.75,28.0,349.25,12,2024,-5.344
Ariyampatti,2025-01-01,11.7172,77.9117,-5.344,116,5.75,8.0,2.0,1,-4.974,-5.426,-5.5009999999999994,-5.248000000000001,-0.3700000000000001,98.25,43.25,207.75,147.25,1,2025,-6.247
Ariyampatti,2025-02-01,11.7172,77.9117,-6.247,112,,,,0,-5.344,-4.974,-5.426,-5.521666666666667,-0.9029999999999996,5.75,98.25,43.25,104.0,2,2025,-7.141
Ariyampatti,2025-03-01,11.7172,77.9117,-7.141,115,13.25,21.0,2.0,1,-6.247,-5.344,-4.974,-6.244000000000001,-0.8940000000000001,,5.75,98.25,19.0,3,2025,-7.234500000000001
Ariyampatti,2025-04-01,11.7172,77.9117,-7.234500000000001,62,14.0,7.0,2.0,1,-7.141,-6.247,-5.344,-6.874166666666667,-0.09350000000000058,13.25,,5.75,27.25,4,2025,-5.408
Ariyampatti,2025-08-01,11.7172,77.9117,-5.408,27,84.25,46.0,2.0,1,-7.234500000000001,-7.141,-6.247,-6.594500000000001,1.8265000000000002,14.0,13.25,,111.5,8,2025,-5.256
Ariyampatti,2025-09-01,11.7172,77.9117,-5.256,114,59.75,37.0,2.0,1,-5.408,-7.234500000000001,-7.141,-5.966166666666669,0.15200000000000014,84.25,14.0,13.25,158.0,9,2025,-3.057
Ariyampatti,2025-10-01,11.7172,77.9117,-3.057,57,107.25,86.0,2.0,1,-5.256,-5.408,-7.234500000000001,-4.573666666666668,2.1990000000000003,59.75,84.25,14.0,251.25,10,2025,-2.135
Ariyampatti,2025-11-01,11.7172,77.9117,-2.135,103,279.75,64.0,2.0,1,-3.057,-5.256,-5.408,-3.4826666666666672,0.9220000000000002,107.25,59.75,84.25,446.75,11,2025,-2.681
Avaniperur Keelmugam,2024-06-01,11.596685,77.848759,148.17,120,131.0,63.0,2.0,1,-6.73,-8.085,-5.95,44.45166666666666,154.89999999999998,192.0,6.0,,329.0,6,2024,147.625
Avaniperur Keelmugam,2024-07-01,11.596685,77.848759,147.625,124,68.25,55.0,2.0,1,148.17,-6.73,-8.085,96.355,-0.5449999999999875,131.0,192.0,6.0,391.25,7,2024,1.0
Avaniperur Keelmugam,2024-08-01,11.596685,77.848759,1.0,108,197.75,95.0,2.0,1,147.625,148.17,-6.73,98.93166666666667,-146.625,68.25,131.0,192.0,397.0,8,2024,1.0
Avaniperur Keelmugam,2024-09-01,11.596685,77.848759,1.0,120,28.0,17.0,2.0,1,1.0,147.625,148.17,49.875,0.0,197.75,68.25,131.0,294.0,9,2024,1.0
Avaniperur Keelmugam,2024-10-01,11.596685,77.848759,1.0,123,207.75,113.0,2.0,1,1.0,1.0,147.625,1.0,0.0,28.0,197.75,68.25,433.5,10,2024,1.0
Avaniperur Keelmugam,2024-11-01,11.596685,77.848759,1.0,117,43.25,50.0,2.0,1,1.0,1.0,1.0,1.0,0.0,207.75,28.0,197.75,279.0,11,2024,1.0
Avaniperur Keelmugam,2024-12-01,11.596685,77.848759,1.0,124,98.25,86.0,2.0,1,1.0,1.0,1.0,1.0,0.0,43.25,207.75,28.0,349.25,12,2024,1.0
Avaniperur Keelmugam,2025-01-01,11.596685,77.848759,1.0,120,5.75,8.0,2.0,1,1.0,1.0,1.0,1.0,0.0,98.25,43.25,207.75,147.25,1,2025,1.0
Avaniperur Keelmugam,2025-02-01,11.596685,77.848759,1.0,67,,,,0,1.0,1.0,1.0,1.0,0.0,5.75,98.25,43.25,104.0,2,2025,1.0
Avaniperur Keelmugam,2025-03-01,11.596685,77.848759,1.0,122,13.25,21.0,2.0,1,1.0,1.0,1.0,1.0,0.0,,5.75,98.25,19.0,3,2025,1.0
Avaniperur Keelmugam,2025-04-01,11.596685,77.848759,1.0,112,14.0,7.0,2.0,1,1.0,1.0,1.0,1.0,0.0,13.25,,5.75,27.25,4,2025,1.0
Avaniperur Keelmugam,2025-05-01,11.596685,77.848759,1.0,116,216.0,75.0,2.0,1,1.0,1.0,1.0,1.0,0.0,14.0,13.25,,243.25,5,2025,1.0
Avaniperur Keelmugam,2025-06-01,11.596685,77.848759,1.0,86,69.0,32.0,2.0,1,1.0,1.0,1.0,1.0,0.0,216.0,14.0,13.25,299.0,6,2025,1.0
Avaniperur Keelmugam,2025-09-01,11.596685,77.848759,1.0,1,59.75,37.0,2.0,1,1.0,1.0,1.0,1.0,0.0,69.0,216.0,14.0,344.75,9,2025,-4.919
Avaniperur Keelmugam,2025-11-01,11.596685,77.848759,-4.919,25,279.75,64.0,2.0,1,1.0,1.0,1.0,-0.9729999999999999,-5.919,59.75,69.0,216.0,408.5,11,2025,-5.204
Ayodhiyapattinam,2021-04-01,11.6731,78.2467,-15.885,121,,,,0,-17.454500000000003,-0.229,3.8890000000000002,-11.1895,1.5695000000000032,,,,,4,2021,-17.69
Ayodhiyapattinam,2021-05-01,11.6731,78.2467,-17.69,124,,,,0,-15.885,-17.454500000000003,-0.229,-17.009833333333336,-1.8050000000000015,,,,,5,2021,-16.993000000000002
Ayodhiyapattinam,2021-06-01,11.6731,78.2467,-16.993000000000002,120,,,,0,-17.69,-15.885,-17.454500000000003,-16.856,0.6969999999999992,,,,,6,2021,-11.997
Ayodhiyapattinam,2021-07-01,11.6731,78.2467,-11.997,114,,,,0,-16.993000000000002,-17.69,-15.885,-15.560000000000002,4.996000000000002,,,,,7,2021,-12.394
Ayodhiyapattinam,2021-08-01,11.6731,78.2467,-12.394,125,,,,0,-11.997,-16.993000000000002,-17.69,-13.794666666666666,-0.39700000000000024,,,,,8,2021,-11.759
Ayodhiyapattinam,2021-09-01,11.6731,78.2467,-11.759,107,3.5,1.0,1.0,1,-12.394,-11.997,-16.993000000000002,-12.049999999999999,0.6349999999999998,,,,3.5,9,2021,-9.845500000000001
Ayodhiyapattinam,2021-10-01,11.6731,78.2467,-9.845500000000001,124,24.0,8.0,1.0,1,-11.759,-12.394,-11.997,-11.332833333333333,1.913499999999999,3.5,,,27.5,10,2021,-5.085
Ayodhiyapattinam,2021-11-01,11.6731,78.2467,-5.085,120,152.0,111.0,2.0,1,-9.845500000000001,-11.759,-12.394,-8.896500000000001,4.760500000000001,24.0,3.5,,179.5,11,2021,-4.282
Ayodhiyapattinam,2021-12-01,11.6731,78.2467,-4.282,124,6.5,2.0,1.0,1,-5.085,-9.845500000000001,-11.759,-6.404166666666668,0.8029999999999999,152.0,24.0,3.5,182.5,12,2021,-4.8835
Ayodhiyapattinam,2022-01-01,11.6731,78.2467,-4.8835,124,0.5,1.0,1.0,1,-4.282,-5.085,-9.845500000000001,-4.750166666666666,-0.6014999999999997,6.5,152.0,24.0,159.0,1,2022,-5.5245
Ayodhiyapattinam,2022-02-01,11.6731,78.2467,-5.5245,112,,,,0,-4.8835,-4.282,-5.085,-4.896666666666666,-0.641,0.5,6.5,152.0,7.0,2,2022,-6.109500000000001
Ayodhiyapattinam,2022-03-01,11.6731,78.2467,-6.109500000000001,118,1900.25,14.0,2.0,1,-5.5245,-4.8835,-4.282,-5.5058333333333325,-0.5850000000000009,,0.5,6.5,1900.75,3,2022,-6.5215
Ayodhiyapattinam,2022-04-01,11.6731,78.2467,-6.5215,118,79.25,38.0,2.0,1,-6.109500000000001,-5.5245,-4.8835,-6.051833333333334,-0.41199999999999903,1900.25,,0.5,1979.5,4,2022,-6.343
Ayodhiyapattinam,2022-05-01,11.6731,78.2467,-6.343,31,24.0,2.0,1.0,1,-6.5215,-6.109500000000001,-5.5245,-6.324666666666666,0.17849999999999966,79.25,1900.25,,2003.5,5,2022,-6.373
Ayodhiyapattinam,2022-06-01,11.6731,78.2467,-6.373,120,82.0,35.0,2.0,1,-6.343,-6.5215,-6.109500000000001,-6.4125000000000005,-0.03000000000000025,24.0,79.25,1900.25,185.25,6,2022,-6.239
Ayodhiyapattinam,2022-07-01,11.6731,78.2467,-6.239,124,53.0,55.0,2.0,1,-6.373,-6.343,-6.5215,-6.318333333333334,0.13400000000000034,82.0,24.0,79.25,159.0,7,2022,-5.7635
Ayodhiyapattinam,2022-08-01,11.6731,78.2467,-5.7635,122,214.75,92.0,2.0,1,-6.239,-6.373,-6.343,-6.125166666666668,0.47550000000000026,53.0,82.0,24.0,349.75,8,2022,-5.077500000000001
Ayodhiyapattinam,2022-09-01,11.6731,78.2467,-5.077500000000001,120,15.25,26.0,2.0,1,-5.7635,-6.239,-6.373,-5.6933333333333325,0.685999999999999,214.75,53.0,82.0,283.0,9,2022,-4.9655000000000005
Ayodhiyapattinam,2022-10-01,11.6731,78.2467,-4.9655000000000005,118,126.5,64.0,2.0,1,-5.077500000000001,-5.7635,-6.239,-5.268833333333333,0.1120000000000001,15.25,214.75,53.0,356.5,10,2022,-4.529
Ayodhiyapattinam,2022-11-01,11.6731,78.2467,-4.529,119,101.25,71.0,2.0,1,-4.9655000000000005,-5.077500000000001,-5.7635,-4.857333333333334,0.43650000000000055,126.5,15.25,214.75,243.0,11,2022,-4.8260000000000005
Ayodhiyapattinam,2022-12-01,11.6731,78.2467,-4.8260000000000005,112,51.0,67.0,2.0,1,-4.529,-4.9655000000000005,-5.077500000000001,-4.7735,-0.2970000000000006,101.25,126.5,15.25,278.75,12,2022,-5.473
Ayodhiyapattinam,2023-01-01,11.6731,78.2467,-5.473,113,2.5,7.0,2.0,1,-4.8260000000000005,-4.529,-4.9655000000000005,-4.942666666666667,-0.6469999999999994,51.0,101.25,126.5,154.75,1,2023,-6.313
Ayodhiyapattinam,2023-02-01,11.6731,78.2467,-6.313,110,5.0,4.0,1.0,1,-5.473,-4.8260000000000005,-4.529,-5.537333333333334,-0.8399999999999999,2.5,51.0,101.25,58.5,2,2023,-7.058999999999999
Ayodhiyapattinam,2023-03-01,11.6731,78.2467,-7.058999999999999,116,48.75,17.0,2.0,1,-6.313,-5.473,-4.8260000000000005,-6.281666666666666,-0.7459999999999996,5.0,2.5,51.0,56.25,3,2023,-7.1885
Ayodhiyapattinam,2023-04-01,11.6731,78.2467,-7.1885,114,32.0,14.0,2.0,1,-7.058999999999999,-6.313,-5.473,-6.8535,-0.12950000000000106,48.75,5.0,2.5,85.75,4,2023,-7.09
Ayodhiyapattinam,2023-05-01,11.6731,78.2467,-7.09,123,95.75,64.0,2.0,1,-7.1885,-7.058999999999999,-6.313,-7.1125,0.09850000000000048,32.0,48.75,5.0,176.5,5,2023,-6.763999999999999
Ayodhiyapattinam,2023-06-01,11.6731,78.2467,-6.763999999999999,120,35.5,20.0,2.0,1,-7.09,-7.1885,-7.058999999999999,-7.014166666666667,0.3260000000000005,95.75,32.0,48.75,163.25,6,2023,-6.418
Ayodhiyapattinam,2023-07-01,11.6731,78.2467,-6.418,125,51.25,60.0,2.0,1,-6.763999999999999,-7.09,-7.1885,-6.7573333333333325,0.3459999999999992,35.5,95.75,32.0,182.5,7,2023,-6.7545
Ayodhiyapattinam,2023-08-01,11.6731,78.2467,-6.7545,124,96.5,37.0,2.0,1,-6.418,-6.763999999999999,-7.09,-6.645499999999999,-0.3365,51.25,35.5,95.75,183.25,8,2023,-4.9895
Ayodhiyapattinam,2023-09-01,11.6731,78.2467,-4.9895,118,262.5,90.0,2.0,1,-6.7545,-6.418,-6.763999999999999,-6.053999999999999,1.7650000000000006,96.5,51.25,35.5,410.25,9,2023,-4.508
Ayodhiyapattinam,2023-10-01,11.6731,78.2467,-4.508,106,121.5,59.0,2.0,1,-4.9895,-6.7545,-6.418,-5.417333333333333,0.4814999999999996,262.5,96.5,51.25,480.5,10,2023,-4.3975
Ayodhiyapattinam,2023-11-01,11.6731,78.2467,-4.3975,118,127.0,92.0,2.0,1,-4.508,-4.9895,-6.7545,-4.631666666666667,0.11050000000000004,121.5,262.5,96.5,511.0,11,2023,-4.6395
Ayodhiyapattinam,2023-12-01,11.6731,78.2467,-4.6395,122,4.5,9.0,2.0,1,-4.3975,-4.508,-4.9895,-4.515,-0.242,127.0,121.5,262.5,253.0,12,2023,-5.893
Ayodhiyapattinam,2024-01-01,11.6731,78.2467,-5.893,123,21.25,20.0,2.0,1,-4.6395,-4.3975,-4.508,-4.976666666666667,-1.2534999999999998,4.5,127.0,121.5,152.75,1,2024,-7.766
Ayodhiyapattinam,2024-02-01,11.6731,78.2467,-7.766,113,,,,0,-5.893,-4.6395,-4.3975,-6.0995,-1.8730000000000002,21.25,4.5,127.0,25.75,2,2024,-8.472
Ayodhiyapattinam,2024-03-01,11.6731,78.2467,-8.472,123,,,,0,-7.766,-5.893,-4.6395,-7.377,-0.7059999999999995,,21.25,4.5,21.25,3,2024,-8.849499999999999
Ayodhiyapattinam,2024-04-01,11.6731,78.2467,-8.849499999999999,118,6.0,2.0,1.0,1,-8.472,-7.766,-5.893,-8.362499999999999,-0.3774999999999995,,,21.25,6.0,4,2024,-7.9245
Ayodhiyapattinam,2024-05-01,11.6731,78.2467,-7.9245,122,192.0,72.0,2.0,1,-8.849499999999999,-8.472,-7.766,-8.415333333333333,0.9249999999999989,6.0,,,198.0,5,2024,-5.5794999999999995
Ayodhiyapattinam,2024-06-01,11.6731,78.2467,-5.5794999999999995,118,131.0,63.0,2.0,1,-7.9245,-8.849499999999999,-8.472,-7.451166666666666,2.3450000000000006,192.0,6.0,,329.0,6,2024,-5.4815000000000005
Ayodhiyapattinam,2024-07-01,11.6731,78.2467,-5.4815000000000005,118,68.25,55.0,2.0,1,-5.5794999999999995,-7.9245,-8.849499999999999,-6.328499999999999,0.09799999999999898,131.0,192.0,6.0,391.25,7,2024,-3.6574999999999998
Ayodhiyapattinam,2024-08-01,11.6731,78.2467,-3.6574999999999998,110,197.75,95.0,2.0,1,-5.4815000000000005,-5.5794999999999995,-7.9245,-4.906166666666667,1.8240000000000007,68.25,131.0,192.0,397.0,8,2024,-3.4859999999999998
Ayodhiyapattinam,2024-09-01,11.6731,78.2467,-3.4859999999999998,116,28.0,17.0,2.0,1,-3.6574999999999998,-5.4815000000000005,-5.5794999999999995,-4.208333333333333,0.17149999999999999,197.75,68.25,131.0,294.0,9,2024,-3.068
Ayodhiyapattinam,2024-10-01,11.6731,78.2467,-3.068,121,207.75,113.0,2.0,1,-3.4859999999999998,-3.6574999999999998,-5.4815000000000005,-3.4038333333333326,0.4179999999999997,28.0,197.75,68.25,433.5,10,2024,-2.966
Ayodhiyapattinam,2024-11-01,11.6731,78.2467,-2.966,111,43.25,50.0,2.0,1,-3.068,-3.4859999999999998,-3.6574999999999998,-3.1733333333333325,0.10199999999999987,207.75,28.0,197.75,279.0,11,2024,-3.0435
Ayodhiyapattinam,2024-12-01,11.6731,78.2467,-3.0435,12,98.25,86.0,2.0,1,-2.966,-3.068,-3.4859999999999998,-3.025833333333333,-0.07749999999999968,43.25,207.75,28.0,349.25,12,2024,-2.4859999999999998
Ayodhiyapattinam,2025-01-01,11.6731,78.2467,-2.4859999999999998,40,5.75,8.0,2.0,1,-3.0435,-2.966,-3.068,-2.8318333333333325,0.5575000000000001,98.25,43.25,207.75,147.25,1,2025,-3.254
Ayodhiyapattinam,2025-02-01,11.6731,78.2467,-3.254,112,,,,0,-2.4859999999999998,-3.0435,-2.966,-2.927833333333332,-0.7680000000000002,5.75,98.25,43.25,104.0,2,2025,-4.2989999999999995
Ayodhiyapattinam,2025-03-01,11.6731,78.2467,-4.2989999999999995,112,13.25,21.0,2.0,1,-3.254,-2.4859999999999998,-3.0435,-3.3463333333333325,-1.0449999999999995,,5.75,98.25,19.0,3,2025,-5.064500000000001
Ayodhiyapattinam,2025-04-01,11.6731,78.2467,-5.064500000000001,114,14.0,7.0,2.0,1,-4.2989999999999995,-3.254,-2.4859999999999998,-4.2058333333333335,-0.7655000000000012,13.25,,5.75,27.25,4,2025,-5.464
Ayodhiyapattinam,2025-05-01,11.6731,78.2467,-5.464,114,216.0,75.0,2.0,1,-5.064500000000001,-4.2989999999999995,-3.254,-4.942499999999999,-0.39949999999999974,14.0,13.25,,243.25,5,2025,-5.106
Ayodhiyapattinam,2025-06-01,11.6731,78.2467,-5.106,115,69.0,32.0,2.0,1,-5.464,-5.064500000000001,-4.2989999999999995,-5.2115,0.35800000000000054,216.0,14.0,13.25,299.0,6,2025,-4.939
Ayodhiyapattinam,2025-07-01,11.6731,78.2467,-4.939,103,16.25,15.0,2.0,1,-5.106,-5.464,-5.064500000000001,-5.169666666666667,0.16699999999999982,69.0,216.0,14.0,301.25,7,2025,-5.1129999999999995
Ayodhiyapattinam,2025-08-01,11.6731,78.2467,-5.1129999999999995,104,84.25,46.0,2.0,1,-4.939,-5.106,-5.464,-5.052666666666666,-0.1739999999999995,16.25,69.0,216.0,169.5,8,2025,-5.2875
Ayodhiyapattinam,2025-09-01,11.6731,78.2467,-5.2875,116,59.75,37.0,2.0,1,-5.1129999999999995,-4.939,-5.106,-5.1131666666666655,-0.1745000000000001,84.25,16.25,69.0,160.25,9,2025,-4.756
Ayodhiyapattinam,2025-10-01,11.6731,78.2467,-4.756,57,107.25,86.0,2.0,1,-5.2875,-5.1129999999999995,-4.939,-5.052166666666666,0.5314999999999994,59.75,84.25,16.25,251.25,10,2025,-4.707
Ayodhiyapattinam,2025-11-01,11.6731,78.2467,-4.707,102,279.75,64.0,2.0,1,-4.756,-5.2875,-5.1129999999999995,-4.916833333333333,0.04900000000000038,107.25,59.75,84.25,446.75,11,2025,-5.319
Egapuram,2021-04-01,11.6097,77.9614,-22.33,114,,,,0,-18.979,-6.6865000000000006,-7.4765,-15.998499999999998,-3.350999999999999,,,,,4,2021,-22.616
Egapuram,2021-05-01,11.6097,77.9614,-22.616,124,,,,0,-22.33,-18.979,-6.6865000000000006,-21.308333333333334,-0.28600000000000136,,,,,5,2021,-22.5875
Egapuram,2021-06-01,11.6097,77.9614,-22.5875,120,,,,0,-22.616,-22.33,-18.979,-22.511166666666668,0.02850000000000108,,,,,6,2021,-19.1355
Egapuram,2021-07-01,11.6097,77.9614,-19.1355,118,,,,0,-22.5875,-22.616,-22.33,-21.44633333333333,3.451999999999998,,,,,7,2021,-18.73
Egapuram,2021-08-01,11.6097,77.9614,-18.73,125,,,,0,-19.1355,-22.5875,-22.616,-20.151,0.40549999999999997,,,,,8,2021,-18.4085
Egapuram,2021-09-01,11.6097,77.9614,-18.4085,106,3.5,1.0,1.0,1,-18.73,-19.1355,-22.5875,-18.758,0.32150000000000034,,,,3.5,9,2021,-13.871500000000001
Egapuram,2021-10-01,11.6097,77.9614,-13.871500000000001,124,24.0,8.0,1.0,1,-18.4085,-18.73,-19.1355,-17.003333333333334,4.536999999999999,3.5,,,27.5,10,2021,-8.093
Egapuram,2021-11-01,11.6097,77.9614,-8.093,66,152.0,111.0,2.0,1,-13.871500000000001,-18.4085,-18.73,-13.457666666666668,5.778500000000001,24.0,3.5,,179.5,11,2021,-4.8895
Egapuram,2022-03-01,11.6097,77.9614,-4.8895,54,1900.25,14.0,2.0,1,-8.093,-13.871500000000001,-18.4085,-8.951333333333332,3.2035,152.0,24.0,3.5,2076.25,3,2022,-5.1155
Egapuram,2022-04-01,11.6097,77.9614,-5.1155,118,79.25,38.0,2.0,1,-4.8895,-8.093,-13.871500000000001,-6.032666666666667,-0.22599999999999998,1900.25,152.0,24.0,2131.5,4,2022,-3.7245
Egapuram,2022-05-01,11.6097,77.9614,-3.7245,32,24.0,2.0,1.0,1,-5.1155,-4.8895,-8.093,-4.5765,1.391,79.25,1900.25,152.0,2003.5,5,2022,-3.9225000000000003
Egapuram,2022-06-01,11.6097,77.9614,-3.9225000000000003,120,82.0,35.0,2.0,1,-3.7245,-5.1155,-4.8895,-4.254166666666666,-0.1980000000000004,24.0,79.25,1900.25,185.25,6,2022,-4.4505
Egapuram,2022-07-01,11.6097,77.9614,-4.4505,124,53.0,55.0,2.0,1,-3.9225000000000003,-3.7245,-5.1155,-4.0325,-0.5279999999999996,82.0,24.0,79.25,159.0,7,2022,-3.2205000000000004
Egapuram,2022-08-01,11.6097,77.9614,-3.2205000000000004,110,214.75,92.0,2.0,1,-4.4505,-3.9225000000000003,-3.7245,-3.864500000000001,1.2299999999999995,53.0,82.0,24.0,349.75,8,2022,-1.3439999999999999
Egapuram,2022-09-01,11.6097,77.9614,-1.3439999999999999,54,15.25,26.0,2.0,1,-3.2205000000000004,-4.4505,-3.9225000000000003,-3.0050000000000003,1.8765000000000005,214.75,53.0,82.0,283.0,9,2022,-1.251
Egapuram,2022-10-01,11.6097,77.9614,-1.251,48,126.5,64.0,2.0,1,-1.3439999999999999,-3.2205000000000004,-4.4505,-1.9385000000000001,0.09299999999999997,15.25,214.75,53.0,356.5,10,2022,-0.2435
Egapuram,2022-11-01,11.6097,77.9614,-0.2435,120,101.25,71.0,2.0,1,-1.251,-1.3439999999999999,-3.2205000000000004,-0.9461666666666666,1.0074999999999998,126.5,15.25,214.75,243.0,11,2022,-0.263
Egapuram,2022-12-01,11.6097,77.9614,-0.263,124,51.0,67.0,2.0,1,-0.2435,-1.251,-1.3439999999999999,-0.5858333333333333,-0.019500000000000017,101.25,126.5,15.25,278.75,12,2022,-0.3905
Egapuram,2023-01-01,11.6097,77.9614,-0.3905,124,2.5,7.0,2.0,1,-0.263,-0.2435,-1.251,-0.299,-0.1275,51.0,101.25,126.5,154.75,1,2023,-0.5954999999999999
Egapuram,2023-02-01,11.6097,77.9614,-0.5954999999999999,112,5.0,4.0,1.0,1,-0.3905,-0.263,-0.2435,-0.4163333333333333,-0.2049999999999999,2.5,51.0,101.25,58.5,2,2023,-0.918
Egapuram,2023-03-01,11.6097,77.9614,-0.918,124,48.75,17.0,2.0,1,-0.5954999999999999,-0.3905,-0.263,-0.6346666666666666,-0.3225000000000001,5.0,2.5,51.0,56.25,3,2023,-1.1789999999999998
Egapuram,2023-04-01,11.6097,77.9614,-1.1789999999999998,120,32.0,14.0,2.0,1,-0.918,-0.5954999999999999,-0.3905,-0.8975,-0.2609999999999998,48.75,5.0,2.5,85.75,4,2023,-1.3695
Egapuram,2023-05-01,11.6097,77.9614,-1.3695,124,95.75,64.0,2.0,1,-1.1789999999999998,-0.918,-0.5954999999999999,-1.1555,-0.1905000000000001,32.0,48.75,5.0,176.5,5,2023,-1.5335
Egapuram,2023-06-01,11.6097,77.9614,-1.5335,120,35.5,20.0,2.0,1,-1.3695,-1.1789999999999998,-0.918,-1.3606666666666667,-0.16400000000000015,95.75,32.0,48.75,163.25,6,2023,-1.904
Egapuram,2023-07-01,11.6097,77.9614,-1.904,124,51.25,60.0,2.0,1,-1.5335,-1.3695,-1.1789999999999998,-1.6023333333333332,-0.37049999999999983,35.5,95.75,32.0,182.5,7,2023,-2.2889999999999997
Egapuram,2023-08-01,11.6097,77.9614,-2.2889999999999997,124,96.5,37.0,2.0,1,-1.904,-1.5335,-1.3695,-1.9088333333333332,-0.3849999999999998,51.25,35.5,95.75,183.25,8,2023,-2.0205
Egapuram,2023-09-01,11.6097,77.9614,-2.0205,120,262.5,90.0,2.0,1,-2.2889999999999997,-1.904,-1.5335,-2.0711666666666666,0.2684999999999995,96.5,51.25,35.5,410.25,9,2023,-1.5925
Egapuram,2023-10-01,11.6097,77.9614,-1.5925,106,121.5,59.0,2.0,1,-2.0205,-2.2889999999999997,-1.904,-1.9673333333333332,0.42800000000000016,262.5,96.5,51.25,480.5,10,2023,-1.3864999999999998
Egapuram,2023-11-01,11.6097,77.9614,-1.3864999999999998,120,127.0,92.0,2.0,1,-1.5925,-2.0205,-2.2889999999999997,-1.6664999999999999,0.20600000000000018,121.5,262.5,96.5,511.0,11,2023,-1.548
Egapuram,2023-12-01,11.6097,77.9614,-1.548,122,4.5,9.0,2.0,1,-1.3864999999999998,-1.5925,-2.0205,-1.5089999999999997,-0.1615000000000002,127.0,121.5,262.5,253.0,12,2023,-2.5025000000000004
Egapuram,2024-01-01,11.6097,77.9614,-2.5025000000000004,124,21.25,20.0,2.0,1,-1.548,-1.3864999999999998,-1.5925,-1.8123333333333331,-0.9545000000000003,4.5,127.0,121.5,152.75,1,2024,-3.596
Egapuram,2024-02-01,11.6097,77.9614,-3.596,113,,,,0,-2.5025000000000004,-1.548,-1.3864999999999998,-2.548833333333333,-1.0934999999999997,21.25,4.5,127.0,25.75,2,2024,-5.202
Egapuram,2024-03-01,11.6097,77.9614,-5.202,123,,,,0,-3.596,-2.5025000000000004,-1.548,-3.766833333333333,-1.6059999999999999,,21.25,4.5,21.25,3,2024,-7.324
Egapuram,2024-04-01,11.6097,77.9614,-7.324,120,6.0,2.0,1.0,1,-5.202,-3.596,-2.5025000000000004,-5.374,-2.122,,,21.25,6.0,4,2024,-8.372
Egapuram,2024-05-01,11.6097,77.9614,-8.372,123,192.0,72.0,2.0,1,-7.324,-5.202,-3.596,-6.965999999999998,-1.048,6.0,,,198.0,5,2024,-6.7595
Egapuram,2024-06-01,11.6097,77.9614,-6.7595,120,131.0,63.0,2.0,1,-8.372,-7.324,-5.202,-7.485166666666667,1.6124999999999998,192.0,6.0,,329.0,6,2024,-6.6415
Egapuram,2024-07-01,11.6097,77.9614,-6.6415,120,68.25,55.0,2.0,1,-6.7595,-8.372,-7.324,-7.257666666666665,0.11800000000000033,131.0,192.0,6.0,391.25,7,2024,-4.8469999999999995
Egapuram,2024-08-01,11.6097,77.9614,-4.8469999999999995,92,197.75,95.0,2.0,1,-6.6415,-6.7595,-8.372,-6.0826666666666656,1.7945000000000002,68.25,131.0,192.0,397.0,8,2024,-3.368
Egapuram,2024-09-01,11.6097,77.9614,-3.368,118,28.0,17.0,2.0,1,-4.8469999999999995,-6.6415,-6.7595,-4.952166666666666,1.4789999999999996,197.75,68.25,131.0,294.0,9,2024,-2.866
Egapuram,2024-10-01,11.6097,77.9614,-2.866,124,207.75,113.0,2.0,1,-3.368,-4.8469999999999995,-6.6415,-3.6936666666666658,0.5019999999999998,28.0,197.75,68.25,433.5,10,2024,-2.0035
Egapuram,2024-11-01,11.6097,77.9614,-2.0035,110,43.25,50.0,2.0,1,-2.866,-3.368,-4.8469999999999995,-2.7458333333333322,0.8625000000000003,207.75,28.0,197.75,279.0,11,2024,-0.7755000000000001
Egapuram,2024-12-01,11.6097,77.9614,-0.7755000000000001,118,98.25,86.0,2.0,1,-2.0035,-2.866,-3.368,-1.881666666666666,1.2279999999999998,43.25,207.75,28.0,349.25,12,2024,-0.6615
Egapuram,2025-01-01,11.6097,77.9614,-0.6615,118,5.75,8.0,2.0,1,-0.7755000000000001,-2.0035,-2.866,-1.1468333333333327,0.1140000000000001,98.25,43.25,207.75,147.25,1,2025,-0.984
Egapuram,2025-02-01,11.6097,77.9614,-0.984,112,,,,0,-0.6615,-0.7755000000000001,-2.0035,-0.8069999999999995,-0.3225,5.75,98.25,43.25,104.0,2,2025,-1.5145
Egapuram,2025-03-01,11.6097,77.9614,-1.5145,114,13.25,21.0,2.0,1,-0.984,-0.6615,-0.7755000000000001,-1.0533333333333328,-0.5305,,5.75,98.25,19.0,3,2025,-1.957
Egapuram,2025-04-01,11.6097,77.9614,-1.957,116,14.0,7.0,2.0,1,-1.5145,-0.984,-0.6615,-1.485166666666666,-0.4425000000000001,13.25,,5.75,27.25,4,2025,-2.2075
Egapuram,2025-05-01,11.6097,77.9614,-2.2075,114,216.0,75.0,2.0,1,-1.957,-1.5145,-0.984,-1.8929999999999996,-0.25049999999999994,14.0,13.25,,243.25,5,2025,-1.742
Egapuram,2025-06-01,11.6097,77.9614,-1.742,116,69.0,32.0,2.0,1,-2.2075,-1.957,-1.5145,-1.9688333333333325,0.4655,216.0,14.0,13.25,299.0,6,2025,-2.12
Egapuram,2025-07-01,11.6097,77.9614,-2.12,103,16.25,15.0,2.0,1,-1.742,-2.2075,-1.957,-2.023166666666666,-0.3780000000000001,69.0,216.0,14.0,301.25,7,2025,-1.472
Egapuram,2025-08-01,11.6097,77.9614,-1.472,101,84.25,46.0,2.0,1,-2.12,-1.742,-2.2075,-1.7779999999999994,0.6480000000000001,16.25,69.0,216.0,169.5,8,2025,-1.714
Egapuram,2025-09-01,11.6097,77.9614,-1.714,114,59.75,37.0,2.0,1,-1.472,-2.12,-1.742,-1.7686666666666662,-0.242,84.25,16.25,69.0,160.25,9,2025,-0.728
Egapuram,2025-10-01,11.6097,77.9614,-0.728,57,107.25,86.0,2.0,1,-1.714,-1.472,-2.12,-1.304666666666666,0.986,59.75,84.25,16.25,251.25,10,2025,-0.887
Egapuram,2025-11-01,11.6097,77.9614,-0.887,99,279.75,64.0,2.0,1,-0.728,-1.714,-1.472,-1.109666666666666,-0.15900000000000003,107.25,59.75,84.25,446.75,11,2025,-0.9895
Erumaipatti_1,2023-01-01,11.4719,77.8703,-0.754,118,2.5,7.0,2.0,1,-0.639,-0.613,-0.636,-0.6686666666666666,-0.11499999999999999,51.0,101.25,126.5,154.75,1,2023,-1.022
Erumaipatti_1,2023-02-01,11.4719,77.8703,-1.022,107,5.0,4.0,1.0,1,-0.754,-0.639,-0.613,-0.805,-0.268,2.5,51.0,101.25,58.5,2,2023,-1.19
Erumaipatti_1,2023-03-01,11.4719,77.8703,-1.19,113,48.75,17.0,2.0,1,-1.022,-0.754,-0.639,-0.9886666666666667,-0.16799999999999993,5.0,2.5,51.0,56.25,3,2023,-1.25
Erumaipatti_1,2023-04-01,11.4719,77.8703,-1.25,116,32.0,14.0,2.0,1,-1.19,-1.022,-0.754,-1.1540000000000001,-0.06000000000000005,48.75,5.0,2.5,85.75,4,2023,-1.142
Erumaipatti_1,2023-05-01,11.4719,77.8703,-1.142,112,95.75,64.0,2.0,1,-1.25,-1.19,-1.022,-1.194,0.1080000000000001,32.0,48.75,5.0,176.5,5,2023,-1.221
Erumaipatti_1,2023-06-01,11.4719,77.8703,-1.221,118,35.5,20.0,2.0,1,-1.142,-1.25,-1.19,-1.2043333333333333,-0.07900000000000018,95.75,32.0,48.75,163.25,6,2023,-1.3545
Erumaipatti_1,2023-07-01,11.4719,77.8703,-1.3545,124,51.25,60.0,2.0,1,-1.221,-1.142,-1.25,-1.2391666666666667,-0.13349999999999995,35.5,95.75,32.0,182.5,7,2023,-1.458
Erumaipatti_1,2023-08-01,11.4719,77.8703,-1.458,122,96.5,37.0,2.0,1,-1.3545,-1.221,-1.142,-1.3445,-0.10349999999999993,51.25,35.5,95.75,183.25,8,2023,-0.67
Erumaipatti_1,2023-09-01,11.4719,77.8703,-0.67,118,262.5,90.0,2.0,1,-1.458,-1.3545,-1.221,-1.1608333333333334,0.7879999999999999,96.5,51.25,35.5,410.25,9,2023,-1.008
Erumaipatti_1,2023-10-01,11.4719,77.8703,-1.008,112,121.5,59.0,2.0,1,-0.67,-1.458,-1.3545,-1.0453333333333334,-0.33799999999999997,262.5,96.5,51.25,480.5,10,2023,-0.803
Erumaipatti_1,2023-11-01,11.4719,77.8703,-0.803,120,127.0,92.0,2.0,1,-1.008,-0.67,-1.458,-0.827,0.20499999999999996,121.5,262.5,96.5,511.0,11,2023,-0.975
Erumaipatti_1,2023-12-01,11.4719,77.8703,-0.975,122,4.5,9.0,2.0,1,-0.803,-1.008,-0.67,-0.9286666666666666,-0.17199999999999993,127.0,121.5,262.5,253.0,12,2023,-1.048
Erumaipatti_1,2024-01-01,11.4719,77.8703,-1.048,124,21.25,20.0,2.0,1,-0.975,-0.803,-1.008,-0.9420000000000001,-0.07300000000000006,4.5,127.0,121.5,152.75,1,2024,-1.2885
Erumaipatti_1,2024-02-01,11.4719,77.8703,-1.2885,114,,,,0,-1.048,-0.975,-0.803,-1.1038333333333334,-0.24049999999999994,21.25,4.5,127.0,25.75,2,2024,-1.6949999999999998
Erumaipatti_1,2024-03-01,11.4719,77.8703,-1.6949999999999998,122,,,,0,-1.2885,-1.048,-0.975,-1.3438333333333332,-0.40649999999999986,,21.25,4.5,21.25,3,2024,-1.861
Erumaipatti_1,2024-04-01,11.4719,77.8703,-1.861,120,6.0,2.0,1.0,1,-1.6949999999999998,-1.2885,-1.048,-1.6148333333333333,-0.16600000000000015,,,21.25,6.0,4,2024,-2.0075
Erumaipatti_1,2024-05-01,11.4719,77.8703,-2.0075,122,192.0,72.0,2.0,1,-1.861,-1.6949999999999998,-1.2885,-1.8544999999999998,-0.14649999999999985,6.0,,,198.0,5,2024,-1.014
Erumaipatti_1,2024-06-01,11.4719,77.8703,-1.014,120,131.0,63.0,2.0,1,-2.0075,-1.861,-1.6949999999999998,-1.6274999999999997,0.9934999999999998,192.0,6.0,,329.0,6,2024,-0.9764999999999999
Erumaipatti_1,2024-07-01,11.4719,77.8703,-0.9764999999999999,116,68.25,55.0,2.0,1,-1.014,-2.0075,-1.861,-1.3326666666666667,0.03750000000000009,131.0,192.0,6.0,391.25,7,2024,-0.798
Erumaipatti_1,2024-08-01,11.4719,77.8703,-0.798,84,197.75,95.0,2.0,1,-0.9764999999999999,-1.014,-2.0075,-0.9294999999999999,0.17849999999999988,68.25,131.0,192.0,397.0,8,2024,-0.937
Erumaipatti_1,2024-09-01,11.4719,77.8703,-0.937,111,28.0,17.0,2.0,1,-0.798,-0.9764999999999999,-1.014,-0.9038333333333332,-0.139,197.75,68.25,131.0,294.0,9,2024,-0.788
Erumaipatti_1,2024-10-01,11.4719,77.8703,-0.788,124,207.75,113.0,2.0,1,-0.937,-0.798,-0.9764999999999999,-0.8409999999999999,0.14900000000000002,28.0,197.75,68.25,433.5,10,2024,-0.7415
Erumaipatti_1,2024-11-01,11.4719,77.8703,-0.7415,116,43.25,50.0,2.0,1,-0.788,-0.937,-0.798,-0.8221666666666666,0.046499999999999986,207.75,28.0,197.75,279.0,11,2024,-0.515
Erumaipatti_1,2024-12-01,11.4719,77.8703,-0.515,120,98.25,86.0,2.0,1,-0.7415,-0.788,-0.937,-0.6814999999999999,0.22650000000000003,43.25,207.75,28.0,349.25,12,2024,-0.567
Erumaipatti_1,2025-01-01,11.4719,77.8703,-0.567,108,5.75,8.0,2.0,1,-0.515,-0.7415,-0.788,-0.6078333333333332,-0.051999999999999935,98.25,43.25,207.75,147.25,1,2025,-0.8354999999999999
Erumaipatti_1,2025-02-01,11.4719,77.8703,-0.8354999999999999,112,,,,0,-0.567,-0.515,-0.7415,-0.6391666666666665,-0.26849999999999996,5.75,98.25,43.25,104.0,2,2025,-1.0805
Erumaipatti_1,2025-03-01,11.4719,77.8703,-1.0805,116,13.25,21.0,2.0,1,-0.8354999999999999,-0.567,-0.515,-0.8276666666666664,-0.2450000000000001,,5.75,98.25,19.0,3,2025,-1.07
Erumaipatti_1,2025-04-01,11.4719,77.8703,-1.07,116,14.0,7.0,2.0,1,-1.0805,-0.8354999999999999,-0.567,-0.9953333333333333,0.010499999999999954,13.25,,5.75,27.25,4,2025,-1.125
Erumaipatti_1,2025-05-01,11.4719,77.8703,-1.125,120,216.0,75.0,2.0,1,-1.07,-1.0805,-0.8354999999999999,-1.091833333333333,-0.05499999999999994,14.0,13.25,,243.25,5,2025,-1.0165
Erumaipatti_1,2025-06-01,11.4719,77.8703,-1.0165,118,69.0,32.0,2.0,1,-1.125,-1.07,-1.0805,-1.0704999999999998,0.10850000000000004,216.0,14.0,13.25,299.0,6,2025,-1.196
Erumaipatti_1,2025-07-01,11.4719,77.8703,-1.196,101,16.25,15.0,2.0,1,-1.0165,-1.125,-1.07,-1.1124999999999998,-0.1795,69.0,216.0,14.0,301.25,7,2025,-0.97
Erumaipatti_1,2025-08-01,11.4719,77.8703,-0.97,99,84.25,46.0,2.0,1,-1.196,-1.0165,-1.125,-1.0608333333333333,0.22599999999999998,16.25,69.0,216.0,169.5,8,2025,-0.699
Erumaipatti_1,2025-09-01,11.4719,77.8703,-0.699,114,59.75,37.0,2.0,1,-0.97,-1.196,-1.0165,-0.9549999999999997,0.271,84.25,16.25,69.0,160.25,9,2025,-0.442
Erumaipatti_1,2025-10-01,11.4719,77.8703,-0.442,57,107.25,86.0,2.0,1,-0.699,-0.97,-1.196,-0.7036666666666664,0.25699999999999995,59.75,84.25,16.25,251.25,10,2025,-0.577
Erumaipatti_1,2025-11-01,11.4719,77.8703,-0.577,101,279.75,64.0,2.0,1,-0.442,-0.699,-0.97,-0.5726666666666665,-0.13499999999999995,107.25,59.75,84.25,446.75,11,2025,-0.691
Erumaipatti_2,2024-06-01,11.568302,77.916932,-6.68,120,131.0,63.0,2.0,1,-9.940000000000001,-8.69,-8.155000000000001,-8.436666666666667,3.2600000000000016,192.0,6.0,,329.0,6,2024,-6.89
Erumaipatti_2,2024-07-01,11.568302,77.916932,-6.89,120,68.25,55.0,2.0,1,-6.68,-9.940000000000001,-8.69,-7.836666666666667,-0.20999999999999996,131.0,192.0,6.0,391.25,7,2024,-4.654999999999999
Erumaipatti_2,2024-08-01,11.568302,77.916932,-4.654999999999999,112,197.75,95.0,2.0,1,-6.89,-6.68,-9.940000000000001,-6.074999999999999,2.2350000000000003,68.25,131.0,192.0,397.0,8,2024,-4.36
Erumaipatti_2,2024-09-01,11.568302,77.916932,-4.36,116,28.0,17.0,2.0,1,-4.654999999999999,-6.89,-6.68,-5.301666666666667,0.29499999999999904,197.75,68.25,131.0,294.0,9,2024,-3.95
Erumaipatti_2,2024-10-01,11.568302,77.916932,-3.95,121,207.75,113.0,2.0,1,-4.36,-4.654999999999999,-6.89,-4.321666666666666,0.41000000000000014,28.0,197.75,68.25,433.5,10,2024,-4.07
Erumaipatti_2,2024-11-01,11.568302,77.916932,-4.07,107,43.25,50.0,2.0,1,-3.95,-4.36,-4.654999999999999,-4.126666666666666,-0.1200000000000001,207.75,28.0,197.75,279.0,11,2024,-3.13
Erumaipatti_2,2024-12-01,11.568302,77.916932,-3.13,112,98.25,86.0,2.0,1,-4.07,-3.95,-4.36,-3.716666666666667,0.9400000000000004,43.25,207.75,28.0,349.25,12,2024,-3.55
Erumaipatti_2,2025-01-01,11.568302,77.916932,-3.55,124,5.75,8.0,2.0,1,-3.13,-4.07,-3.95,-3.5833333333333335,-0.41999999999999993,98.25,43.25,207.75,147.25,1,2025,-4.15
Erumaipatti_2,2025-02-01,11.568302,77.916932,-4.15,53,,,,0,-3.55,-3.13,-4.07,-3.61,-0.6000000000000005,5.75,98.25,43.25,104.0,2,2025,-5.455
Erumaipatti_2,2025-03-01,11.568302,77.916932,-5.455,120,13.25,21.0,2.0,1,-4.15,-3.55,-3.13,-4.385000000000001,-1.3049999999999997,,5.75,98.25,19.0,3,2025,-6.04
Erumaipatti_2,2025-04-01,11.568302,77.916932,-6.04,108,14.0,7.0,2.0,1,-5.455,-4.15,-3.55,-5.215,-0.585,13.25,,5.75,27.25,4,2025,-6.92
Erumaipatti_2,2025-05-01,11.568302,77.916932,-6.92,109,216.0,75.0,2.0,1,-6.04,-5.455,-4.15,-6.138333333333333,-0.8799999999999999,14.0,13.25,,243.25,5,2025,-6.855
Erumaipatti_2,2025-06-01,11.568302,77.916932,-6.855,86,69.0,32.0,2.0,1,-6.92,-6.04,-5.455,-6.6049999999999995,0.0649999999999995,216.0,14.0,13.25,299.0,6,2025,-6.9350000000000005
Erumaipatti_2,2025-07-01,11.568302,77.916932,-6.9350000000000005,36,16.25,15.0,2.0,1,-6.855,-6.92,-6.04,-6.903333333333333,-0.08000000000000007,69.0,216.0,14.0,301.25,7,2025,-6.895
Erumaipatti_2,2025-08-01,11.568302,77.916932,-6.895,92,84.25,46.0,2.0,1,-6.9350000000000005,-6.855,-6.92,-6.8950000000000005,0.040000000000000924,16.25,69.0,216.0,169.5,8,2025,-7.1
Erumaipatti_2,2025-09-01,11.568302,77.916932,-7.1,113,59.75,37.0,2.0,1,-6.895,-6.9350000000000005,-6.855,-6.976666666666667,-0.20500000000000007,84.25,16.25,69.0,160.25,9,2025,-7.14
Gundakkal,2024-06-01,11.901991,78.053246,-5.61,45,131.0,63.0,2.0,1,-5.99,-5.0600000000000005,-4.34,-5.553333333333334,0.3799999999999999,192.0,6.0,,329.0,6,2024,-5.8675
Gundakkal,2025-02-01,11.901991,78.053246,-5.8675,52,,,,0,-5.61,-5.99,-5.0600000000000005,-5.822500000000001,-0.2574999999999994,131.0,192.0,6.0,323.0,2,2025,-5.865
Gundakkal,2025-03-01,11.901991,78.053246,-5.865,36,13.25,21.0,2.0,1,-5.8675,-5.61,-5.99,-5.780833333333334,0.0024999999999995026,,131.0,192.0,144.25,3,2025,-5.858499999999999
Gundakkal,2025-04-01,11.901991,78.053246,-5.858499999999999,76,14.0,7.0,2.0,1,-5.865,-5.8675,-5.61,-5.863666666666667,0.0065000000000008384,13.25,,131.0,27.25,4,2025,-5.8705
Gundakkal,2025-05-01,11.901991,78.053246,-5.8705,108,216.0,75.0,2.0,1,-5.858499999999999,-5.865,-5.8675,-5.864666666666667,-0.012000000000000455,14.0,13.25,,243.25,5,2025,-5.85
Gundakkal,2025-06-01,11.901991,78.053246,-5.85,24,69.0,32.0,2.0,1,-5.8705,-5.858499999999999,-5.865,-5.859666666666666,0.020500000000000185,216.0,14.0,13.25,299.0,6,2025,1.0
Gundakkal,2025-09-01,11.901991,78.053246,1.0,4,59.75,37.0,2.0,1,-5.85,-5.8705,-5.858499999999999,-3.5734999999999992,6.85,69.0,216.0,14.0,344.75,9,2025,1.0
Gundakkal,2025-11-01,11.901991,78.053246,1.0,25,279.75,64.0,2.0,1,1.0,-5.85,-5.8705,-1.2833333333333332,0.0,59.75,69.0,216.0,408.5,11,2025,1.0
Hasthampati,2024-03-01,11.674589,78.156237,-6.1,124,,,,0,-5.5,-4.8100000000000005,-4.26,-5.47,-0.5999999999999996,,21.25,4.5,21.25,3,2024,-6.57
Hasthampati,2024-04-01,11.674589,78.156237,-6.57,120,6.0,2.0,1.0,1,-6.1,-5.5,-4.8100000000000005,-6.0566666666666675,-0.47000000000000064,,,21.25,6.0,4,2024,-6.71
Hasthampati,2024-05-01,11.674589,78.156237,-6.71,124,192.0,72.0,2.0,1,-6.57,-6.1,-5.5,-6.46,-0.13999999999999968,6.0,,,198.0,5,2024,-4.61
Hasthampati,2024-06-01,11.674589,78.156237,-4.61,120,131.0,63.0,2.0,1,-6.71,-6.57,-6.1,-5.963333333333334,2.0999999999999996,192.0,6.0,,329.0,6,2024,-5.02
Hasthampati,2024-07-01,11.674589,78.156237,-5.02,124,68.25,55.0,2.0,1,-4.61,-6.71,-6.57,-5.446666666666666,-0.40999999999999925,131.0,192.0,6.0,391.25,7,2024,-3.95
Hasthampati,2024-08-01,11.674589,78.156237,-3.95,108,197.75,95.0,2.0,1,-5.02,-4.61,-6.71,-4.526666666666666,1.0699999999999994,68.25,131.0,192.0,397.0,8,2024,-4.15
Hasthampati,2024-09-01,11.674589,78.156237,-4.15,120,28.0,17.0,2.0,1,-3.95,-5.02,-4.61,-4.373333333333334,-0.20000000000000018,197.75,68.25,131.0,294.0,9,2024,-2.37
Hasthampati,2024-10-01,11.674589,78.156237,-2.37,124,207.75,113.0,2.0,1,-4.15,-3.95,-5.02,-3.49,1.7800000000000002,28.0,197.75,68.25,433.5,10,2024,-2.535
Hasthampati,2024-11-01,11.674589,78.156237,-2.535,116,43.25,50.0,2.0,1,-2.37,-4.15,-3.95,-3.018333333333333,-0.16500000000000004,207.75,28.0,197.75,279.0,11,2024,-1.64
Hasthampati,2024-12-01,11.674589,78.156237,-1.64,116,98.25,86.0,2.0,1,-2.535,-2.37,-4.15,-2.1816666666666666,0.8950000000000002,43.25,207.75,28.0,349.25,12,2024,-2.49
Hasthampati,2025-01-01,11.674589,78.156237,-2.49,29,5.75,8.0,2.0,1,-1.64,-2.535,-2.37,-2.2216666666666667,-0.8500000000000003,98.25,43.25,207.75,147.25,1,2025,-2.7465
Hasthampati,2025-02-01,11.674589,78.156237,-2.7465,64,,,,0,-2.49,-1.64,-2.535,-2.2921666666666667,-0.25649999999999995,5.75,98.25,43.25,104.0,2,2025,-2.7525
Hasthampati,2025-03-01,11.674589,78.156237,-2.7525,36,13.25,21.0,2.0,1,-2.7465,-2.49,-1.64,-2.6630000000000003,-0.005999999999999783,,5.75,98.25,19.0,3,2025,-2.753
Hasthampati,2025-04-01,11.674589,78.156237,-2.753,80,14.0,7.0,2.0,1,-2.7525,-2.7465,-2.49,-2.750666666666667,-0.000500000000000167,13.25,,5.75,27.25,4,2025,-2.75
Hasthampati,2025-05-01,11.674589,78.156237,-2.75,104,216.0,75.0,2.0,1,-2.753,-2.7525,-2.7465,-2.7518333333333334,0.0030000000000001137,14.0,13.25,,243.25,5,2025,-2.7655000000000003
Hasthampati,2025-06-01,11.674589,78.156237,-2.7655000000000003,24,69.0,32.0,2.0,1,-2.75,-2.753,-2.7525,-2.756166666666667,-0.015500000000000291,216.0,14.0,13.25,299.0,6,2025,-5.409
Hasthampati,2025-09-01,11.674589,78.156237,-5.409,7,59.75,37.0,2.0,1,-2.7655000000000003,-2.75,-2.753,-3.6415,-2.6434999999999995,69.0,216.0,14.0,344.75,9,2025,-5.435
Hasthampati,2025-10-01,11.674589,78.156237,-5.435,21,107.25,86.0,2.0,1,-5.409,-2.7655000000000003,-2.75,-4.5365,-0.0259999999999998,59.75,69.0,216.0,236.0,10,2025,-5.252
Hasthampati,2025-11-01,11.674589,78.156237,-5.252,29,279.75,64.0,2.0,1,-5.435,-5.409,-2.7655000000000003,-5.365333333333332,0.18299999999999983,107.25,59.75,69.0,446.75,11,2025,-5.5075
Hasthampatti,2021-05-01,11.6867,78.1664,-6.8055,124,,,,0,-6.503,-6.016,-5.7855,-6.4415000000000004,-0.3025000000000002,,,,,5,2021,-6.202500000000001
Hasthampatti,2021-06-01,11.6867,78.1664,-6.202500000000001,120,,,,0,-6.8055,-6.503,-6.016,-6.503666666666667,0.6029999999999998,,,,,6,2021,-4.6579999999999995
Hasthampatti,2021-07-01,11.6867,78.1664,-4.6579999999999995,124,,,,0,-6.202500000000001,-6.8055,-6.503,-5.8886666666666665,1.544500000000001,,,,,7,2021,-4.543
Hasthampatti,2021-08-01,11.6867,78.1664,-4.543,124,,,,0,-4.6579999999999995,-6.202500000000001,-6.8055,-5.1345,0.11499999999999932,,,,,8,2021,-3.871
Hasthampatti,2021-09-01,11.6867,78.1664,-3.871,97,3.5,1.0,1.0,1,-4.543,-4.6579999999999995,-6.202500000000001,-4.357333333333334,0.6720000000000002,,,,3.5,9,2021,-3.236
Hasthampatti,2021-10-01,11.6867,78.1664,-3.236,73,24.0,8.0,1.0,1,-3.871,-4.543,-4.6579999999999995,-3.883333333333334,0.6349999999999998,3.5,,,27.5,10,2021,-1.7155
Hasthampatti,2021-11-01,11.6867,78.1664,-1.7155,64,152.0,111.0,2.0,1,-3.236,-3.871,-4.543,-2.9408333333333334,1.5205000000000002,24.0,3.5,,179.5,11,2021,-1.741
Hasthampatti,2021-12-01,11.6867,78.1664,-1.741,124,6.5,2.0,1.0,1,-1.7155,-3.236,-3.871,-2.2308333333333334,-0.025500000000000078,152.0,24.0,3.5,182.5,12,2021,-2.5825
Hasthampatti,2022-01-01,11.6867,78.1664,-2.5825,124,0.5,1.0,1.0,1,-1.741,-1.7155,-3.236,-2.013,-0.8414999999999999,6.5,152.0,24.0,159.0,1,2022,-3.6605
Hasthampatti,2022-02-01,11.6867,78.1664,-3.6605,112,,,,0,-2.5825,-1.741,-1.7155,-2.6613333333333333,-1.0779999999999998,0.5,6.5,152.0,7.0,2,2022,-4.74
Hasthampatti,2022-03-01,11.6867,78.1664,-4.74,124,1900.25,14.0,2.0,1,-3.6605,-2.5825,-1.741,-3.661,-1.0795000000000003,,0.5,6.5,1900.75,3,2022,-5.297
Hasthampatti,2022-04-01,11.6867,78.1664,-5.297,111,79.25,38.0,2.0,1,-4.74,-3.6605,-2.5825,-4.565833333333334,-0.5569999999999995,1900.25,,0.5,1979.5,4,2022,-4.184
Hasthampatti,2022-05-01,11.6867,78.1664,-4.184,27,24.0,2.0,1.0,1,-5.297,-4.74,-3.6605,-4.740333333333333,1.1129999999999995,79.25,1900.25,,2003.5,5,2022,-4.457
Hasthampatti,2022-06-01,11.6867,78.1664,-4.457,120,82.0,35.0,2.0,1,-4.184,-5.297,-4.74,-4.646,-0.2729999999999997,24.0,79.25,1900.25,185.25,6,2022,-4.720000000000001
Hasthampatti,2022-07-01,11.6867,78.1664,-4.720000000000001,124,53.0,55.0,2.0,1,-4.457,-4.184,-5.297,-4.453666666666667,-0.2630000000000008,82.0,24.0,79.25,159.0,7,2022,-4.5175
Hasthampatti,2022-08-01,11.6867,78.1664,-4.5175,124,214.75,92.0,2.0,1,-4.720000000000001,-4.457,-4.184,-4.5648333333333335,0.20250000000000057,53.0,82.0,24.0,349.75,8,2022,-3.2729999999999997
Hasthampatti,2022-09-01,11.6867,78.1664,-3.2729999999999997,120,15.25,26.0,2.0,1,-4.5175,-4.720000000000001,-4.457,-4.170166666666667,1.2445000000000004,214.75,53.0,82.0,283.0,9,2022,-3.373
Hasthampatti,2022-10-01,11.6867,78.1664,-3.373,103,126.5,64.0,2.0,1,-3.2729999999999997,-4.5175,-4.720000000000001,-3.7211666666666665,-0.10000000000000053,15.25,214.75,53.0,356.5,10,2022,-3.375
Hasthampatti,2022-11-01,11.6867,78.1664,-3.375,80,101.25,71.0,2.0,1,-3.373,-3.2729999999999997,-4.5175,-3.3403333333333336,-0.0019999999999997797,126.5,15.25,214.75,243.0,11,2022,-3.7795
Hasthampatti,2022-12-01,11.6867,78.1664,-3.7795,122,51.0,67.0,2.0,1,-3.375,-3.373,-3.2729999999999997,-3.5091666666666668,-0.4045000000000001,101.25,126.5,15.25,278.75,12,2022,-4.59
Hasthampatti,2023-01-01,11.6867,78.1664,-4.59,116,2.5,7.0,2.0,1,-3.7795,-3.375,-3.373,-3.9148333333333327,-0.8104999999999998,51.0,101.25,126.5,154.75,1,2023,-5.4075
Hasthampatti,2023-02-01,11.6867,78.1664,-5.4075,112,5.0,4.0,1.0,1,-4.59,-3.7795,-3.375,-4.592333333333333,-0.8174999999999999,2.5,51.0,101.25,58.5,2,2023,-6.01
Hasthampatti,2023-03-01,11.6867,78.1664,-6.01,116,48.75,17.0,2.0,1,-5.4075,-4.59,-3.7795,-5.335833333333333,-0.6025,5.0,2.5,51.0,56.25,3,2023,-6.759
Hasthampatti,2023-04-01,11.6867,78.1664,-6.759,116,32.0,14.0,2.0,1,-6.01,-5.4075,-4.59,-6.058833333333332,-0.7490000000000006,48.75,5.0,2.5,85.75,4,2023,-7.0905000000000005
Hasthampatti,2023-05-01,11.6867,78.1664,-7.0905000000000005,112,95.75,64.0,2.0,1,-6.759,-6.01,-5.4075,-6.619833333333333,-0.33150000000000013,32.0,48.75,5.0,176.5,5,2023,-7.053
Hasthampatti,2023-06-01,11.6867,78.1664,-7.053,120,35.5,20.0,2.0,1,-7.0905000000000005,-6.759,-6.01,-6.9675,0.03750000000000053,95.75,32.0,48.75,163.25,6,2023,-7.079000000000001
Hasthampatti,2023-07-01,11.6867,78.1664,-7.079000000000001,124,51.25,60.0,2.0,1,-7.053,-7.0905000000000005,-6.759,-7.074166666666667,-0.02600000000000069,35.5,95.75,32.0,182.5,7,2023,-7.45
Hasthampatti,2023-08-01,11.6867,78.1664,-7.45,124,96.5,37.0,2.0,1,-7.079000000000001,-7.053,-7.0905000000000005,-7.194,-0.37099999999999955,51.25,35.5,95.75,183.25,8,2023,-6.82
Hasthampatti,2023-09-01,11.6867,78.1664,-6.82,120,262.5,90.0,2.0,1,-7.45,-7.079000000000001,-7.053,-7.116333333333333,0.6299999999999999,96.5,51.25,35.5,410.25,9,2023,-5.933999999999999
Hasthampatti,2023-10-01,11.6867,78.1664,-5.933999999999999,106,121.5,59.0,2.0,1,-6.82,-7.45,-7.079000000000001,-6.734666666666667,0.886000000000001,262.5,96.5,51.25,480.5,10,2023,-5.0295000000000005
Hasthampatti,2023-11-01,11.6867,78.1664,-5.0295000000000005,120,127.0,92.0,2.0,1,-5.933999999999999,-6.82,-7.45,-5.927833333333333,0.9044999999999987,121.5,262.5,96.5,511.0,11,2023,-5.308
Hasthampatti,2023-12-01,11.6867,78.1664,-5.308,122,4.5,9.0,2.0,1,-5.0295000000000005,-5.933999999999999,-6.82,-5.4238333333333335,-0.2784999999999993,127.0,121.5,262.5,253.0,12,2023,-5.9565
Hasthampatti,2024-01-01,11.6867,78.1664,-5.9565,124,21.25,20.0,2.0,1,-5.308,-5.0295000000000005,-5.933999999999999,-5.431333333333332,-0.6485000000000003,4.5,127.0,121.5,152.75,1,2024,-6.615
Hasthampatti,2024-02-01,11.6867,78.1664,-6.615,116,,,,0,-5.9565,-5.308,-5.0295000000000005,-5.959833333333333,-0.6585000000000001,21.25,4.5,127.0,25.75,2,2024,-6.9455
Hasthampatti,2024-03-01,11.6867,78.1664,-6.9455,122,,,,0,-6.615,-5.9565,-5.308,-6.5056666666666665,-0.3304999999999998,,21.25,4.5,21.25,3,2024,-7.496499999999999
Hasthampatti,2024-04-01,11.6867,78.1664,-7.496499999999999,120,6.0,2.0,1.0,1,-6.9455,-6.615,-5.9565,-7.018999999999999,-0.5509999999999993,,,21.25,6.0,4,2024,-8.028500000000001
Hasthampatti,2024-05-01,11.6867,78.1664,-8.028500000000001,120,192.0,72.0,2.0,1,-7.496499999999999,-6.9455,-6.615,-7.490166666666667,-0.5320000000000018,6.0,,,198.0,5,2024,-7.211
Hasthampatti,2024-06-01,11.6867,78.1664,-7.211,41,131.0,63.0,2.0,1,-8.028500000000001,-7.496499999999999,-6.9455,-7.578666666666667,0.8175000000000008,192.0,6.0,,329.0,6,2024,-4.587
Hasthampatti,2024-08-01,11.6867,78.1664,-4.587,47,197.75,95.0,2.0,1,-7.211,-8.028500000000001,-7.496499999999999,-6.608833333333334,2.6240000000000006,131.0,192.0,6.0,520.75,8,2024,-4.397
Hasthampatti,2024-09-01,11.6867,78.1664,-4.397,116,28.0,17.0,2.0,1,-4.587,-7.211,-8.028500000000001,-5.398333333333333,0.1899999999999995,197.75,131.0,192.0,356.75,9,2024,-3.966
Hasthampatti,2024-10-01,11.6867,78.1664,-3.966,124,207.75,113.0,2.0,1,-4.397,-4.587,-7.211,-4.316666666666666,0.43100000000000005,28.0,197.75,131.0,433.5,10,2024,-2.859
Hasthampatti,2024-11-01,11.6867,78.1664,-2.859,118,43.25,50.0,2.0,1,-3.966,-4.397,-4.587,-3.7406666666666673,1.1070000000000002,207.75,28.0,197.75,279.0,11,2024,-1.7255
Hasthampatti,2024-12-01,11.6867,78.1664,-1.7255,120,98.25,86.0,2.0,1,-2.859,-3.966,-4.397,-2.8501666666666665,1.1335,43.25,207.75,28.0,349.25,12,2024,-2.2720000000000002
Hasthampatti,2025-01-01,11.6867,78.1664,-2.2720000000000002,120,5.75,8.0,2.0,1,-1.7255,-2.859,-3.966,-2.2855000000000003,-0.5465000000000002,98.25,43.25,207.75,147.25,1,2025,-3.1310000000000002
Hasthampatti,2025-02-01,11.6867,78.1664,-3.1310000000000002,112,,,,0,-2.2720000000000002,-1.7255,-2.859,-2.3761666666666668,-0.859,5.75,98.25,43.25,104.0,2,2025,-4.060499999999999
Hasthampatti,2025-03-01,11.6867,78.1664,-4.060499999999999,110,13.25,21.0,2.0,1,-3.1310000000000002,-2.2720000000000002,-1.7255,-3.1545,-0.9294999999999991,,5.75,98.25,19.0,3,2025,-4.778499999999999
Hasthampatti,2025-04-01,11.6867,78.1664,-4.778499999999999,114,14.0,7.0,2.0,1,-4.060499999999999,-3.1310000000000002,-2.2720000000000002,-3.9899999999999998,-0.718,13.25,,5.75,27.25,4,2025,-5.525
Hasthampatti,2025-05-01,11.6867,78.1664,-5.525,120,216.0,75.0,2.0,1,-4.778499999999999,-4.060499999999999,-3.1310000000000002,-4.787999999999999,-0.746500000000001,14.0,13.25,,243.25,5,2025,-5.159
Hasthampatti,2025-06-01,11.6867,78.1664,-5.159,117,69.0,32.0,2.0,1,-5.525,-4.778499999999999,-4.060499999999999,-5.154166666666666,0.36600000000000055,216.0,14.0,13.25,299.0,6,2025,-5.319
Hasthampatti,2025-07-01,11.6867,78.1664,-5.319,103,16.25,15.0,2.0,1,-5.159,-5.525,-4.778499999999999,-5.334333333333333,-0.16000000000000014,69.0,216.0,14.0,301.25,7,2025,-5.632
Hasthampatti,2025-08-01,11.6867,78.1664,-5.632,102,84.25,46.0,2.0,1,-5.319,-5.159,-5.525,-5.37,-0.3129999999999997,16.25,69.0,216.0,169.5,8,2025,-5.511
Hasthampatti,2025-09-01,11.6867,78.1664,-5.511,114,59.75,37.0,2.0,1,-5.632,-5.319,-5.159,-5.487333333333333,0.12099999999999955,84.25,16.25,69.0,160.25,9,2025,-5.362500000000001
Illupanatham_1,2022-07-01,11.5108,78.7581,-6.5815,124,53.0,55.0,2.0,1,-6.055,-12.2225,-10.767,-8.286333333333333,-0.5265000000000004,82.0,24.0,79.25,159.0,7,2022,-5.62
Illupanatham_1,2022-08-01,11.5108,78.7581,-5.62,125,214.75,92.0,2.0,1,-6.5815,-6.055,-12.2225,-6.0855,0.9615,53.0,82.0,24.0,349.75,8,2022,-5.643
Illupanatham_1,2022-09-01,11.5108,78.7581,-5.643,121,15.25,26.0,2.0,1,-5.62,-6.5815,-6.055,-5.948166666666666,-0.022999999999999687,214.75,53.0,82.0,283.0,9,2022,-6.7045
Illupanatham_1,2022-10-01,11.5108,78.7581,-6.7045,124,126.5,64.0,2.0,1,-5.643,-5.62,-6.5815,-5.989166666666667,-1.0615000000000006,15.25,214.75,53.0,356.5,10,2022,-2.689
Illupanatham_1,2022-11-01,11.5108,78.7581,-2.689,120,101.25,71.0,2.0,1,-6.7045,-5.643,-5.62,-5.012166666666666,4.0155,126.5,15.25,214.75,243.0,11,2022,-1.574
Illupanatham_1,2022-12-01,11.5108,78.7581,-1.574,124,51.0,67.0,2.0,1,-2.689,-6.7045,-5.643,-3.6558333333333337,1.115,101.25,126.5,15.25,278.75,12,2022,-2.0454999999999997
Illupanatham_1,2023-01-01,11.5108,78.7581,-2.0454999999999997,124,2.5,7.0,2.0,1,-1.574,-2.689,-6.7045,-2.1028333333333333,-0.4714999999999996,51.0,101.25,126.5,154.75,1,2023,-2.3360000000000003
Illupanatham_1,2023-02-01,11.5108,78.7581,-2.3360000000000003,112,5.0,4.0,1.0,1,-2.0454999999999997,-1.574,-2.689,-1.9851666666666665,-0.29050000000000065,2.5,51.0,101.25,58.5,2,2023,-3.8925
Illupanatham_1,2023-03-01,11.5108,78.7581,-3.8925,124,48.75,17.0,2.0,1,-2.3360000000000003,-2.0454999999999997,-1.574,-2.7580000000000005,-1.5564999999999998,5.0,2.5,51.0,56.25,3,2023,-6.5495
Illupanatham_1,2023-04-01,11.5108,78.7581,-6.5495,120,32.0,14.0,2.0,1,-3.8925,-2.3360000000000003,-2.0454999999999997,-4.259333333333333,-2.657,48.75,5.0,2.5,85.75,4,2023,-8.8215
Illupanatham_1,2023-05-01,11.5108,78.7581,-8.8215,124,95.75,64.0,2.0,1,-6.5495,-3.8925,-2.3360000000000003,-6.421166666666667,-2.2720000000000002,32.0,48.75,5.0,176.5,5,2023,-8.921
Illupanatham_1,2023-06-01,11.5108,78.7581,-8.921,120,35.5,20.0,2.0,1,-8.8215,-6.5495,-3.8925,-8.097333333333333,-0.09949999999999903,95.75,32.0,48.75,163.25,6,2023,-13.061
Illupanatham_1,2023-07-01,11.5108,78.7581,-13.061,124,51.25,60.0,2.0,1,-8.921,-8.8215,-6.5495,-10.267833333333334,-4.140000000000001,35.5,95.75,32.0,182.5,7,2023,-19.187
Illupanatham_1,2023-08-01,11.5108,78.7581,-19.187,19,96.5,37.0,2.0,1,-13.061,-8.921,-8.8215,-13.722999999999999,-6.126000000000001,51.25,35.5,95.75,183.25,8,2023,-60.071
Illupanatham_1,2023-10-01,11.5108,78.7581,-60.071,55,121.5,59.0,2.0,1,-19.187,-13.061,-8.921,-30.772999999999996,-40.884,96.5,51.25,35.5,269.25,10,2023,-22.681
Illupanatham_1,2023-11-01,11.5108,78.7581,-22.681,108,127.0,92.0,2.0,1,-60.071,-19.187,-13.061,-33.97966666666667,37.39,121.5,96.5,51.25,345.0,11,2023,-16.525
Illupanatham_1,2023-12-01,11.5108,78.7581,-16.525,17,4.5,9.0,2.0,1,-22.681,-60.071,-19.187,-33.092333333333336,6.156000000000002,127.0,121.5,96.5,253.0,12,2023,-17.121499999999997
Illupanatham_1,2024-01-01,11.5108,78.7581,-17.121499999999997,124,21.25,20.0,2.0,1,-16.525,-22.681,-60.071,-18.775833333333335,-0.5964999999999989,4.5,127.0,121.5,152.75,1,2024,-20.487
Illupanatham_1,2024-02-01,11.5108,78.7581,-20.487,115,,,,0,-17.121499999999997,-16.525,-22.681,-18.0445,-3.365500000000001,21.25,4.5,127.0,25.75,2,2024,-24.309
Illupanatham_1,2024-03-01,11.5108,78.7581,-24.309,121,,,,0,-20.487,-17.121499999999997,-16.525,-20.639166666666664,-3.8220000000000027,,21.25,4.5,21.25,3,2024,-59.861
Illupanatham_1,2024-04-01,11.5108,78.7581,-59.861,23,6.0,2.0,1.0,1,-24.309,-20.487,-17.121499999999997,-34.885666666666665,-35.55199999999999,,,21.25,6.0,4,2024,-59.739999999999995
Illupanatham_1,2024-05-01,11.5108,78.7581,-59.739999999999995,30,192.0,72.0,2.0,1,-59.861,-24.309,-20.487,-47.97,0.12100000000000222,6.0,,,198.0,5,2024,-59.716
Illupanatham_1,2024-06-01,11.5108,78.7581,-59.716,120,131.0,63.0,2.0,1,-59.739999999999995,-59.861,-24.309,-59.772333333333336,0.023999999999993804,192.0,6.0,,329.0,6,2024,-59.74
Illupanatham_1,2024-07-01,11.5108,78.7581,-59.74,120,68.25,55.0,2.0,1,-59.716,-59.739999999999995,-59.861,-59.732,-0.02400000000000091,131.0,192.0,6.0,391.25,7,2024,-59.761
Illupanatham_1,2024-08-01,11.5108,78.7581,-59.761,109,197.75,95.0,2.0,1,-59.74,-59.716,-59.739999999999995,-59.739000000000004,-0.021000000000000796,68.25,131.0,192.0,397.0,8,2024,-59.825
Illupanatham_1,2024-09-01,11.5108,78.7581,-59.825,120,28.0,17.0,2.0,1,-59.761,-59.74,-59.716,-59.77533333333333,-0.06400000000000006,197.75,68.25,131.0,294.0,9,2024,-59.8745
Illupanatham_1,2024-10-01,11.5108,78.7581,-59.8745,124,207.75,113.0,2.0,1,-59.825,-59.761,-59.74,-59.820166666666665,-0.04949999999999477,28.0,197.75,68.25,433.5,10,2024,-12.908000000000001
Illupanatham_1,2024-11-01,11.5108,78.7581,-12.908000000000001,118,43.25,50.0,2.0,1,-59.8745,-59.825,-59.761,-44.20250000000001,46.966499999999996,207.75,28.0,197.75,279.0,11,2024,-17.067500000000003
Illupanatham_1,2024-12-01,11.5108,78.7581,-17.067500000000003,116,98.25,86.0,2.0,1,-12.908000000000001,-59.8745,-59.825,-29.95,-4.159500000000001,43.25,207.75,28.0,349.25,12,2024,-2.76
Illupanatham_1,2025-01-01,11.5108,78.7581,-2.76,1,5.75,8.0,2.0,1,-17.067500000000003,-12.908000000000001,-59.8745,-10.911833333333334,14.307500000000003,98.25,43.25,207.75,147.25,1,2025,-3.306
Illupanatham_1,2025-02-01,11.5108,78.7581,-3.306,112,,,,0,-2.76,-17.067500000000003,-12.908000000000001,-7.711166666666667,-0.5460000000000003,5.75,98.25,43.25,104.0,2,2025,-4.541
Illupanatham_1,2025-03-01,11.5108,78.7581,-4.541,120,13.25,21.0,2.0,1,-3.306,-2.76,-17.067500000000003,-3.5356666666666663,-1.2350000000000003,,5.75,98.25,19.0,3,2025,-22.235999999999997
Illupanatham_1,2025-04-01,11.5108,78.7581,-22.235999999999997,118,14.0,7.0,2.0,1,-4.541,-3.306,-2.76,-10.027666666666667,-17.694999999999997,13.25,,5.75,27.25,4,2025,-18.439
Illupanatham_1,2025-05-01,11.5108,78.7581,-18.439,102,216.0,75.0,2.0,1,-22.235999999999997,-4.541,-3.306,-15.071999999999997,3.796999999999997,14.0,13.25,,243.25,5,2025,-7.076
Illupanatham_1,2025-06-01,11.5108,78.7581,-7.076,117,69.0,32.0,2.0,1,-18.439,-22.235999999999997,-4.541,-15.917,11.363,216.0,14.0,13.25,299.0,6,2025,-9.704
Illupanatham_1,2025-07-01,11.5108,78.7581,-9.704,103,16.25,15.0,2.0,1,-7.076,-18.439,-22.235999999999997,-11.739666666666666,-2.628000000000001,69.0,216.0,14.0,301.25,7,2025,-12.439499999999999
Illupanatham_1,2025-08-01,11.5108,78.7581,-12.439499999999999,102,84.25,46.0,2.0,1,-9.704,-7.076,-18.439,-9.739833333333333,-2.7354999999999983,16.25,69.0,216.0,169.5,8,2025,-14.693
Illupanatham_1,2025-09-01,11.5108,78.7581,-14.693,115,59.75,37.0,2.0,1,-12.439499999999999,-9.704,-7.076,-12.278833333333333,-2.2535000000000007,84.25,16.25,69.0,160.25,9,2025,-9.3535
Illupanatham_1,2025-10-01,11.5108,78.7581,-9.3535,58,107.25,86.0,2.0,1,-14.693,-12.439499999999999,-9.704,-12.161999999999999,5.339499999999999,59.75,84.25,16.25,251.25,10,2025,-8.327
Illupanatham_1,2025-11-01,11.5108,78.7581,-8.327,106,279.75,64.0,2.0,1,-9.3535,-14.693,-12.439499999999999,-10.791166666666667,1.0265000000000004,107.25,59.75,84.25,446.75,11,2025,-5.4510000000000005
Inam Bairoji,2025-02-01,11.55164,78.079346,-3.998,24,,,,0,-4.15,-4.205,-3.79,-4.1176666666666675,0.15200000000000014,192.0,6.0,,198.0,2,2025,-3.997
Inam Bairoji,2025-03-01,11.55164,78.079346,-3.997,28,13.25,21.0,2.0,1,-3.998,-4.15,-4.205,-4.048333333333333,0.001000000000000334,,192.0,6.0,205.25,3,2025,-3.996
Inam Bairoji,2025-04-01,11.55164,78.079346,-3.996,76,14.0,7.0,2.0,1,-3.997,-3.998,-4.15,-3.997,0.0009999999999998899,13.25,,192.0,27.25,4,2025,-3.9985
Inam Bairoji,2025-05-01,11.55164,78.079346,-3.9985,116,216.0,75.0,2.0,1,-3.996,-3.997,-3.998,-3.9971666666666668,-0.0024999999999999467,14.0,13.25,,243.25,5,2025,-3.9945
Inam Bairoji,2025-06-01,11.55164,78.079346,-3.9945,24,69.0,32.0,2.0,1,-3.9985,-3.996,-3.997,-3.9963333333333337,0.0040000000000000036,216.0,14.0,13.25,299.0,6,2025,-4.117
Inam Bairoji,2025-09-01,11.55164,78.079346,-4.117,25,59.75,37.0,2.0,1,-3.9945,-3.9985,-3.996,-4.036666666666666,-0.12250000000000005,69.0,216.0,14.0,344.75,9,2025,-4.227
Inam Bairoji,2025-10-01,11.55164,78.079346,-4.227,17,107.25,86.0,2.0,1,-4.117,-3.9945,-3.9985,-4.112833333333334,-0.11000000000000032,59.75,69.0,216.0,236.0,10,2025,-4.42
Inam Bairoji,2025-11-01,11.55164,78.079346,-4.42,23,279.75,64.0,2.0,1,-4.227,-4.117,-3.9945,-4.254666666666667,-0.19299999999999962,107.25,59.75,69.0,446.75,11,2025,-4.4695
Kadambur,2021-04-01,11.5033,78.5994,-12.795,119,,,,0,-10.181,-6.9625,-4.688000000000001,-9.9795,-2.6140000000000008,,,,,4,2021,-13.3235
Kadambur,2021-05-01,11.5033,78.5994,-13.3235,82,,,,0,-12.795,-10.181,-6.9625,-12.099833333333331,-0.5284999999999993,,,,,5,2021,-13.02
Kadambur,2021-09-01,11.5033,78.5994,-13.02,92,3.5,1.0,1.0,1,-13.3235,-12.795,-10.181,-13.046166666666666,0.30349999999999966,,,,3.5,9,2021,-11.096
Kadambur,2021-10-01,11.5033,78.5994,-11.096,103,24.0,8.0,1.0,1,-13.02,-13.3235,-12.795,-12.479833333333332,1.9239999999999995,3.5,,,27.5,10,2021,-1.7005
Kadambur,2021-11-01,11.5033,78.5994,-1.7005,56,152.0,111.0,2.0,1,-11.096,-13.02,-13.3235,-8.6055,9.3955,24.0,3.5,,179.5,11,2021,-2.7889999999999997
Kadambur,2021-12-01,11.5033,78.5994,-2.7889999999999997,74,6.5,2.0,1.0,1,-1.7005,-11.096,-13.02,-5.195166666666666,-1.0884999999999998,152.0,24.0,3.5,182.5,12,2021,-7.042
Kadambur,2022-01-01,11.5033,78.5994,-7.042,1,0.5,1.0,1.0,1,-2.7889999999999997,-1.7005,-11.096,-3.843833333333333,-4.253,6.5,152.0,24.0,159.0,1,2022,-10.093499999999999
Kadambur,2022-03-01,11.5033,78.5994,-10.093499999999999,16,1900.25,14.0,2.0,1,-7.042,-2.7889999999999997,-1.7005,-6.6415,-3.051499999999999,0.5,6.5,152.0,1907.25,3,2022,-12.119499999999999
Kadambur,2022-06-01,11.5033,78.5994,-12.119499999999999,30,82.0,35.0,2.0,1,-10.093499999999999,-7.042,-2.7889999999999997,-9.751666666666667,-2.026,1900.25,0.5,6.5,1982.75,6,2022,-12.719999999999999
Kadambur,2022-07-01,11.5033,78.5994,-12.719999999999999,124,53.0,55.0,2.0,1,-12.119499999999999,-10.093499999999999,-7.042,-11.64433333333333,-0.6005000000000003,82.0,1900.25,0.5,2035.25,7,2022,-12.737
Kadambur,2022-08-01,11.5033,78.5994,-12.737,122,214.75,92.0,2.0,1,-12.719999999999999,-12.119499999999999,-10.093499999999999,-12.5255,-0.017000000000001236,53.0,82.0,1900.25,349.75,8,2022,-12.7945
Kadambur,2022-09-01,11.5033,78.5994,-12.7945,120,15.25,26.0,2.0,1,-12.737,-12.719999999999999,-12.119499999999999,-12.7505,-0.05749999999999922,214.75,53.0,82.0,283.0,9,2022,-12.785
Kadambur,2022-10-01,11.5033,78.5994,-12.785,120,126.5,64.0,2.0,1,-12.7945,-12.737,-12.719999999999999,-12.772166666666665,0.009499999999999176,15.25,214.75,53.0,356.5,10,2022,-11.857
Kadambur,2022-11-01,11.5033,78.5994,-11.857,121,101.25,71.0,2.0,1,-12.785,-12.7945,-12.737,-12.478833333333332,0.9280000000000008,126.5,15.25,214.75,243.0,11,2022,-11.515
Kadambur,2022-12-01,11.5033,78.5994,-11.515,121,51.0,67.0,2.0,1,-11.857,-12.785,-12.7945,-12.052333333333332,0.34199999999999875,101.25,126.5,15.25,278.75,12,2022,-11.7835
Kadambur,2023-01-01,11.5033,78.5994,-11.7835,108,2.5,7.0,2.0,1,-11.515,-11.857,-12.785,-11.7185,-0.2684999999999995,51.0,101.25,126.5,154.75,1,2023,-12.935
Kadambur,2023-02-01,11.5033,78.5994,-12.935,113,5.0,4.0,1.0,1,-11.7835,-11.515,-11.857,-12.077833333333336,-1.1515000000000004,2.5,51.0,101.25,58.5,2,2023,-13.13
Kadambur,2023-03-01,11.5033,78.5994,-13.13,110,48.75,17.0,2.0,1,-12.935,-11.7835,-11.515,-12.616166666666667,-0.19500000000000028,5.0,2.5,51.0,56.25,3,2023,-13.5815
Kadambur,2023-04-01,11.5033,78.5994,-13.5815,112,32.0,14.0,2.0,1,-13.13,-12.935,-11.7835,-13.2155,-0.45149999999999935,48.75,5.0,2.5,85.75,4,2023,-13.584
Kadambur,2023-05-01,11.5033,78.5994,-13.584,104,95.75,64.0,2.0,1,-13.5815,-13.13,-12.935,-13.431833333333335,-0.0024999999999995026,32.0,48.75,5.0,176.5,5,2023,-13.544
Kadambur,2023-06-01,11.5033,78.5994,-13.544,122,35.5,20.0,2.0,1,-13.584,-13.5815,-13.13,-13.569833333333333,0.03999999999999915,95.75,32.0,48.75,163.25,6,2023,-13.484
Kadambur,2023-07-01,11.5033,78.5994,-13.484,124,51.25,60.0,2.0,1,-13.544,-13.584,-13.5815,-13.537333333333335,0.0600000000000005,35.5,95.75,32.0,182.5,7,2023,-13.425
Kadambur,2023-08-01,11.5033,78.5994,-13.425,124,96.5,37.0,2.0,1,-13.484,-13.544,-13.584,-13.484333333333334,0.058999999999999275,51.25,35.5,95.75,183.25,8,2023,-12.805499999999999
Kadambur,2023-09-01,11.5033,78.5994,-12.805499999999999,120,262.5,90.0,2.0,1,-13.425,-13.484,-13.544,-13.238166666666666,0.6195000000000022,96.5,51.25,35.5,410.25,9,2023,-12.844999999999999
Kadambur,2023-10-01,11.5033,78.5994,-12.844999999999999,112,121.5,59.0,2.0,1,-12.805499999999999,-13.425,-13.484,-13.025166666666665,-0.03950000000000031,262.5,96.5,51.25,480.5,10,2023,-10.513
Kadambur,2023-11-01,11.5033,78.5994,-10.513,120,127.0,92.0,2.0,1,-12.844999999999999,-12.805499999999999,-13.425,-12.054499999999999,2.331999999999999,121.5,262.5,96.5,511.0,11,2023,-11.1145
Kadambur,2023-12-01,11.5033,78.5994,-11.1145,122,4.5,9.0,2.0,1,-10.513,-12.844999999999999,-12.805499999999999,-11.490833333333333,-0.6014999999999997,127.0,121.5,262.5,253.0,12,2023,-12.288
Kadambur,2024-01-01,11.5033,78.5994,-12.288,122,21.25,20.0,2.0,1,-11.1145,-10.513,-12.844999999999999,-11.305166666666665,-1.1735000000000007,4.5,127.0,121.5,152.75,1,2024,-13.438500000000001
Kadambur,2024-02-01,11.5033,78.5994,-13.438500000000001,114,,,,0,-12.288,-11.1145,-10.513,-12.280333333333333,-1.150500000000001,21.25,4.5,127.0,25.75,2,2024,-13.44
Kadambur,2024-03-01,11.5033,78.5994,-13.44,122,,,,0,-13.438500000000001,-12.288,-11.1145,-13.0555,-0.0014999999999982805,,21.25,4.5,21.25,3,2024,-13.409
Kadambur,2024-04-01,11.5033,78.5994,-13.409,118,6.0,2.0,1.0,1,-13.44,-13.438500000000001,-12.288,-13.429166666666667,0.030999999999998806,,,21.25,6.0,4,2024,-13.3955
Kadambur,2024-05-01,11.5033,78.5994,-13.3955,122,192.0,72.0,2.0,1,-13.409,-13.44,-13.438500000000001,-13.414833333333334,0.013500000000000512,6.0,,,198.0,5,2024,-12.7605
Kadambur,2024-06-01,11.5033,78.5994,-12.7605,120,131.0,63.0,2.0,1,-13.3955,-13.409,-13.44,-13.188333333333334,0.6349999999999998,192.0,6.0,,329.0,6,2024,-13.361
Kadambur,2024-07-01,11.5033,78.5994,-13.361,120,68.25,55.0,2.0,1,-12.7605,-13.3955,-13.409,-13.172333333333334,-0.6005000000000003,131.0,192.0,6.0,391.25,7,2024,-12.798
Kadambur,2024-08-01,11.5033,78.5994,-12.798,108,197.75,95.0,2.0,1,-13.361,-12.7605,-13.3955,-12.973166666666666,0.5630000000000006,68.25,131.0,192.0,397.0,8,2024,-12.916
Kadambur,2024-09-01,11.5033,78.5994,-12.916,121,28.0,17.0,2.0,1,-12.798,-13.361,-12.7605,-13.025,-0.11800000000000033,197.75,68.25,131.0,294.0,9,2024,-12.309
Kadambur,2024-10-01,11.5033,78.5994,-12.309,122,207.75,113.0,2.0,1,-12.916,-12.798,-13.361,-12.674333333333331,0.6070000000000011,28.0,197.75,68.25,433.5,10,2024,-12.895
Kadambur,2024-11-01,11.5033,78.5994,-12.895,115,43.25,50.0,2.0,1,-12.309,-12.916,-12.798,-12.706666666666665,-0.5860000000000003,207.75,28.0,197.75,279.0,11,2024,-9.968
Kadambur,2024-12-01,11.5033,78.5994,-9.968,119,98.25,86.0,2.0,1,-12.895,-12.309,-12.916,-11.723999999999998,2.9269999999999996,43.25,207.75,28.0,349.25,12,2024,-11.243500000000001
Kadambur,2025-01-01,11.5033,78.5994,-11.243500000000001,116,5.75,8.0,2.0,1,-9.968,-12.895,-12.309,-11.368833333333335,-1.275500000000001,98.25,43.25,207.75,147.25,1,2025,-12.926
Kadambur,2025-02-01,11.5033,78.5994,-12.926,112,,,,0,-11.243500000000001,-9.968,-12.895,-11.379166666666668,-1.6824999999999992,5.75,98.25,43.25,104.0,2,2025,-12.931
Kadambur,2025-03-01,11.5033,78.5994,-12.931,117,13.25,21.0,2.0,1,-12.926,-11.243500000000001,-9.968,-12.366833333333334,-0.004999999999999005,,5.75,98.25,19.0,3,2025,-13.4575
Kullampatti,2021-04-01,11.5689,77.7936,-6.274,116,,,,0,-4.889,4.8315,3.9645,-2.1105,-1.3849999999999998,,,,,4,2021,-6.7275
Kullampatti,2021-05-01,11.5689,77.7936,-6.7275,124,,,,0,-6.274,-4.889,4.8315,-5.9635,-0.4535,,,,,5,2021,-7.4885
Kullampatti,2021-06-01,11.5689,77.7936,-7.4885,120,,,,0,-6.7275,-6.274,-4.889,-6.830000000000001,-0.7610000000000001,,,,,6,2021,-8.313
Kullampatti,2021-07-01,11.5689,77.7936,-8.313,116,,,,0,-7.4885,-6.7275,-6.274,-7.509666666666667,-0.8245000000000005,,,,,7,2021,-4.896
Kullampatti,2021-08-01,11.5689,77.7936,-4.896,125,,,,0,-8.313,-7.4885,-6.7275,-6.899166666666667,3.4170000000000007,,,,,8,2021,-2.8205
Kullampatti,2021-09-01,11.5689,77.7936,-2.8205,94,3.5,1.0,1.0,1,-4.896,-8.313,-7.4885,-5.343166666666666,2.0755,,,,3.5,9,2021,-1.331
Kullampatti,2021-11-01,11.5689,77.7936,-1.331,114,152.0,111.0,2.0,1,-2.8205,-4.896,-8.313,-3.015833333333333,1.4895,3.5,,,155.5,11,2021,-1.257
Kullampatti,2021-12-01,11.5689,77.7936,-1.257,11,6.5,2.0,1.0,1,-1.331,-2.8205,-4.896,-1.8028333333333333,0.07400000000000007,152.0,3.5,,162.0,12,2021,-1.945
Kullampatti,2022-01-01,11.5689,77.7936,-1.945,1,0.5,1.0,1.0,1,-1.257,-1.331,-2.8205,-1.511,-0.6880000000000002,6.5,152.0,3.5,159.0,1,2022,-3.6965000000000003
Kullampatti,2022-02-01,11.5689,77.7936,-3.6965000000000003,26,,,,0,-1.945,-1.257,-1.331,-2.2995,-1.7515000000000003,0.5,6.5,152.0,7.0,2,2022,-4.4905
Kullampatti,2022-03-01,11.5689,77.7936,-4.4905,120,1900.25,14.0,2.0,1,-3.6965000000000003,-1.945,-1.257,-3.377333333333334,-0.7939999999999996,,0.5,6.5,1900.75,3,2022,-5.572
Kullampatti,2022-04-01,11.5689,77.7936,-5.572,115,79.25,38.0,2.0,1,-4.4905,-3.6965000000000003,-1.945,-4.586333333333333,-1.0815000000000001,1900.25,,0.5,1979.5,4,2022,-3.749
Kullampatti,2022-05-01,11.5689,77.7936,-3.749,27,24.0,2.0,1.0,1,-5.572,-4.4905,-3.6965000000000003,-4.603833333333333,1.823,79.25,1900.25,,2003.5,5,2022,-4.339
Kullampatti,2022-06-01,11.5689,77.7936,-4.339,120,82.0,35.0,2.0,1,-3.749,-5.572,-4.4905,-4.553333333333334,-0.5900000000000003,24.0,79.25,1900.25,185.25,6,2022,-4.963
Kullampatti,2022-07-01,11.5689,77.7936,-4.963,125,53.0,55.0,2.0,1,-4.339,-3.749,-5.572,-4.350333333333334,-0.6239999999999997,82.0,24.0,79.25,159.0,7,2022,-2.5355
Kullampatti,2022-08-01,11.5689,77.7936,-2.5355,124,214.75,92.0,2.0,1,-4.963,-4.339,-3.749,-3.9458333333333333,2.4275,53.0,82.0,24.0,349.75,8,2022,-2.005
Kullampatti,2022-09-01,11.5689,77.7936,-2.005,120,15.25,26.0,2.0,1,-2.5355,-4.963,-4.339,-3.167833333333333,0.5305,214.75,53.0,82.0,283.0,9,2022,-1.3295
Kullampatti,2022-10-01,11.5689,77.7936,-1.3295,124,126.5,64.0,2.0,1,-2.005,-2.5355,-4.963,-1.9566666666666663,0.6755,15.25,214.75,53.0,356.5,10,2022,-1.1324999999999998
Kullampatti,2022-11-01,11.5689,77.7936,-1.1324999999999998,118,101.25,71.0,2.0,1,-1.3295,-2.005,-2.5355,-1.4889999999999999,0.19700000000000006,126.5,15.25,214.75,243.0,11,2022,-1.2105000000000001
Kullampatti,2022-12-01,11.5689,77.7936,-1.2105000000000001,114,51.0,67.0,2.0,1,-1.1324999999999998,-1.3295,-2.005,-1.2241666666666666,-0.07800000000000029,101.25,126.5,15.25,278.75,12,2022,-1.363
Kullampatti,2023-01-01,11.5689,77.7936,-1.363,73,2.5,7.0,2.0,1,-1.2105000000000001,-1.1324999999999998,-1.3295,-1.2353333333333334,-0.15249999999999986,51.0,101.25,126.5,154.75,1,2023,-2.462
Kullampatti,2023-02-01,11.5689,77.7936,-2.462,7,5.0,4.0,1.0,1,-1.363,-1.2105000000000001,-1.1324999999999998,-1.6785000000000003,-1.0990000000000002,2.5,51.0,101.25,58.5,2,2023,-3.19
Kullampatti,2023-03-01,11.5689,77.7936,-3.19,29,48.75,17.0,2.0,1,-2.462,-1.363,-1.2105000000000001,-2.3383333333333334,-0.7279999999999998,5.0,2.5,51.0,56.25,3,2023,-8.119
Kullampatti,2023-07-01,11.5689,77.7936,-8.119,80,51.25,60.0,2.0,1,-3.19,-2.462,-1.363,-4.590333333333334,-4.929,48.75,5.0,2.5,105.0,7,2023,-9.355
Kullampatti,2023-08-01,11.5689,77.7936,-9.355,124,96.5,37.0,2.0,1,-8.119,-3.19,-2.462,-6.888000000000001,-1.2360000000000007,51.25,48.75,5.0,196.5,8,2023,-8.535499999999999
Kullampatti,2023-09-01,11.5689,77.7936,-8.535499999999999,118,262.5,90.0,2.0,1,-9.355,-8.119,-3.19,-8.669833333333333,0.8195000000000014,96.5,51.25,48.75,410.25,9,2023,-6.777
Kullampatti,2023-10-01,11.5689,77.7936,-6.777,106,121.5,59.0,2.0,1,-8.535499999999999,-9.355,-8.119,-8.2225,1.7584999999999988,262.5,96.5,51.25,480.5,10,2023,-6.8165
Kullampatti,2023-11-01,11.5689,77.7936,-6.8165,26,127.0,92.0,2.0,1,-6.777,-8.535499999999999,-9.355,-7.376333333333332,-0.039499999999999424,121.5,262.5,96.5,511.0,11,2023,-5.355
Kullampatti,2023-12-01,11.5689,77.7936,-5.355,120,4.5,9.0,2.0,1,-6.8165,-6.777,-8.535499999999999,-6.316166666666667,1.4614999999999991,127.0,121.5,262.5,253.0,12,2023,-6.3715
Kullampatti,2024-01-01,11.5689,77.7936,-6.3715,120,21.25,20.0,2.0,1,-5.355,-6.8165,-6.777,-6.181,-1.0164999999999997,4.5,127.0,121.5,152.75,1,2024,-8.2225
Kullampatti,2024-02-01,11.5689,77.7936,-8.2225,112,,,,0,-6.3715,-5.355,-6.8165,-6.6496666666666675,-1.851,21.25,4.5,127.0,25.75,2,2024,-10.111
Kullampatti,2024-03-01,11.5689,77.7936,-10.111,122,,,,0,-8.2225,-6.3715,-5.355,-8.235000000000001,-1.8885000000000005,,21.25,4.5,21.25,3,2024,-6.1895
Kullampatti,2024-04-01,11.5689,77.7936,-6.1895,120,6.0,2.0,1.0,1,-10.111,-8.2225,-6.3715,-8.174333333333333,3.921500000000001,,,21.25,6.0,4,2024,-8.3405
Kullampatti,2024-05-01,11.5689,77.7936,-8.3405,122,192.0,72.0,2.0,1,-6.1895,-10.111,-8.2225,-8.213666666666667,-2.1510000000000007,6.0,,,198.0,5,2024,-9.620000000000001
Kullampatti,2024-06-01,11.5689,77.7936,-9.620000000000001,118,131.0,63.0,2.0,1,-8.3405,-6.1895,-10.111,-8.05,-1.2795000000000005,192.0,6.0,,329.0,6,2024,-9.003499999999999
Kullampatti,2024-07-01,11.5689,77.7936,-9.003499999999999,120,68.25,55.0,2.0,1,-9.620000000000001,-8.3405,-6.1895,-8.988000000000001,0.616500000000002,131.0,192.0,6.0,391.25,7,2024,-3.9215
Kullampatti,2024-08-01,11.5689,77.7936,-3.9215,110,197.75,95.0,2.0,1,-9.003499999999999,-9.620000000000001,-8.3405,-7.515000000000001,5.081999999999999,68.25,131.0,192.0,397.0,8,2024,-2.6414999999999997
Kullampatti,2024-09-01,11.5689,77.7936,-2.6414999999999997,120,28.0,17.0,2.0,1,-3.9215,-9.003499999999999,-9.620000000000001,-5.188833333333332,1.2800000000000002,197.75,68.25,131.0,294.0,9,2024,-2.109
Kullampatti,2024-10-01,11.5689,77.7936,-2.109,124,207.75,113.0,2.0,1,-2.6414999999999997,-3.9215,-9.003499999999999,-2.8906666666666667,0.5324999999999998,28.0,197.75,68.25,433.5,10,2024,-1.9609999999999999
Kullampatti,2024-11-01,11.5689,77.7936,-1.9609999999999999,120,43.25,50.0,2.0,1,-2.109,-2.6414999999999997,-3.9215,-2.2371666666666665,0.14800000000000013,207.75,28.0,197.75,279.0,11,2024,-1.8955
Kullampatti,2024-12-01,11.5689,77.7936,-1.8955,120,98.25,86.0,2.0,1,-1.9609999999999999,-2.109,-2.6414999999999997,-1.9885,0.06549999999999989,43.25,207.75,28.0,349.25,12,2024,-2.1285
Kullampatti,2025-01-01,11.5689,77.7936,-2.1285,120,5.75,8.0,2.0,1,-1.8955,-1.9609999999999999,-2.109,-1.9949999999999999,-0.23299999999999987,98.25,43.25,207.75,147.25,1,2025,-3.4995000000000003
Kullampatti,2025-02-01,11.5689,77.7936,-3.4995000000000003,112,,,,0,-2.1285,-1.8955,-1.9609999999999999,-2.507833333333333,-1.3710000000000004,5.75,98.25,43.25,104.0,2,2025,-4.8925
Kullampatti,2025-03-01,11.5689,77.7936,-4.8925,114,13.25,21.0,2.0,1,-3.4995000000000003,-2.1285,-1.8955,-3.5068333333333332,-1.3929999999999998,,5.75,98.25,19.0,3,2025,-5.692
M.Chettipatti,2024-06-01,11.730269,78.006801,-6.645,120,131.0,63.0,2.0,1,-8.43,-7.555,-6.68,-7.543333333333333,1.7850000000000001,192.0,6.0,,329.0,6,2024,-6.89
M.Chettipatti,2024-07-01,11.730269,78.006801,-6.89,124,68.25,55.0,2.0,1,-6.645,-8.43,-7.555,-7.321666666666666,-0.2450000000000001,131.0,192.0,6.0,391.25,7,2024,-6.395
M.Chettipatti,2024-08-01,11.730269,78.006801,-6.395,108,197.75,95.0,2.0,1,-6.89,-6.645,-8.43,-6.6433333333333335,0.4950000000000001,68.25,131.0,192.0,397.0,8,2024,-6.26
M.Chettipatti,2024-09-01,11.730269,78.006801,-6.26,120,28.0,17.0,2.0,1,-6.395,-6.89,-6.645,-6.515,0.1349999999999998,197.75,68.25,131.0,294.0,9,2024,-6.74
M.Chettipatti,2024-10-01,11.730269,78.006801,-6.74,124,207.75,113.0,2.0,1,-6.26,-6.395,-6.89,-6.465,-0.4800000000000004,28.0,197.75,68.25,433.5,10,2024,-6.24
M.Chettipatti,2024-11-01,11.730269,78.006801,-6.24,120,43.25,50.0,2.0,1,-6.74,-6.26,-6.395,-6.413333333333333,0.5,207.75,28.0,197.75,279.0,11,2024,-4.925
M.Chettipatti,2024-12-01,11.730269,78.006801,-4.925,120,98.25,86.0,2.0,1,-6.24,-6.74,-6.26,-5.968333333333334,1.3150000000000004,43.25,207.75,28.0,349.25,12,2024,-5.195
M.Chettipatti,2025-01-01,11.730269,78.006801,-5.195,124,5.75,8.0,2.0,1,-4.925,-6.24,-6.74,-5.453333333333333,-0.27000000000000046,98.25,43.25,207.75,147.25,1,2025,-5.62
M.Chettipatti,2025-02-01,11.730269,78.006801,-5.62,40,,,,0,-5.195,-4.925,-6.24,-5.246666666666667,-0.4249999999999998,5.75,98.25,43.25,104.0,2,2025,-6.835
M.Chettipatti,2025-03-01,11.730269,78.006801,-6.835,120,13.25,21.0,2.0,1,-5.62,-5.195,-4.925,-5.883333333333333,-1.2149999999999999,,5.75,98.25,19.0,3,2025,-7.84
M.Chettipatti,2025-04-01,11.730269,78.006801,-7.84,108,14.0,7.0,2.0,1,-6.835,-5.62,-5.195,-6.765000000000001,-1.005,13.25,,5.75,27.25,4,2025,-7.49
M.Chettipatti,2025-05-01,11.730269,78.006801,-7.49,112,216.0,75.0,2.0,1,-7.84,-6.835,-5.62,-7.388333333333333,0.34999999999999964,14.0,13.25,,243.25,5,2025,-6.859999999999999
M.Chettipatti,2025-06-01,11.730269,78.006801,-6.859999999999999,86,69.0,32.0,2.0,1,-7.49,-7.84,-6.835,-7.396666666666666,0.6300000000000008,216.0,14.0,13.25,299.0,6,2025,-5.785
M.Chettipatti,2025-07-01,11.730269,78.006801,-5.785,36,16.25,15.0,2.0,1,-6.859999999999999,-7.49,-7.84,-6.711666666666666,1.0749999999999993,69.0,216.0,14.0,301.25,7,2025,-6.54
M.Chettipatti,2025-08-01,11.730269,78.006801,-6.54,97,84.25,46.0,2.0,1,-5.785,-6.859999999999999,-7.49,-6.395,-0.7549999999999999,16.25,69.0,216.0,169.5,8,2025,-7.01
M.Chettipatti,2025-09-01,11.730269,78.006801,-7.01,99,59.75,37.0,2.0,1,-6.54,-5.785,-6.859999999999999,-6.445,-0.46999999999999975,84.25,16.25,69.0,160.25,9,2025,-4.885
Manjakalpatti,2021-04-01,11.5031,77.8656,-32.35,118,,,,0,-31.622,-33.5585,-35.812,-32.51016666666667,-0.7280000000000015,,,,,4,2021,-34.6005
Manjakalpatti,2021-05-01,11.5031,77.8656,-34.6005,124,,,,0,-32.35,-31.622,-33.5585,-32.857499999999995,-2.2504999999999953,,,,,5,2021,-37.069
Manjakalpatti,2021-06-01,11.5031,77.8656,-37.069,120,,,,0,-34.6005,-32.35,-31.622,-34.67316666666667,-2.468500000000006,,,,,6,2021,-39.647999999999996
Manjakalpatti,2021-07-01,11.5031,77.8656,-39.647999999999996,118,,,,0,-37.069,-34.6005,-32.35,-37.10583333333333,-2.5789999999999935,,,,,7,2021,-38.74
Manjakalpatti,2021-08-01,11.5031,77.8656,-38.74,125,,,,0,-39.647999999999996,-37.069,-34.6005,-38.48566666666667,0.9079999999999941,,,,,8,2021,-37.218
Manjakalpatti,2021-09-01,11.5031,77.8656,-37.218,107,3.5,1.0,1.0,1,-38.74,-39.647999999999996,-37.069,-38.535333333333334,1.5219999999999985,,,,3.5,9,2021,-34.7365
Manjakalpatti,2021-10-01,11.5031,77.8656,-34.7365,124,24.0,8.0,1.0,1,-37.218,-38.74,-39.647999999999996,-36.89816666666667,2.481500000000004,3.5,,,27.5,10,2021,-24.5815
Manjakalpatti,2021-11-01,11.5031,77.8656,-24.5815,120,152.0,111.0,2.0,1,-34.7365,-37.218,-38.74,-32.178666666666665,10.155000000000001,24.0,3.5,,179.5,11,2021,-14.991
Manjakalpatti,2021-12-01,11.5031,77.8656,-14.991,124,6.5,2.0,1.0,1,-24.5815,-34.7365,-37.218,-24.769666666666666,9.590499999999999,152.0,24.0,3.5,182.5,12,2021,-12.062000000000001
Manjakalpatti,2022-01-01,11.5031,77.8656,-12.062000000000001,124,0.5,1.0,1.0,1,-14.991,-24.5815,-34.7365,-17.2115,2.9289999999999985,6.5,152.0,24.0,159.0,1,2022,-12.054
Manjakalpatti,2022-02-01,11.5031,77.8656,-12.054,112,,,,0,-12.062000000000001,-14.991,-24.5815,-13.035666666666666,0.008000000000000895,0.5,6.5,152.0,7.0,2,2022,-12.593
Manjakalpatti,2022-03-01,11.5031,77.8656,-12.593,120,1900.25,14.0,2.0,1,-12.054,-12.062000000000001,-14.991,-12.236333333333334,-0.5389999999999997,,0.5,6.5,1900.75,3,2022,-13.5365
Manjakalpatti,2022-04-01,11.5031,77.8656,-13.5365,116,79.25,38.0,2.0,1,-12.593,-12.054,-12.062000000000001,-12.727833333333335,-0.9435000000000002,1900.25,,0.5,1979.5,4,2022,-12.492
Manjakalpatti,2022-05-01,11.5031,77.8656,-12.492,33,24.0,2.0,1.0,1,-13.5365,-12.593,-12.054,-12.873833333333332,1.0444999999999993,79.25,1900.25,,2003.5,5,2022,-12.269
Manjakalpatti,2022-06-01,11.5031,77.8656,-12.269,120,82.0,35.0,2.0,1,-12.492,-13.5365,-12.593,-12.765833333333333,0.22300000000000075,24.0,79.25,1900.25,185.25,6,2022,-13.104
Manjakalpatti,2022-07-01,11.5031,77.8656,-13.104,124,53.0,55.0,2.0,1,-12.269,-12.492,-13.5365,-12.621666666666664,-0.8349999999999991,82.0,24.0,79.25,159.0,7,2022,-12.594000000000001
Manjakalpatti,2022-08-01,11.5031,77.8656,-12.594000000000001,124,214.75,92.0,2.0,1,-13.104,-12.269,-12.492,-12.655666666666667,0.509999999999998,53.0,82.0,24.0,349.75,8,2022,-10.277999999999999
Manjakalpatti,2022-09-01,11.5031,77.8656,-10.277999999999999,120,15.25,26.0,2.0,1,-12.594000000000001,-13.104,-12.269,-11.991999999999999,2.3160000000000025,214.75,53.0,82.0,283.0,9,2022,-9.797
Manjakalpatti,2022-10-01,11.5031,77.8656,-9.797,122,126.5,64.0,2.0,1,-10.277999999999999,-12.594000000000001,-13.104,-10.889666666666665,0.4809999999999981,15.25,214.75,53.0,356.5,10,2022,-9.516
Manjakalpatti,2022-11-01,11.5031,77.8656,-9.516,119,101.25,71.0,2.0,1,-9.797,-10.277999999999999,-12.594000000000001,-9.863666666666667,0.2810000000000006,126.5,15.25,214.75,243.0,11,2022,-9.6215
Manjakalpatti,2022-12-01,11.5031,77.8656,-9.6215,122,51.0,67.0,2.0,1,-9.516,-9.797,-10.277999999999999,-9.644833333333333,-0.10549999999999926,101.25,126.5,15.25,278.75,12,2022,-10.4575
Manjakalpatti,2023-01-01,11.5031,77.8656,-10.4575,118,2.5,7.0,2.0,1,-9.6215,-9.516,-9.797,-9.865,-0.8360000000000003,51.0,101.25,126.5,154.75,1,2023,-11.310500000000001
Manjakalpatti,2023-02-01,11.5031,77.8656,-11.310500000000001,112,5.0,4.0,1.0,1,-10.4575,-9.6215,-9.516,-10.463166666666668,-0.8530000000000015,2.5,51.0,101.25,58.5,2,2023,-12.375499999999999
Manjakalpatti,2023-03-01,11.5031,77.8656,-12.375499999999999,124,48.75,17.0,2.0,1,-11.310500000000001,-10.4575,-9.6215,-11.381166666666667,-1.0649999999999977,5.0,2.5,51.0,56.25,3,2023,-13.3265
Manjakalpatti,2023-04-01,11.5031,77.8656,-13.3265,114,32.0,14.0,2.0,1,-12.375499999999999,-11.310500000000001,-10.4575,-12.3375,-0.9510000000000005,48.75,5.0,2.5,85.75,4,2023,-12.911999999999999
Manjakalpatti,2023-05-01,11.5031,77.8656,-12.911999999999999,112,95.75,64.0,2.0,1,-13.3265,-12.375499999999999,-11.310500000000001,-12.871333333333332,0.4145000000000003,32.0,48.75,5.0,176.5,5,2023,-13.1835
Manjakalpatti,2023-06-01,11.5031,77.8656,-13.1835,122,35.5,20.0,2.0,1,-12.911999999999999,-13.3265,-12.375499999999999,-13.140666666666666,-0.2715000000000014,95.75,32.0,48.75,163.25,6,2023,-13.822
Manjakalpatti,2023-07-01,11.5031,77.8656,-13.822,124,51.25,60.0,2.0,1,-13.1835,-12.911999999999999,-13.3265,-13.305833333333332,-0.6384999999999987,35.5,95.75,32.0,182.5,7,2023,-15.004
Manjakalpatti,2023-08-01,11.5031,77.8656,-15.004,122,96.5,37.0,2.0,1,-13.822,-13.1835,-12.911999999999999,-14.003166666666667,-1.1820000000000004,51.25,35.5,95.75,183.25,8,2023,-13.963000000000001
Manjakalpatti,2023-09-01,11.5031,77.8656,-13.963000000000001,118,262.5,90.0,2.0,1,-15.004,-13.822,-13.1835,-14.263,1.0409999999999986,96.5,51.25,35.5,410.25,9,2023,-13.605
Manjakalpatti,2023-10-01,11.5031,77.8656,-13.605,106,121.5,59.0,2.0,1,-13.963000000000001,-15.004,-13.822,-14.190666666666667,0.35800000000000054,262.5,96.5,51.25,480.5,10,2023,-11.7925
Manjakalpatti,2023-11-01,11.5031,77.8656,-11.7925,120,127.0,92.0,2.0,1,-13.605,-13.963000000000001,-15.004,-13.120166666666668,1.8125,121.5,262.5,96.5,511.0,11,2023,-11.098500000000001
Manjakalpatti,2023-12-01,11.5031,77.8656,-11.098500000000001,122,4.5,9.0,2.0,1,-11.7925,-13.605,-13.963000000000001,-12.165333333333335,0.6939999999999991,127.0,121.5,262.5,253.0,12,2023,-11.987
Manjakalpatti,2024-01-01,11.5031,77.8656,-11.987,124,21.25,20.0,2.0,1,-11.098500000000001,-11.7925,-13.605,-11.626,-0.8884999999999987,4.5,127.0,121.5,152.75,1,2024,-12.8915
Manjakalpatti,2024-02-01,11.5031,77.8656,-12.8915,114,,,,0,-11.987,-11.098500000000001,-11.7925,-11.992333333333335,-0.9045000000000005,21.25,4.5,127.0,25.75,2,2024,-14.6425
Manjakalpatti,2024-03-01,11.5031,77.8656,-14.6425,124,,,,0,-12.8915,-11.987,-11.098500000000001,-13.173666666666668,-1.7509999999999994,,21.25,4.5,21.25,3,2024,-16.177500000000002
Manjakalpatti,2024-04-01,11.5031,77.8656,-16.177500000000002,118,6.0,2.0,1.0,1,-14.6425,-12.8915,-11.987,-14.570500000000001,-1.535000000000002,,,21.25,6.0,4,2024,-17.037
Manjakalpatti,2024-05-01,11.5031,77.8656,-17.037,122,192.0,72.0,2.0,1,-16.177500000000002,-14.6425,-12.8915,-15.952333333333334,-0.859499999999997,6.0,,,198.0,5,2024,-13.674
Manjakalpatti,2024-06-01,11.5031,77.8656,-13.674,120,131.0,63.0,2.0,1,-17.037,-16.177500000000002,-14.6425,-15.6295,3.3629999999999995,192.0,6.0,,329.0,6,2024,-13.627500000000001
Manjakalpatti,2024-07-01,11.5031,77.8656,-13.627500000000001,116,68.25,55.0,2.0,1,-13.674,-17.037,-16.177500000000002,-14.779499999999999,0.04649999999999821,131.0,192.0,6.0,391.25,7,2024,-13.589
Manjakalpatti,2024-08-01,11.5031,77.8656,-13.589,108,197.75,95.0,2.0,1,-13.627500000000001,-13.674,-17.037,-13.630166666666668,0.03850000000000087,68.25,131.0,192.0,397.0,8,2024,-12.257
Manjakalpatti,2024-09-01,11.5031,77.8656,-12.257,121,28.0,17.0,2.0,1,-13.589,-13.627500000000001,-13.674,-13.157833333333334,1.3320000000000007,197.75,68.25,131.0,294.0,9,2024,-11.7865
Manjakalpatti,2024-10-01,11.5031,77.8656,-11.7865,122,207.75,113.0,2.0,1,-12.257,-13.589,-13.627500000000001,-12.544166666666667,0.4704999999999995,28.0,197.75,68.25,433.5,10,2024,-11.4695
Manjakalpatti,2024-11-01,11.5031,77.8656,-11.4695,110,43.25,50.0,2.0,1,-11.7865,-12.257,-13.589,-11.837666666666669,0.31700000000000017,207.75,28.0,197.75,279.0,11,2024,-10.485
Manjakalpatti,2024-12-01,11.5031,77.8656,-10.485,118,98.25,86.0,2.0,1,-11.4695,-11.7865,-12.257,-11.247,0.9845000000000006,43.25,207.75,28.0,349.25,12,2024,-10.891
Mannarpalayam,2021-04-01,11.6075,78.3989,-25.0485,118,,,,0,-23.382,-5.0395,-3.5985,-17.823333333333334,-1.6664999999999992,,,,,4,2021,-25.1455
Mannarpalayam,2021-05-01,11.6075,78.3989,-25.1455,124,,,,0,-25.0485,-23.382,-5.0395,-24.525333333333332,-0.09699999999999775,,,,,5,2021,-24.732
Mannarpalayam,2021-06-01,11.6075,78.3989,-24.732,120,,,,0,-25.1455,-25.0485,-23.382,-24.975333333333328,0.4134999999999991,,,,,6,2021,-20.717
Mannarpalayam,2021-07-01,11.6075,78.3989,-20.717,116,,,,0,-24.732,-25.1455,-25.0485,-23.531499999999994,4.015000000000001,,,,,7,2021,-19.426
Mannarpalayam,2021-08-01,11.6075,78.3989,-19.426,125,,,,0,-20.717,-24.732,-25.1455,-21.624999999999996,1.2910000000000004,,,,,8,2021,-20.465
Mannarpalayam,2021-09-01,11.6075,78.3989,-20.465,106,3.5,1.0,1.0,1,-19.426,-20.717,-24.732,-20.202666666666662,-1.0390000000000015,,,,3.5,9,2021,-20.9065
Mannarpalayam,2021-10-01,11.6075,78.3989,-20.9065,124,24.0,8.0,1.0,1,-20.465,-19.426,-20.717,-20.26583333333333,-0.44150000000000134,3.5,,,27.5,10,2021,-12.607
Mannarpalayam,2021-11-01,11.6075,78.3989,-12.607,120,152.0,111.0,2.0,1,-20.9065,-20.465,-19.426,-17.992833333333333,8.299500000000002,24.0,3.5,,179.5,11,2021,-8.883500000000002
Mannarpalayam,2021-12-01,11.6075,78.3989,-8.883500000000002,124,6.5,2.0,1.0,1,-12.607,-20.9065,-20.465,-14.13233333333333,3.723499999999998,152.0,24.0,3.5,182.5,12,2021,-12.136
Mannarpalayam,2022-01-01,11.6075,78.3989,-12.136,124,0.5,1.0,1.0,1,-8.883500000000002,-12.607,-20.9065,-11.208833333333331,-3.2524999999999977,6.5,152.0,24.0,159.0,1,2022,-15.046
Mannarpalayam,2022-02-01,11.6075,78.3989,-15.046,112,,,,0,-12.136,-8.883500000000002,-12.607,-12.021833333333333,-2.91,0.5,6.5,152.0,7.0,2,2022,-16.9705
Mannarpalayam,2022-03-01,11.6075,78.3989,-16.9705,124,1900.25,14.0,2.0,1,-15.046,-12.136,-8.883500000000002,-14.7175,-1.9245000000000019,,0.5,6.5,1900.75,3,2022,-17.9735
Mannarpalayam,2022-04-01,11.6075,78.3989,-17.9735,118,79.25,38.0,2.0,1,-16.9705,-15.046,-12.136,-16.66333333333333,-1.0030000000000001,1900.25,,0.5,1979.5,4,2022,-17.83
Mannarpalayam,2022-05-01,11.6075,78.3989,-17.83,32,24.0,2.0,1.0,1,-17.9735,-16.9705,-15.046,-17.591333333333335,0.14350000000000307,79.25,1900.25,,2003.5,5,2022,-18.3415
Mannarpalayam,2022-06-01,11.6075,78.3989,-18.3415,120,82.0,35.0,2.0,1,-17.83,-17.9735,-16.9705,-18.048333333333332,-0.5115000000000016,24.0,79.25,1900.25,185.25,6,2022,-18.697499999999998
Mannarpalayam,2022-07-01,11.6075,78.3989,-18.697499999999998,124,53.0,55.0,2.0,1,-18.3415,-17.83,-17.9735,-18.289666666666665,-0.3559999999999981,82.0,24.0,79.25,159.0,7,2022,-17.019
Mannarpalayam,2022-08-01,11.6075,78.3989,-17.019,58,214.75,92.0,2.0,1,-18.697499999999998,-18.3415,-17.83,-18.019333333333332,1.6784999999999997,53.0,82.0,24.0,349.75,8,2022,-11.601
Mannarpalayam,2022-10-01,11.6075,78.3989,-11.601,19,126.5,64.0,2.0,1,-17.019,-18.697499999999998,-18.3415,-15.772499999999999,5.4179999999999975,214.75,53.0,82.0,394.25,10,2022,-10.282
Mannarpalayam,2022-11-01,11.6075,78.3989,-10.282,121,101.25,71.0,2.0,1,-11.601,-17.019,-18.697499999999998,-12.96733333333333,1.3190000000000008,126.5,214.75,53.0,442.5,11,2022,-9.942
Mannarpalayam,2022-12-01,11.6075,78.3989,-9.942,116,51.0,67.0,2.0,1,-10.282,-11.601,-17.019,-10.608333333333333,0.33999999999999986,101.25,126.5,214.75,278.75,12,2022,-12.864
Mannarpalayam,2023-01-01,11.6075,78.3989,-12.864,112,2.5,7.0,2.0,1,-9.942,-10.282,-11.601,-11.029333333333334,-2.9220000000000006,51.0,101.25,126.5,154.75,1,2023,-14.3305
Mannarpalayam,2023-02-01,11.6075,78.3989,-14.3305,112,5.0,4.0,1.0,1,-12.864,-9.942,-10.282,-12.378833333333333,-1.4665,2.5,51.0,101.25,58.5,2,2023,-15.8125
Mannarpalayam,2023-03-01,11.6075,78.3989,-15.8125,120,48.75,17.0,2.0,1,-14.3305,-12.864,-9.942,-14.335666666666667,-1.4819999999999993,5.0,2.5,51.0,56.25,3,2023,-16.038
Mannarpalayam,2023-04-01,11.6075,78.3989,-16.038,116,32.0,14.0,2.0,1,-15.8125,-14.3305,-12.864,-15.393666666666666,-0.22550000000000026,48.75,5.0,2.5,85.75,4,2023,-16.746
Mannarpalayam,2023-05-01,11.6075,78.3989,-16.746,85,95.75,64.0,2.0,1,-16.038,-15.8125,-14.3305,-16.19883333333333,-0.7079999999999984,32.0,48.75,5.0,176.5,5,2023,-18.1025
Mannarpalayam,2023-06-01,11.6075,78.3989,-18.1025,122,35.5,20.0,2.0,1,-16.746,-16.038,-15.8125,-16.962166666666665,-1.3565000000000005,95.75,32.0,48.75,163.25,6,2023,-19.225
Mannarpalayam,2023-07-01,11.6075,78.3989,-19.225,122,51.25,60.0,2.0,1,-18.1025,-16.746,-16.038,-18.0245,-1.1225000000000023,35.5,95.75,32.0,182.5,7,2023,-20.7275
Mannarpalayam,2023-08-01,11.6075,78.3989,-20.7275,124,96.5,37.0,2.0,1,-19.225,-18.1025,-16.746,-19.351666666666663,-1.5024999999999977,51.25,35.5,95.75,183.25,8,2023,-20.447000000000003
Mannarpalayam,2023-09-01,11.6075,78.3989,-20.447000000000003,120,262.5,90.0,2.0,1,-20.7275,-19.225,-18.1025,-20.133166666666664,0.2804999999999964,96.5,51.25,35.5,410.25,9,2023,-18.3515
Mannarpalayam,2023-10-01,11.6075,78.3989,-18.3515,106,121.5,59.0,2.0,1,-20.447000000000003,-20.7275,-19.225,-19.842,2.0955000000000013,262.5,96.5,51.25,480.5,10,2023,-16.398
Mannarpalayam,2023-11-01,11.6075,78.3989,-16.398,120,127.0,92.0,2.0,1,-18.3515,-20.447000000000003,-20.7275,-18.398833333333332,1.9535000000000018,121.5,262.5,96.5,511.0,11,2023,-17.294
Mannarpalayam,2023-12-01,11.6075,78.3989,-17.294,122,4.5,9.0,2.0,1,-16.398,-18.3515,-20.447000000000003,-17.34783333333333,-0.8960000000000008,127.0,121.5,262.5,253.0,12,2023,-19.8595
Mannarpalayam,2024-01-01,11.6075,78.3989,-19.8595,122,21.25,20.0,2.0,1,-17.294,-16.398,-18.3515,-17.8505,-2.5655,4.5,127.0,121.5,152.75,1,2024,-21.296
Mannarpalayam,2024-02-01,11.6075,78.3989,-21.296,109,,,,0,-19.8595,-17.294,-16.398,-19.483166666666666,-1.4364999999999988,21.25,4.5,127.0,25.75,2,2024,-21.123
Mannarpalayam,2024-03-01,11.6075,78.3989,-21.123,115,,,,0,-21.296,-19.8595,-17.294,-20.7595,0.17299999999999827,,21.25,4.5,21.25,3,2024,-22.337
Mannarpalayam,2024-04-01,11.6075,78.3989,-22.337,63,6.0,2.0,1.0,1,-21.123,-21.296,-19.8595,-21.585333333333335,-1.2139999999999986,,,21.25,6.0,4,2024,-20.363
Mannarpalayam,2024-05-01,11.6075,78.3989,-20.363,27,192.0,72.0,2.0,1,-22.337,-21.123,-21.296,-21.27433333333333,1.9740000000000002,6.0,,,198.0,5,2024,-20.384
Mannarpalayam,2024-06-01,11.6075,78.3989,-20.384,120,131.0,63.0,2.0,1,-20.363,-22.337,-21.123,-21.027999999999995,-0.021000000000000796,192.0,6.0,,329.0,6,2024,-20.892
Mannarpalayam,2024-07-01,11.6075,78.3989,-20.892,125,68.25,55.0,2.0,1,-20.384,-20.363,-22.337,-20.546333333333333,-0.5079999999999991,131.0,192.0,6.0,391.25,7,2024,-18.942
Mannarpalayam,2024-08-01,11.6075,78.3989,-18.942,108,197.75,95.0,2.0,1,-20.892,-20.384,-20.363,-20.072666666666663,1.9499999999999993,68.25,131.0,192.0,397.0,8,2024,-19.261
Mannarpalayam,2024-09-01,11.6075,78.3989,-19.261,120,28.0,17.0,2.0,1,-18.942,-20.892,-20.384,-19.69833333333333,-0.31899999999999906,197.75,68.25,131.0,294.0,9,2024,-19.499499999999998
Mannarpalayam,2024-10-01,11.6075,78.3989,-19.499499999999998,124,207.75,113.0,2.0,1,-19.261,-18.942,-20.892,-19.234166666666663,-0.23849999999999838,28.0,197.75,68.25,433.5,10,2024,-17.7605
Mannarpalayam,2024-11-01,11.6075,78.3989,-17.7605,112,43.25,50.0,2.0,1,-19.499499999999998,-19.261,-18.942,-18.84033333333333,1.7389999999999972,207.75,28.0,197.75,279.0,11,2024,-9.3005
Mannarpalayam,2024-12-01,11.6075,78.3989,-9.3005,116,98.25,86.0,2.0,1,-17.7605,-19.499499999999998,-19.261,-15.520166666666663,8.46,43.25,207.75,28.0,349.25,12,2024,-11.746500000000001
Mannarpalayam,2025-01-01,11.6075,78.3989,-11.746500000000001,114,5.75,8.0,2.0,1,-9.3005,-17.7605,-19.499499999999998,-12.93583333333333,-2.4460000000000015,98.25,43.25,207.75,147.25,1,2025,-14.9255
Mannarpalayam,2025-02-01,11.6075,78.3989,-14.9255,112,,,,0,-11.746500000000001,-9.3005,-17.7605,-11.990833333333333,-3.1789999999999985,5.75,98.25,43.25,104.0,2,2025,-16.6385
Mannarpalayam,2025-03-01,11.6075,78.3989,-16.6385,120,13.25,21.0,2.0,1,-14.9255,-11.746500000000001,-9.3005,-14.43683333333333,-1.713000000000001,,5.75,98.25,19.0,3,2025,-17.926
Mannarpalayam,2025-04-01,11.6075,78.3989,-17.926,63,14.0,7.0,2.0,1,-16.6385,-14.9255,-11.746500000000001,-16.496666666666666,-1.2874999999999979,13.25,,5.75,27.25,4,2025,-21.753
Moolakadu,2021-04-01,11.8139,77.7861,-6.2219999999999995,120,,,,0,-4.593,-3.865,-2.6075,-4.8933333333333335,-1.6289999999999996,,,,,4,2021,-7.2285
Moolakadu,2021-05-01,11.8139,77.7861,-7.2285,124,,,,0,-6.2219999999999995,-4.593,-3.865,-6.014500000000001,-1.0065000000000008,,,,,5,2021,-8.352
Moolakadu,2021-06-01,11.8139,77.7861,-8.352,120,,,,0,-7.2285,-6.2219999999999995,-4.593,-7.267500000000001,-1.1235,,,,,6,2021,-8.784
Moolakadu,2021-07-01,11.8139,77.7861,-8.784,114,,,,0,-8.352,-7.2285,-6.2219999999999995,-8.1215,-0.4320000000000004,,,,,7,2021,-8.96
Moolakadu,2021-08-01,11.8139,77.7861,-8.96,125,,,,0,-8.784,-8.352,-7.2285,-8.698666666666668,-0.17600000000000016,,,,,8,2021,-8.391
Moolakadu,2021-09-01,11.8139,77.7861,-8.391,106,3.5,1.0,1.0,1,-8.96,-8.784,-8.352,-8.711666666666668,0.5690000000000008,,,,3.5,9,2021,-6.602
Moolakadu,2021-10-01,11.8139,77.7861,-6.602,124,24.0,8.0,1.0,1,-8.391,-8.96,-8.784,-7.984333333333333,1.7889999999999997,3.5,,,27.5,10,2021,-3.8055000000000003
Moolakadu,2021-11-01,11.8139,77.7861,-3.8055000000000003,120,152.0,111.0,2.0,1,-6.602,-8.391,-8.96,-6.266166666666667,2.7965,24.0,3.5,,179.5,11,2021,-1.728
Moolakadu,2021-12-01,11.8139,77.7861,-1.728,124,6.5,2.0,1.0,1,-3.8055000000000003,-6.602,-8.391,-4.045166666666667,2.0775000000000006,152.0,24.0,3.5,182.5,12,2021,-2.2255000000000003
Moolakadu,2022-01-01,11.8139,77.7861,-2.2255000000000003,124,0.5,1.0,1.0,1,-1.728,-3.8055000000000003,-6.602,-2.5863333333333336,-0.4975000000000003,6.5,152.0,24.0,159.0,1,2022,-2.8325
Moolakadu,2022-02-01,11.8139,77.7861,-2.8325,112,,,,0,-2.2255000000000003,-1.728,-3.8055000000000003,-2.262,-0.6069999999999998,0.5,6.5,152.0,7.0,2,2022,-3.4210000000000003
Moolakadu,2022-03-01,11.8139,77.7861,-3.4210000000000003,124,1900.25,14.0,2.0,1,-2.8325,-2.2255000000000003,-1.728,-2.826333333333334,-0.5885000000000002,,0.5,6.5,1900.75,3,2022,-4.138
Moolakadu,2022-04-01,11.8139,77.7861,-4.138,117,79.25,38.0,2.0,1,-3.4210000000000003,-2.8325,-2.2255000000000003,-3.4638333333333335,-0.7169999999999996,1900.25,,0.5,1979.5,4,2022,-1.6335
Moolakadu,2022-05-01,11.8139,77.7861,-1.6335,32,24.0,2.0,1.0,1,-4.138,-3.4210000000000003,-2.8325,-3.064166666666667,2.5045,79.25,1900.25,,2003.5,5,2022,-1.634
Moolakadu,2022-06-01,11.8139,77.7861,-1.634,120,82.0,35.0,2.0,1,-1.6335,-4.138,-3.4210000000000003,-2.4685,-0.0004999999999999449,24.0,79.25,1900.25,185.25,6,2022,-1.8695
Moolakadu,2022-07-01,11.8139,77.7861,-1.8695,124,53.0,55.0,2.0,1,-1.634,-1.6335,-4.138,-1.7123333333333333,-0.23550000000000004,82.0,24.0,79.25,159.0,7,2022,-1.52
Moolakadu,2022-08-01,11.8139,77.7861,-1.52,122,214.75,92.0,2.0,1,-1.8695,-1.634,-1.6335,-1.6745,0.3494999999999999,53.0,82.0,24.0,349.75,8,2022,-1.6324999999999998
Moolakadu,2022-09-01,11.8139,77.7861,-1.6324999999999998,120,15.25,26.0,2.0,1,-1.52,-1.8695,-1.634,-1.6739999999999997,-0.11249999999999982,214.75,53.0,82.0,283.0,9,2022,-1.416
Moolakadu,2022-10-01,11.8139,77.7861,-1.416,122,126.5,64.0,2.0,1,-1.6324999999999998,-1.52,-1.8695,-1.5228333333333335,0.21649999999999991,15.25,214.75,53.0,356.5,10,2022,-1.545
Moolakadu,2022-11-01,11.8139,77.7861,-1.545,120,101.25,71.0,2.0,1,-1.416,-1.6324999999999998,-1.52,-1.5311666666666666,-0.129,126.5,15.25,214.75,243.0,11,2022,-1.5285
Moolakadu,2022-12-01,11.8139,77.7861,-1.5285,120,51.0,67.0,2.0,1,-1.545,-1.416,-1.6324999999999998,-1.4965,0.01649999999999996,101.25,126.5,15.25,278.75,12,2022,-2.1915
Moolakadu,2023-01-01,11.8139,77.7861,-2.1915,104,2.5,7.0,2.0,1,-1.5285,-1.545,-1.416,-1.755,-0.663,51.0,101.25,126.5,154.75,1,2023,-2.3535
Moolakadu,2023-02-01,11.8139,77.7861,-2.3535,112,5.0,4.0,1.0,1,-2.1915,-1.5285,-1.545,-2.0244999999999997,-0.16199999999999992,2.5,51.0,101.25,58.5,2,2023,-2.584
Moolakadu,2023-03-01,11.8139,77.7861,-2.584,126,48.75,17.0,2.0,1,-2.3535,-2.1915,-1.5285,-2.3763333333333336,-0.23050000000000015,5.0,2.5,51.0,56.25,3,2023,-2.971
Moolakadu,2023-04-01,11.8139,77.7861,-2.971,112,32.0,14.0,2.0,1,-2.584,-2.3535,-2.1915,-2.6361666666666665,-0.387,48.75,5.0,2.5,85.75,4,2023,-3.9735
Moolakadu,2023-05-01,11.8139,77.7861,-3.9735,108,95.75,64.0,2.0,1,-2.971,-2.584,-2.3535,-3.1761666666666666,-1.0025,32.0,48.75,5.0,176.5,5,2023,-4.92
Moolakadu,2023-06-01,11.8139,77.7861,-4.92,120,35.5,20.0,2.0,1,-3.9735,-2.971,-2.584,-3.954833333333333,-0.9464999999999999,95.75,32.0,48.75,163.25,6,2023,-5.455
Moolakadu,2023-07-01,11.8139,77.7861,-5.455,122,51.25,60.0,2.0,1,-4.92,-3.9735,-2.971,-4.7828333333333335,-0.5350000000000001,35.5,95.75,32.0,182.5,7,2023,-6.115
Moolakadu,2023-08-01,11.8139,77.7861,-6.115,124,96.5,37.0,2.0,1,-5.455,-4.92,-3.9735,-5.496666666666667,-0.6600000000000001,51.25,35.5,95.75,183.25,8,2023,-5.293
Moolakadu,2023-09-01,11.8139,77.7861,-5.293,120,262.5,90.0,2.0,1,-6.115,-5.455,-4.92,-5.6209999999999996,0.8220000000000001,96.5,51.25,35.5,410.25,9,2023,-2.18
Moolakadu,2023-10-01,11.8139,77.7861,-2.18,110,121.5,59.0,2.0,1,-5.293,-6.115,-5.455,-4.529333333333334,3.113,262.5,96.5,51.25,480.5,10,2023,-1.7605
Moolakadu,2023-11-01,11.8139,77.7861,-1.7605,120,127.0,92.0,2.0,1,-2.18,-5.293,-6.115,-3.077833333333333,0.4195000000000002,121.5,262.5,96.5,511.0,11,2023,-1.945
Moolakadu,2023-12-01,11.8139,77.7861,-1.945,122,4.5,9.0,2.0,1,-1.7605,-2.18,-5.293,-1.9618333333333335,-0.1845000000000001,127.0,121.5,262.5,253.0,12,2023,-2.3215000000000003
Moolakadu,2024-01-01,11.8139,77.7861,-2.3215000000000003,124,21.25,20.0,2.0,1,-1.945,-1.7605,-2.18,-2.0090000000000003,-0.3765000000000003,4.5,127.0,121.5,152.75,1,2024,-3.4695
Moolakadu,2024-02-01,11.8139,77.7861,-3.4695,116,,,,0,-2.3215000000000003,-1.945,-1.7605,-2.578666666666667,-1.1479999999999997,21.25,4.5,127.0,25.75,2,2024,-5.369
Moolakadu,2024-03-01,11.8139,77.7861,-5.369,122,,,,0,-3.4695,-2.3215000000000003,-1.945,-3.72,-1.8994999999999997,,21.25,4.5,21.25,3,2024,-7.114000000000001
Moolakadu,2024-04-01,11.8139,77.7861,-7.114000000000001,120,6.0,2.0,1.0,1,-5.369,-3.4695,-2.3215000000000003,-5.3175,-1.745000000000001,,,21.25,6.0,4,2024,-7.882
Moolakadu,2024-05-01,11.8139,77.7861,-7.882,122,192.0,72.0,2.0,1,-7.114000000000001,-5.369,-3.4695,-6.788333333333334,-0.7679999999999989,6.0,,,198.0,5,2024,-6.1155
Moolakadu,2024-06-01,11.8139,77.7861,-6.1155,120,131.0,63.0,2.0,1,-7.882,-7.114000000000001,-5.369,-7.037166666666667,1.7664999999999997,192.0,6.0,,329.0,6,2024,-4.016500000000001
Moolakadu,2024-07-01,11.8139,77.7861,-4.016500000000001,124,68.25,55.0,2.0,1,-6.1155,-7.882,-7.114000000000001,-6.004666666666668,2.0989999999999993,131.0,192.0,6.0,391.25,7,2024,-3.944
Moolakadu,2024-08-01,11.8139,77.7861,-3.944,123,197.75,95.0,2.0,1,-4.016500000000001,-6.1155,-7.882,-4.692,0.07250000000000068,68.25,131.0,192.0,397.0,8,2024,-3.883
Moolakadu,2024-09-01,11.8139,77.7861,-3.883,121,28.0,17.0,2.0,1,-3.944,-4.016500000000001,-6.1155,-3.947833333333334,0.06099999999999994,197.75,68.25,131.0,294.0,9,2024,-3.768
Moolakadu,2024-10-01,11.8139,77.7861,-3.768,124,207.75,113.0,2.0,1,-3.883,-3.944,-4.016500000000001,-3.865,0.11500000000000021,28.0,197.75,68.25,433.5,10,2024,-2.3274999999999997
Moolakadu,2024-11-01,11.8139,77.7861,-2.3274999999999997,118,43.25,50.0,2.0,1,-3.768,-3.883,-3.944,-3.326166666666667,1.4405000000000001,207.75,28.0,197.75,279.0,11,2024,-2.5309999999999997
Moolakadu,2024-12-01,11.8139,77.7861,-2.5309999999999997,124,98.25,86.0,2.0,1,-2.3274999999999997,-3.768,-3.883,-2.8755,-0.20350000000000001,43.25,207.75,28.0,349.25,12,2024,-2.873
Moolakadu,2025-01-01,11.8139,77.7861,-2.873,122,5.75,8.0,2.0,1,-2.5309999999999997,-2.3274999999999997,-3.768,-2.577166666666667,-0.3420000000000005,98.25,43.25,207.75,147.25,1,2025,-3.9355
Moolakadu,2025-02-01,11.8139,77.7861,-3.9355,112,,,,0,-2.873,-2.5309999999999997,-2.3274999999999997,-3.113166666666667,-1.0625,5.75,98.25,43.25,104.0,2,2025,-4.903
Moolakadu,2025-03-01,11.8139,77.7861,-4.903,112,13.25,21.0,2.0,1,-3.9355,-2.873,-2.5309999999999997,-3.9038333333333335,-0.9674999999999994,,5.75,98.25,19.0,3,2025,-5.717
Murungapatty,2021-06-01,11.6414,78.0389,-8.847999999999999,120,,,,0,-7.915,-6.624499999999999,-6.3405000000000005,-7.795833333333332,-0.9329999999999989,,,,,6,2021,-8.3325
Murungapatty,2021-07-01,11.6414,78.0389,-8.3325,116,,,,0,-8.847999999999999,-7.915,-6.624499999999999,-8.365166666666667,0.5154999999999994,,,,,7,2021,-7.441
Murungapatty,2021-08-01,11.6414,78.0389,-7.441,125,,,,0,-8.3325,-8.847999999999999,-7.915,-8.207166666666666,0.8914999999999997,,,,,8,2021,-7.2485
Murungapatty,2021-09-01,11.6414,78.0389,-7.2485,104,3.5,1.0,1.0,1,-7.441,-8.3325,-8.847999999999999,-7.6739999999999995,0.1924999999999999,,,,3.5,9,2021,-6.0915
Murungapatty,2021-10-01,11.6414,78.0389,-6.0915,124,24.0,8.0,1.0,1,-7.2485,-7.441,-8.3325,-6.927,1.157,3.5,,,27.5,10,2021,-4.928
Murungapatty,2021-11-01,11.6414,78.0389,-4.928,98,152.0,111.0,2.0,1,-6.0915,-7.2485,-7.441,-6.089333333333333,1.1635,24.0,3.5,,179.5,11,2021,-4.446
Murungapatty,2022-01-01,11.6414,78.0389,-4.446,86,0.5,1.0,1.0,1,-4.928,-6.0915,-7.2485,-5.155166666666666,0.4820000000000002,152.0,24.0,3.5,176.5,1,2022,-5.2075
Murungapatty,2022-02-01,11.6414,78.0389,-5.2075,112,,,,0,-4.446,-4.928,-6.0915,-4.860499999999999,-0.7614999999999998,0.5,152.0,24.0,152.5,2,2022,-6.2620000000000005
Murungapatty,2022-03-01,11.6414,78.0389,-6.2620000000000005,124,1900.25,14.0,2.0,1,-5.2075,-4.446,-4.928,-5.305166666666666,-1.0545000000000009,,0.5,152.0,1900.75,3,2022,-7.142
Murungapatty,2022-04-01,11.6414,78.0389,-7.142,117,79.25,38.0,2.0,1,-6.2620000000000005,-5.2075,-4.446,-6.203833333333333,-0.8799999999999999,1900.25,,0.5,1979.5,4,2022,-6.906
Murungapatty,2022-05-01,11.6414,78.0389,-6.906,33,24.0,2.0,1.0,1,-7.142,-6.2620000000000005,-5.2075,-6.77,0.23600000000000065,79.25,1900.25,,2003.5,5,2022,-7.1045
Murungapatty,2022-06-01,11.6414,78.0389,-7.1045,120,82.0,35.0,2.0,1,-6.906,-7.142,-6.2620000000000005,-7.050833333333332,-0.19850000000000012,24.0,79.25,1900.25,185.25,6,2022,-7.681
Murungapatty,2022-07-01,11.6414,78.0389,-7.681,124,53.0,55.0,2.0,1,-7.1045,-6.906,-7.142,-7.230499999999999,-0.5765000000000002,82.0,24.0,79.25,159.0,7,2022,-5.5135000000000005
Murungapatty,2022-08-01,11.6414,78.0389,-5.5135000000000005,124,214.75,92.0,2.0,1,-7.681,-7.1045,-6.906,-6.766333333333333,2.1674999999999995,53.0,82.0,24.0,349.75,8,2022,-4.218
Murungapatty,2022-09-01,11.6414,78.0389,-4.218,120,15.25,26.0,2.0,1,-5.5135000000000005,-7.681,-7.1045,-5.804166666666666,1.2955000000000005,214.75,53.0,82.0,283.0,9,2022,-4.163
Murungapatty,2022-10-01,11.6414,78.0389,-4.163,112,126.5,64.0,2.0,1,-4.218,-5.5135000000000005,-7.681,-4.631499999999999,0.054999999999999716,15.25,214.75,53.0,356.5,10,2022,-2.066
Murungapatty,2022-11-01,11.6414,78.0389,-2.066,120,101.25,71.0,2.0,1,-4.163,-4.218,-5.5135000000000005,-3.4823333333333326,2.0970000000000004,126.5,15.25,214.75,243.0,11,2022,-2.064
Murungapatty,2022-12-01,11.6414,78.0389,-2.064,122,51.0,67.0,2.0,1,-2.066,-4.163,-4.218,-2.764333333333333,0.0019999999999997797,101.25,126.5,15.25,278.75,12,2022,-2.7145
Murungapatty,2023-01-01,11.6414,78.0389,-2.7145,124,2.5,7.0,2.0,1,-2.064,-2.066,-4.163,-2.2814999999999994,-0.6505000000000001,51.0,101.25,126.5,154.75,1,2023,-3.262
Murungapatty,2023-02-01,11.6414,78.0389,-3.262,113,5.0,4.0,1.0,1,-2.7145,-2.064,-2.066,-2.680166666666666,-0.5474999999999999,2.5,51.0,101.25,58.5,2,2023,-3.997
Murungapatty,2023-03-01,11.6414,78.0389,-3.997,116,48.75,17.0,2.0,1,-3.262,-2.7145,-2.064,-3.324499999999999,-0.7349999999999999,5.0,2.5,51.0,56.25,3,2023,-4.672000000000001
Murungapatty,2023-04-01,11.6414,78.0389,-4.672000000000001,116,32.0,14.0,2.0,1,-3.997,-3.262,-2.7145,-3.976999999999999,-0.6750000000000007,48.75,5.0,2.5,85.75,4,2023,-4.042
Murungapatty,2023-05-01,11.6414,78.0389,-4.042,103,95.75,64.0,2.0,1,-4.672000000000001,-3.997,-3.262,-4.236999999999999,0.6300000000000008,32.0,48.75,5.0,176.5,5,2023,-4.127
Murungapatty,2023-06-01,11.6414,78.0389,-4.127,117,35.5,20.0,2.0,1,-4.042,-4.672000000000001,-3.997,-4.280333333333332,-0.08499999999999996,95.75,32.0,48.75,163.25,6,2023,-4.26
Murungapatty,2023-07-01,11.6414,78.0389,-4.26,124,51.25,60.0,2.0,1,-4.127,-4.042,-4.672000000000001,-4.142999999999999,-0.133,35.5,95.75,32.0,182.5,7,2023,-4.886
Murungapatty,2023-08-01,11.6414,78.0389,-4.886,124,96.5,37.0,2.0,1,-4.26,-4.127,-4.042,-4.424333333333332,-0.6260000000000003,51.25,35.5,95.75,183.25,8,2023,-4.656000000000001
Murungapatty,2023-09-01,11.6414,78.0389,-4.656000000000001,120,262.5,90.0,2.0,1,-4.886,-4.26,-4.127,-4.600666666666666,0.22999999999999954,96.5,51.25,35.5,410.25,9,2023,-4.73
Murungapatty,2023-10-01,11.6414,78.0389,-4.73,110,121.5,59.0,2.0,1,-4.656000000000001,-4.886,-4.26,-4.7573333333333325,-0.07399999999999984,262.5,96.5,51.25,480.5,10,2023,-4.5794999999999995
Murungapatty,2023-11-01,11.6414,78.0389,-4.5794999999999995,120,127.0,92.0,2.0,1,-4.73,-4.656000000000001,-4.886,-4.655166666666666,0.15050000000000097,121.5,262.5,96.5,511.0,11,2023,-4.4155
Murungapatty,2023-12-01,11.6414,78.0389,-4.4155,120,4.5,9.0,2.0,1,-4.5794999999999995,-4.73,-4.656000000000001,-4.574999999999999,0.1639999999999997,127.0,121.5,262.5,253.0,12,2023,-4.811
Murungapatty,2024-01-01,11.6414,78.0389,-4.811,122,21.25,20.0,2.0,1,-4.4155,-4.5794999999999995,-4.73,-4.601999999999999,-0.3955000000000002,4.5,127.0,121.5,152.75,1,2024,-6.149
Murungapatty,2024-02-01,11.6414,78.0389,-6.149,112,,,,0,-4.811,-4.4155,-4.5794999999999995,-5.125166666666666,-1.338,21.25,4.5,127.0,25.75,2,2024,-6.970000000000001
Murungapatty,2024-03-01,11.6414,78.0389,-6.970000000000001,124,,,,0,-6.149,-4.811,-4.4155,-5.976666666666667,-0.8210000000000006,,21.25,4.5,21.25,3,2024,-7.924
Murungapatty,2024-04-01,11.6414,78.0389,-7.924,117,6.0,2.0,1.0,1,-6.970000000000001,-6.149,-4.811,-7.014333333333333,-0.9539999999999997,,,21.25,6.0,4,2024,-8.7425
Murungapatty,2024-05-01,11.6414,78.0389,-8.7425,124,192.0,72.0,2.0,1,-7.924,-6.970000000000001,-6.149,-7.878833333333333,-0.8184999999999993,6.0,,,198.0,5,2024,-7.897
Murungapatty,2024-06-01,11.6414,78.0389,-7.897,120,131.0,63.0,2.0,1,-8.7425,-7.924,-6.970000000000001,-8.187833333333332,0.8454999999999995,192.0,6.0,,329.0,6,2024,-8.5545
Murungapatty,2024-07-01,11.6414,78.0389,-8.5545,120,68.25,55.0,2.0,1,-7.897,-8.7425,-7.924,-8.398000000000001,-0.6575000000000006,131.0,192.0,6.0,391.25,7,2024,-7.6129999999999995
Murungapatty,2024-08-01,11.6414,78.0389,-7.6129999999999995,104,197.75,95.0,2.0,1,-8.5545,-7.897,-8.7425,-8.021500000000001,0.9415000000000013,68.25,131.0,192.0,397.0,8,2024,-6.96
Murungapatty,2024-09-01,11.6414,78.0389,-6.96,119,28.0,17.0,2.0,1,-7.6129999999999995,-8.5545,-7.897,-7.709166666666666,0.6529999999999996,197.75,68.25,131.0,294.0,9,2024,-6.7885
Murungapatty,2024-10-01,11.6414,78.0389,-6.7885,122,207.75,113.0,2.0,1,-6.96,-7.6129999999999995,-8.5545,-7.1205,0.17149999999999999,28.0,197.75,68.25,433.5,10,2024,-5.9465
Murungapatty,2024-11-01,11.6414,78.0389,-5.9465,114,43.25,50.0,2.0,1,-6.7885,-6.96,-7.6129999999999995,-6.565,0.8419999999999996,207.75,28.0,197.75,279.0,11,2024,-4.4975000000000005
Murungapatty,2024-12-01,11.6414,78.0389,-4.4975000000000005,124,98.25,86.0,2.0,1,-5.9465,-6.7885,-6.96,-5.744166666666666,1.4489999999999998,43.25,207.75,28.0,349.25,12,2024,-4.375500000000001
Murungapatty,2025-01-01,11.6414,78.0389,-4.375500000000001,118,5.75,8.0,2.0,1,-4.4975000000000005,-5.9465,-6.7885,-4.9398333333333335,0.12199999999999989,98.25,43.25,207.75,147.25,1,2025,-5.0205
Murungapatty,2025-02-01,11.6414,78.0389,-5.0205,112,,,,0,-4.375500000000001,-4.4975000000000005,-5.9465,-4.631166666666666,-0.6449999999999996,5.75,98.25,43.25,104.0,2,2025,-6.136
Murungapatty,2025-03-01,11.6414,78.0389,-6.136,120,13.25,21.0,2.0,1,-5.0205,-4.375500000000001,-4.4975000000000005,-5.177333333333333,-1.1155,,5.75,98.25,19.0,3,2025,-6.67
Murungapatty,2025-04-01,11.6414,78.0389,-6.67,61,14.0,7.0,2.0,1,-6.136,-5.0205,-4.375500000000001,-5.942166666666666,-0.5339999999999998,13.25,,5.75,27.25,4,2025,-5.161
Muthiyampatti,2024-06-01,11.64942,77.895854,-26.805,120,131.0,63.0,2.0,1,-40.644999999999996,-30.4,-19.93,-32.61666666666667,13.839999999999996,192.0,6.0,,329.0,6,2024,-25.32
Muthiyampatti,2024-07-01,11.64942,77.895854,-25.32,124,68.25,55.0,2.0,1,-26.805,-40.644999999999996,-30.4,-30.923333333333332,1.4849999999999994,131.0,192.0,6.0,391.25,7,2024,-17.445
Muthiyampatti,2024-08-01,11.64942,77.895854,-17.445,120,197.75,95.0,2.0,1,-25.32,-26.805,-40.644999999999996,-23.189999999999998,7.875,68.25,131.0,192.0,397.0,8,2024,-8.555
Muthiyampatti,2024-09-01,11.64942,77.895854,-8.555,120,28.0,17.0,2.0,1,-17.445,-25.32,-26.805,-17.106666666666666,8.89,197.75,68.25,131.0,294.0,9,2024,-5.71
Muthiyampatti,2024-10-01,11.64942,77.895854,-5.71,117,207.75,113.0,2.0,1,-8.555,-17.445,-25.32,-10.57,2.8449999999999998,28.0,197.75,68.25,433.5,10,2024,-7.04
Muthiyampatti,2024-11-01,11.64942,77.895854,-7.04,119,43.25,50.0,2.0,1,-5.71,-8.555,-17.445,-7.101666666666667,-1.33,207.75,28.0,197.75,279.0,11,2024,-6.21
Muthiyampatti,2024-12-01,11.64942,77.895854,-6.21,120,98.25,86.0,2.0,1,-7.04,-5.71,-8.555,-6.32,0.8300000000000001,43.25,207.75,28.0,349.25,12,2024,-7.91
Muthiyampatti,2025-01-01,11.64942,77.895854,-7.91,124,5.75,8.0,2.0,1,-6.21,-7.04,-5.71,-7.053333333333334,-1.7000000000000002,98.25,43.25,207.75,147.25,1,2025,-8.215
Muthiyampatti,2025-02-01,11.64942,77.895854,-8.215,112,,,,0,-7.91,-6.21,-7.04,-7.445,-0.3049999999999997,5.75,98.25,43.25,104.0,2,2025,-9.14
Muthiyampatti,2025-03-01,11.64942,77.895854,-9.14,112,13.25,21.0,2.0,1,-8.215,-7.91,-6.21,-8.421666666666667,-0.9250000000000007,,5.75,98.25,19.0,3,2025,-10.15
Muthiyampatti,2025-04-01,11.64942,77.895854,-10.15,104,14.0,7.0,2.0,1,-9.14,-8.215,-7.91,-9.168333333333335,-1.0099999999999998,13.25,,5.75,27.25,4,2025,-12.315000000000001
Muthiyampatti,2025-05-01,11.64942,77.895854,-12.315000000000001,112,216.0,75.0,2.0,1,-10.15,-9.14,-8.215,-10.535000000000002,-2.165000000000001,14.0,13.25,,243.25,5,2025,-9.81
Muthiyampatti,2025-06-01,11.64942,77.895854,-9.81,117,69.0,32.0,2.0,1,-12.315000000000001,-10.15,-9.14,-10.758333333333335,2.505000000000001,216.0,14.0,13.25,299.0,6,2025,-11.48
Muthiyampatti,2025-07-01,11.64942,77.895854,-11.48,101,16.25,15.0,2.0,1,-9.81,-12.315000000000001,-10.15,-11.201666666666668,-1.67,69.0,216.0,14.0,301.25,7,2025,-6.37
Muthiyampatti,2025-08-01,11.64942,77.895854,-6.37,101,84.25,46.0,2.0,1,-11.48,-9.81,-12.315000000000001,-9.22,5.11,16.25,69.0,216.0,169.5,8,2025,-4.18
Muthiyampatti,2025-09-01,11.64942,77.895854,-4.18,109,59.75,37.0,2.0,1,-6.37,-11.48,-9.81,-7.343333333333334,2.1900000000000004,84.25,16.25,69.0,160.25,9,2025,-3.315
Muthiyampatti,2025-10-01,11.64942,77.895854,-3.315,18,107.25,86.0,2.0,1,-4.18,-6.37,-11.48,-4.621666666666667,0.8649999999999998,59.75,84.25,16.25,251.25,10,2025,-2.08
Muthiyampatti,2025-11-01,11.64942,77.895854,-2.08,25,279.75,64.0,2.0,1,-3.315,-4.18,-6.37,-3.1916666666666664,1.2349999999999999,107.25,59.75,84.25,446.75,11,2025,-3.295
Nadupatty,2024-06-01,11.87905,78.090417,-25.33,120,131.0,63.0,2.0,1,-49.825,-33.730000000000004,-26.09,-36.295,24.495000000000005,192.0,6.0,,329.0,6,2024,-20.525
Nadupatty,2024-07-01,11.87905,78.090417,-20.525,124,68.25,55.0,2.0,1,-25.33,-49.825,-33.730000000000004,-31.893333333333334,4.805,131.0,192.0,6.0,391.25,7,2024,-8.21
Nadupatty,2024-08-01,11.87905,78.090417,-8.21,120,197.75,95.0,2.0,1,-20.525,-25.33,-49.825,-18.021666666666665,12.314999999999998,68.25,131.0,192.0,397.0,8,2024,-6.220000000000001
Nadupatty,2024-09-01,11.87905,78.090417,-6.220000000000001,120,28.0,17.0,2.0,1,-8.21,-20.525,-25.33,-11.651666666666666,1.9900000000000002,197.75,68.25,131.0,294.0,9,2024,-5.51
Nadupatty,2024-10-01,11.87905,78.090417,-5.51,124,207.75,113.0,2.0,1,-6.220000000000001,-8.21,-20.525,-6.646666666666667,0.7100000000000009,28.0,197.75,68.25,433.5,10,2024,-4.22
Nadupatty,2024-11-01,11.87905,78.090417,-4.22,120,43.25,50.0,2.0,1,-5.51,-6.220000000000001,-8.21,-5.316666666666666,1.29,207.75,28.0,197.75,279.0,11,2024,-2.86
Nadupatty,2024-12-01,11.87905,78.090417,-2.86,116,98.25,86.0,2.0,1,-4.22,-5.51,-6.220000000000001,-4.196666666666666,1.3599999999999999,43.25,207.75,28.0,349.25,12,2024,-3.22
Nadupatty,2025-01-01,11.87905,78.090417,-3.22,120,5.75,8.0,2.0,1,-2.86,-4.22,-5.51,-3.4333333333333336,-0.3600000000000003,98.25,43.25,207.75,147.25,1,2025,-3.62
Nadupatty,2025-02-01,11.87905,78.090417,-3.62,41,,,,0,-3.22,-2.86,-4.22,-3.233333333333333,-0.3999999999999999,5.75,98.25,43.25,104.0,2,2025,-4.41
Nadupatty,2025-03-01,11.87905,78.090417,-4.41,53,13.25,21.0,2.0,1,-3.62,-3.22,-2.86,-3.75,-0.79,,5.75,98.25,19.0,3,2025,-5.2105
Nadupatty,2025-04-01,11.87905,78.090417,-5.2105,104,14.0,7.0,2.0,1,-4.41,-3.62,-3.22,-4.4135,-0.8004999999999995,13.25,,5.75,27.25,4,2025,-5.8294999999999995
Nadupatty,2025-05-01,11.87905,78.090417,-5.8294999999999995,114,216.0,75.0,2.0,1,-5.2105,-4.41,-3.62,-5.1499999999999995,-0.6189999999999998,14.0,13.25,,243.25,5,2025,-5.865
Nadupatty,2025-06-01,11.87905,78.090417,-5.865,24,69.0,32.0,2.0,1,-5.8294999999999995,-5.2105,-4.41,-5.634999999999999,-0.03550000000000075,216.0,14.0,13.25,299.0,6,2025,-5.71
Nadupatty,2025-09-01,11.87905,78.090417,-5.71,25,59.75,37.0,2.0,1,-5.865,-5.8294999999999995,-5.2105,-5.8015,0.15500000000000025,69.0,216.0,14.0,344.75,9,2025,-5.644
Nadupatty,2025-10-01,11.87905,78.090417,-5.644,21,107.25,86.0,2.0,1,-5.71,-5.865,-5.8294999999999995,-5.739666666666667,0.06599999999999984,59.75,69.0,216.0,236.0,10,2025,-5.683
Nadupatty,2025-11-01,11.87905,78.090417,-5.683,28,279.75,64.0,2.0,1,-5.644,-5.71,-5.865,-5.678999999999999,-0.0389999999999997,107.25,59.75,69.0,446.75,11,2025,-5.853
Navapatti,2021-06-01,11.7464,77.7853,-9.163499999999999,120,,,,0,-8.756499999999999,-8.2915,-7.5440000000000005,-8.737166666666665,-0.40700000000000003,,,,,6,2021,-7.941000000000001
Navapatti,2021-07-01,11.7464,77.7853,-7.941000000000001,116,,,,0,-9.163499999999999,-8.756499999999999,-8.2915,-8.620333333333333,1.2224999999999984,,,,,7,2021,-3.971
Navapatti,2021-08-01,11.7464,77.7853,-3.971,125,,,,0,-7.941000000000001,-9.163499999999999,-8.756499999999999,-7.025166666666666,3.9700000000000006,,,,,8,2021,-3.204
Navapatti,2021-09-01,11.7464,77.7853,-3.204,121,3.5,1.0,1.0,1,-3.971,-7.941000000000001,-9.163499999999999,-5.038666666666667,0.7669999999999999,,,,3.5,9,2021,-2.8395
Navapatti,2021-10-01,11.7464,77.7853,-2.8395,124,24.0,8.0,1.0,1,-3.204,-3.971,-7.941000000000001,-3.3381666666666665,0.36450000000000005,3.5,,,27.5,10,2021,-3.2335000000000003
Navapatti,2021-11-01,11.7464,77.7853,-3.2335000000000003,120,152.0,111.0,2.0,1,-2.8395,-3.204,-3.971,-3.092333333333334,-0.39400000000000013,24.0,3.5,,179.5,11,2021,-3.149
Navapatti,2021-12-01,11.7464,77.7853,-3.149,124,6.5,2.0,1.0,1,-3.2335000000000003,-2.8395,-3.204,-3.074,0.08450000000000024,152.0,24.0,3.5,182.5,12,2021,-3.7165
Navapatti,2022-01-01,11.7464,77.7853,-3.7165,124,0.5,1.0,1.0,1,-3.149,-3.2335000000000003,-2.8395,-3.3663333333333334,-0.5674999999999999,6.5,152.0,24.0,159.0,1,2022,-7.0465
Navapatti,2022-02-01,11.7464,77.7853,-7.0465,112,,,,0,-3.7165,-3.149,-3.2335000000000003,-4.637333333333333,-3.33,0.5,6.5,152.0,7.0,2,2022,-7.362
Navapatti,2022-03-01,11.7464,77.7853,-7.362,124,1900.25,14.0,2.0,1,-7.0465,-3.7165,-3.149,-6.041666666666667,-0.3155000000000001,,0.5,6.5,1900.75,3,2022,-7.9645
Navapatti,2022-04-01,11.7464,77.7853,-7.9645,120,79.25,38.0,2.0,1,-7.362,-7.0465,-3.7165,-7.457666666666667,-0.6025,1900.25,,0.5,1979.5,4,2022,-7.38
Navapatti,2022-05-01,11.7464,77.7853,-7.38,124,24.0,2.0,1.0,1,-7.9645,-7.362,-7.0465,-7.568833333333333,0.5845000000000002,79.25,1900.25,,2003.5,5,2022,-6.5785
Navapatti,2022-06-01,11.7464,77.7853,-6.5785,120,82.0,35.0,2.0,1,-7.38,-7.9645,-7.362,-7.307666666666667,0.8014999999999999,24.0,79.25,1900.25,185.25,6,2022,-7.071
Navapatti,2022-07-01,11.7464,77.7853,-7.071,68,53.0,55.0,2.0,1,-6.5785,-7.38,-7.9645,-7.009833333333333,-0.4924999999999997,82.0,24.0,79.25,159.0,7,2022,-3.274
Navapatti,2022-09-01,11.7464,77.7853,-3.274,102,15.25,26.0,2.0,1,-7.071,-6.5785,-7.38,-5.641166666666667,3.7969999999999997,53.0,82.0,24.0,150.25,9,2022,-2.651
Navapatti,2022-10-01,11.7464,77.7853,-2.651,123,126.5,64.0,2.0,1,-3.274,-7.071,-6.5785,-4.332,0.6230000000000002,15.25,53.0,82.0,194.75,10,2022,-2.9445
Navapatti,2022-11-01,11.7464,77.7853,-2.9445,120,101.25,71.0,2.0,1,-2.651,-3.274,-7.071,-2.9565,-0.2935000000000003,126.5,15.25,53.0,243.0,11,2022,-3.013
Navapatti,2022-12-01,11.7464,77.7853,-3.013,121,51.0,67.0,2.0,1,-2.9445,-2.651,-3.274,-2.8695,-0.06849999999999978,101.25,126.5,15.25,278.75,12,2022,-3.3810000000000002
Navapatti,2023-01-01,11.7464,77.7853,-3.3810000000000002,124,2.5,7.0,2.0,1,-3.013,-2.9445,-2.651,-3.112833333333333,-0.3680000000000003,51.0,101.25,126.5,154.75,1,2023,-6.6785
Navapatti,2023-02-01,11.7464,77.7853,-6.6785,112,5.0,4.0,1.0,1,-3.3810000000000002,-3.013,-2.9445,-4.3575,-3.2974999999999994,2.5,51.0,101.25,58.5,2,2023,-7.253
Navapatti,2023-03-01,11.7464,77.7853,-7.253,120,48.75,17.0,2.0,1,-6.6785,-3.3810000000000002,-3.013,-5.770833333333333,-0.5745000000000005,5.0,2.5,51.0,56.25,3,2023,-8.048
Navapatti,2023-04-01,11.7464,77.7853,-8.048,118,32.0,14.0,2.0,1,-7.253,-6.6785,-3.3810000000000002,-7.3265,-0.7949999999999999,48.75,5.0,2.5,85.75,4,2023,-8.117
Navapatti,2023-05-01,11.7464,77.7853,-8.117,106,95.75,64.0,2.0,1,-8.048,-7.253,-6.6785,-7.806,-0.06900000000000084,32.0,48.75,5.0,176.5,5,2023,-8.492
Navapatti,2023-06-01,11.7464,77.7853,-8.492,120,35.5,20.0,2.0,1,-8.117,-8.048,-7.253,-8.219000000000001,-0.375,95.75,32.0,48.75,163.25,6,2023,-7.5504999999999995
Navapatti,2023-07-01,11.7464,77.7853,-7.5504999999999995,124,51.25,60.0,2.0,1,-8.492,-8.117,-8.048,-8.053166666666668,0.9415000000000013,35.5,95.75,32.0,182.5,7,2023,-7.718999999999999
Navapatti,2023-08-01,11.7464,77.7853,-7.718999999999999,122,96.5,37.0,2.0,1,-7.5504999999999995,-8.492,-8.117,-7.9205000000000005,-0.16849999999999987,51.25,35.5,95.75,183.25,8,2023,-7.5225
Navapatti,2023-09-01,11.7464,77.7853,-7.5225,118,262.5,90.0,2.0,1,-7.718999999999999,-7.5504999999999995,-8.492,-7.597333333333332,0.19649999999999945,96.5,51.25,35.5,410.25,9,2023,-7.355
Navapatti,2023-10-01,11.7464,77.7853,-7.355,106,121.5,59.0,2.0,1,-7.5225,-7.718999999999999,-7.5504999999999995,-7.532166666666666,0.16749999999999954,262.5,96.5,51.25,480.5,10,2023,-7.4215
Navapatti,2023-11-01,11.7464,77.7853,-7.4215,120,127.0,92.0,2.0,1,-7.355,-7.5225,-7.718999999999999,-7.433,-0.06649999999999956,121.5,262.5,96.5,511.0,11,2023,-7.6315
Navapatti,2023-12-01,11.7464,77.7853,-7.6315,122,4.5,9.0,2.0,1,-7.4215,-7.355,-7.5225,-7.469333333333334,-0.20999999999999996,127.0,121.5,262.5,253.0,12,2023,-7.724
Navapatti,2024-01-01,11.7464,77.7853,-7.724,122,21.25,20.0,2.0,1,-7.6315,-7.4215,-7.355,-7.592333333333333,-0.09250000000000025,4.5,127.0,121.5,152.75,1,2024,-7.6370000000000005
Navapatti,2024-02-01,11.7464,77.7853,-7.6370000000000005,116,,,,0,-7.724,-7.6315,-7.4215,-7.664166666666667,0.08699999999999974,21.25,4.5,127.0,25.75,2,2024,-7.9879999999999995
Navapatti,2024-03-01,11.7464,77.7853,-7.9879999999999995,124,,,,0,-7.6370000000000005,-7.724,-7.6315,-7.783,-0.3509999999999991,,21.25,4.5,21.25,3,2024,-6.2765
Navapatti,2024-04-01,11.7464,77.7853,-6.2765,120,6.0,2.0,1.0,1,-7.9879999999999995,-7.6370000000000005,-7.724,-7.3004999999999995,1.7114999999999991,,,21.25,6.0,4,2024,-8.438
Navapatti,2024-05-01,11.7464,77.7853,-8.438,120,192.0,72.0,2.0,1,-6.2765,-7.9879999999999995,-7.6370000000000005,-7.5675,-2.1615,6.0,,,198.0,5,2024,-8.808
Navapatti,2024-06-01,11.7464,77.7853,-8.808,115,131.0,63.0,2.0,1,-8.438,-6.2765,-7.9879999999999995,-7.840833333333333,-0.3699999999999992,192.0,6.0,,329.0,6,2024,-7.463
Navapatti,2024-07-01,11.7464,77.7853,-7.463,117,68.25,55.0,2.0,1,-8.808,-8.438,-6.2765,-8.236333333333334,1.3449999999999998,131.0,192.0,6.0,391.25,7,2024,-3.3235
Navapatti,2024-08-01,11.7464,77.7853,-3.3235,110,197.75,95.0,2.0,1,-7.463,-8.808,-8.438,-6.5315,4.1395,68.25,131.0,192.0,397.0,8,2024,-2.7935
Navapatti,2024-09-01,11.7464,77.7853,-2.7935,80,28.0,17.0,2.0,1,-3.3235,-7.463,-8.808,-4.526666666666666,0.5300000000000002,197.75,68.25,131.0,294.0,9,2024,-2.662
Navapatti,2024-10-01,11.7464,77.7853,-2.662,123,207.75,113.0,2.0,1,-2.7935,-3.3235,-7.463,-2.9263333333333335,0.13149999999999995,28.0,197.75,68.25,433.5,10,2024,-2.8535000000000004
Navapatti,2024-11-01,11.7464,77.7853,-2.8535000000000004,112,43.25,50.0,2.0,1,-2.662,-2.7935,-3.3235,-2.769666666666667,-0.19150000000000045,207.75,28.0,197.75,279.0,11,2024,-2.984
Navapatti,2024-12-01,11.7464,77.7853,-2.984,121,98.25,86.0,2.0,1,-2.8535000000000004,-2.662,-2.7935,-2.833166666666667,-0.13049999999999962,43.25,207.75,28.0,349.25,12,2024,-3.5439999999999996
Navapatti,2025-01-01,11.7464,77.7853,-3.5439999999999996,116,5.75,8.0,2.0,1,-2.984,-2.8535000000000004,-2.662,-3.127166666666666,-0.5599999999999996,98.25,43.25,207.75,147.25,1,2025,-7.017
Navapatti,2025-02-01,11.7464,77.7853,-7.017,112,,,,0,-3.5439999999999996,-2.984,-2.8535000000000004,-4.515,-3.4730000000000008,5.75,98.25,43.25,104.0,2,2025,-7.694
Navapatti,2025-03-01,11.7464,77.7853,-7.694,120,13.25,21.0,2.0,1,-7.017,-3.5439999999999996,-2.984,-6.085,-0.6769999999999996,,5.75,98.25,19.0,3,2025,-7.458
Navapatti,2025-04-01,11.7464,77.7853,-7.458,114,14.0,7.0,2.0,1,-7.694,-7.017,-3.5439999999999996,-7.389666666666667,0.23599999999999977,13.25,,5.75,27.25,4,2025,-7.8555
Navapatti,2025-05-01,11.7464,77.7853,-7.8555,112,216.0,75.0,2.0,1,-7.458,-7.694,-7.017,-7.6691666666666665,-0.39749999999999996,14.0,13.25,,243.25,5,2025,-8.404
Navapatti,2025-06-01,11.7464,77.7853,-8.404,118,69.0,32.0,2.0,1,-7.8555,-7.458,-7.694,-7.905833333333334,-0.5484999999999998,216.0,14.0,13.25,299.0,6,2025,-3.533
Navapatti,2025-07-01,11.7464,77.7853,-3.533,101,16.25,15.0,2.0,1,-8.404,-7.8555,-7.458,-6.5975,4.871,69.0,216.0,14.0,301.25,7,2025,-3.128
Navapatti,2025-08-01,11.7464,77.7853,-3.128,95,84.25,46.0,2.0,1,-3.533,-8.404,-7.8555,-5.0216666666666665,0.4049999999999998,16.25,69.0,216.0,169.5,8,2025,-2.6745
Navapatti,2025-09-01,11.7464,77.7853,-2.6745,110,59.75,37.0,2.0,1,-3.128,-3.533,-8.404,-3.1118333333333332,0.4535,84.25,16.25,69.0,160.25,9,2025,-2.532
Navapatti,2025-10-01,11.7464,77.7853,-2.532,56,107.25,86.0,2.0,1,-2.6745,-3.128,-3.533,-2.778166666666667,0.14250000000000007,59.75,84.25,16.25,251.25,10,2025,-2.472
Navapatti,2025-11-01,11.7464,77.7853,-2.472,103,279.75,64.0,2.0,1,-2.532,-2.6745,-3.128,-2.5595000000000003,0.06000000000000005,107.25,59.75,84.25,446.75,11,2025,-2.5495
Pannavadi,2021-05-01,11.8728,77.7664,-9.2625,124,,,,0,-8.604,-7.538,0.318,-8.468166666666667,-0.6585000000000001,,,,,5,2021,-9.756
Pannavadi,2021-06-01,11.8728,77.7664,-9.756,120,,,,0,-9.2625,-8.604,-7.538,-9.2075,-0.49350000000000094,,,,,6,2021,-10.1655
Pannavadi,2021-07-01,11.8728,77.7664,-10.1655,118,,,,0,-9.756,-9.2625,-8.604,-9.728,-0.40949999999999953,,,,,7,2021,-9.973
Pannavadi,2021-08-01,11.8728,77.7664,-9.973,125,,,,0,-10.1655,-9.756,-9.2625,-9.964833333333333,0.192499999999999,,,,,8,2021,-9.198
Pannavadi,2021-09-01,11.8728,77.7664,-9.198,106,3.5,1.0,1.0,1,-9.973,-10.1655,-9.756,-9.778833333333333,0.7750000000000004,,,,3.5,9,2021,-7.324
Pannavadi,2021-10-01,11.8728,77.7664,-7.324,124,24.0,8.0,1.0,1,-9.198,-9.973,-10.1655,-8.831666666666665,1.8740000000000006,3.5,,,27.5,10,2021,-4.5265
Pannavadi,2021-11-01,11.8728,77.7664,-4.5265,120,152.0,111.0,2.0,1,-7.324,-9.198,-9.973,-7.016166666666667,2.7974999999999994,24.0,3.5,,179.5,11,2021,-3.9989999999999997
Pannavadi,2021-12-01,11.8728,77.7664,-3.9989999999999997,124,6.5,2.0,1.0,1,-4.5265,-7.324,-9.198,-5.283166666666666,0.5275000000000007,152.0,24.0,3.5,182.5,12,2021,-4.964
Pannavadi,2022-01-01,11.8728,77.7664,-4.964,124,0.5,1.0,1.0,1,-3.9989999999999997,-4.5265,-7.324,-4.4965,-0.9650000000000007,6.5,152.0,24.0,159.0,1,2022,-5.9990000000000006
Pannavadi,2022-02-01,11.8728,77.7664,-5.9990000000000006,112,,,,0,-4.964,-3.9989999999999997,-4.5265,-4.987333333333333,-1.0350000000000001,0.5,6.5,152.0,7.0,2,2022,-7.293
Pannavadi,2022-03-01,11.8728,77.7664,-7.293,124,1900.25,14.0,2.0,1,-5.9990000000000006,-4.964,-3.9989999999999997,-6.085333333333334,-1.2939999999999996,,0.5,6.5,1900.75,3,2022,-8.047
Pannavadi,2022-04-01,11.8728,77.7664,-8.047,119,79.25,38.0,2.0,1,-7.293,-5.9990000000000006,-4.964,-7.1129999999999995,-0.7540000000000004,1900.25,,0.5,1979.5,4,2022,-4.606
Pannavadi,2022-05-01,11.8728,77.7664,-4.606,30,24.0,2.0,1.0,1,-8.047,-7.293,-5.9990000000000006,-6.648666666666667,3.4410000000000007,79.25,1900.25,,2003.5,5,2022,-5.354
Pannavadi,2022-06-01,11.8728,77.7664,-5.354,120,82.0,35.0,2.0,1,-4.606,-8.047,-7.293,-6.0023333333333335,-0.7480000000000002,24.0,79.25,1900.25,185.25,6,2022,-5.917999999999999
Pannavadi,2022-07-01,11.8728,77.7664,-5.917999999999999,124,53.0,55.0,2.0,1,-5.354,-4.606,-8.047,-5.292666666666666,-0.5639999999999992,82.0,24.0,79.25,159.0,7,2022,-5.5075
Pannavadi,2022-08-01,11.8728,77.7664,-5.5075,124,214.75,92.0,2.0,1,-5.917999999999999,-5.354,-4.606,-5.593166666666666,0.410499999999999,53.0,82.0,24.0,349.75,8,2022,-3.6944999999999997
Pannavadi,2022-09-01,11.8728,77.7664,-3.6944999999999997,120,15.25,26.0,2.0,1,-5.5075,-5.917999999999999,-5.354,-5.04,1.8130000000000006,214.75,53.0,82.0,283.0,9,2022,-3.181
Pannavadi,2022-10-01,11.8728,77.7664,-3.181,124,126.5,64.0,2.0,1,-3.6944999999999997,-5.5075,-5.917999999999999,-4.127666666666667,0.5134999999999996,15.25,214.75,53.0,356.5,10,2022,-3.6189999999999998
Pannavadi,2022-11-01,11.8728,77.7664,-3.6189999999999998,120,101.25,71.0,2.0,1,-3.181,-3.6944999999999997,-5.5075,-3.498166666666666,-0.4379999999999997,126.5,15.25,214.75,243.0,11,2022,-4.391
Pannavadi,2022-12-01,11.8728,77.7664,-4.391,124,51.0,67.0,2.0,1,-3.6189999999999998,-3.181,-3.6944999999999997,-3.730333333333333,-0.7720000000000002,101.25,126.5,15.25,278.75,12,2022,-5.3585
Pannavadi,2023-01-01,11.8728,77.7664,-5.3585,116,2.5,7.0,2.0,1,-4.391,-3.6189999999999998,-3.181,-4.456166666666666,-0.9675000000000002,51.0,101.25,126.5,154.75,1,2023,-6.231999999999999
Pannavadi,2023-02-01,11.8728,77.7664,-6.231999999999999,112,5.0,4.0,1.0,1,-5.3585,-4.391,-3.6189999999999998,-5.327166666666667,-0.873499999999999,2.5,51.0,101.25,58.5,2,2023,-6.942
Pannavadi,2023-03-01,11.8728,77.7664,-6.942,79,48.75,17.0,2.0,1,-6.231999999999999,-5.3585,-4.391,-6.177499999999999,-0.7100000000000009,5.0,2.5,51.0,56.25,3,2023,-7.913
Pannavadi,2023-04-01,11.8728,77.7664,-7.913,86,32.0,14.0,2.0,1,-6.942,-6.231999999999999,-5.3585,-7.029,-0.9710000000000001,48.75,5.0,2.5,85.75,4,2023,-8.129000000000001
Pannavadi,2023-05-01,11.8728,77.7664,-8.129000000000001,108,95.75,64.0,2.0,1,-7.913,-6.942,-6.231999999999999,-7.661333333333334,-0.21600000000000108,32.0,48.75,5.0,176.5,5,2023,-8.7845
Pannavadi,2023-06-01,11.8728,77.7664,-8.7845,120,35.5,20.0,2.0,1,-8.129000000000001,-7.913,-6.942,-8.275500000000001,-0.6554999999999982,95.75,32.0,48.75,163.25,6,2023,-9.4915
Pannavadi,2023-07-01,11.8728,77.7664,-9.4915,122,51.25,60.0,2.0,1,-8.7845,-8.129000000000001,-7.913,-8.801666666666668,-0.7070000000000007,35.5,95.75,32.0,182.5,7,2023,-9.866
Pannavadi,2023-08-01,11.8728,77.7664,-9.866,120,96.5,37.0,2.0,1,-9.4915,-8.7845,-8.129000000000001,-9.380666666666666,-0.3744999999999994,51.25,35.5,95.75,183.25,8,2023,-9.229
Pannavadi,2023-09-01,11.8728,77.7664,-9.229,118,262.5,90.0,2.0,1,-9.866,-9.4915,-8.7845,-9.528833333333333,0.6370000000000005,96.5,51.25,35.5,410.25,9,2023,-8.575
Pannavadi,2023-10-01,11.8728,77.7664,-8.575,110,121.5,59.0,2.0,1,-9.229,-9.866,-9.4915,-9.223333333333333,0.6539999999999999,262.5,96.5,51.25,480.5,10,2023,-7.687
Pannavadi,2023-11-01,11.8728,77.7664,-7.687,120,127.0,92.0,2.0,1,-8.575,-9.229,-9.866,-8.497,0.887999999999999,121.5,262.5,96.5,511.0,11,2023,-8.003499999999999
Pannavadi,2023-12-01,11.8728,77.7664,-8.003499999999999,122,4.5,9.0,2.0,1,-7.687,-8.575,-9.229,-8.0885,-0.31649999999999867,127.0,121.5,262.5,253.0,12,2023,-9.065999999999999
Pannavadi,2024-01-01,11.8728,77.7664,-9.065999999999999,124,21.25,20.0,2.0,1,-8.003499999999999,-7.687,-8.575,-8.252166666666666,-1.0625,4.5,127.0,121.5,152.75,1,2024,-9.9165
Pannavadi,2024-02-01,11.8728,77.7664,-9.9165,114,,,,0,-9.065999999999999,-8.003499999999999,-7.687,-8.995333333333333,-0.8505000000000003,21.25,4.5,127.0,25.75,2,2024,-10.1955
Pannavadi,2024-03-01,11.8728,77.7664,-10.1955,124,,,,0,-9.9165,-9.065999999999999,-8.003499999999999,-9.725999999999999,-0.2789999999999999,,21.25,4.5,21.25,3,2024,-10.249500000000001
Pannavadi,2024-04-01,11.8728,77.7664,-10.249500000000001,118,6.0,2.0,1.0,1,-10.1955,-9.9165,-9.065999999999999,-10.1205,-0.054000000000002046,,,21.25,6.0,4,2024,-9.9185
Pannavadi,2024-05-01,11.8728,77.7664,-9.9185,124,192.0,72.0,2.0,1,-10.249500000000001,-10.1955,-9.9165,-10.121166666666667,0.3310000000000013,6.0,,,198.0,5,2024,-8.1295
Pannavadi,2024-06-01,11.8728,77.7664,-8.1295,120,131.0,63.0,2.0,1,-9.9185,-10.249500000000001,-10.1955,-9.4325,1.7889999999999997,192.0,6.0,,329.0,6,2024,-8.3745
Pannavadi,2024-07-01,11.8728,77.7664,-8.3745,94,68.25,55.0,2.0,1,-8.1295,-9.9185,-10.249500000000001,-8.8075,-0.24499999999999922,131.0,192.0,6.0,391.25,7,2024,-8.1565
Pannavadi,2024-08-01,11.8728,77.7664,-8.1565,104,197.75,95.0,2.0,1,-8.3745,-8.1295,-9.9185,-8.220166666666666,0.21799999999999997,68.25,131.0,192.0,397.0,8,2024,-8.695
Pannavadi,2024-09-01,11.8728,77.7664,-8.695,121,28.0,17.0,2.0,1,-8.1565,-8.3745,-8.1295,-8.408666666666667,-0.5385000000000009,197.75,68.25,131.0,294.0,9,2024,-9.256
Pannavadi,2024-10-01,11.8728,77.7664,-9.256,124,207.75,113.0,2.0,1,-8.695,-8.1565,-8.3745,-8.7025,-0.5609999999999999,28.0,197.75,68.25,433.5,10,2024,-7.861000000000001
Pannavadi,2024-11-01,11.8728,77.7664,-7.861000000000001,110,43.25,50.0,2.0,1,-9.256,-8.695,-8.1565,-8.604,1.3949999999999996,207.75,28.0,197.75,279.0,11,2024,-7.208
Pannavadi,2024-12-01,11.8728,77.7664,-7.208,122,98.25,86.0,2.0,1,-7.861000000000001,-9.256,-8.695,-8.108333333333333,0.6530000000000005,43.25,207.75,28.0,349.25,12,2024,-7.6255
Pannavadi,2025-01-01,11.8728,77.7664,-7.6255,122,5.75,8.0,2.0,1,-7.208,-7.861000000000001,-9.256,-7.5648333333333335,-0.41749999999999954,98.25,43.25,207.75,147.25,1,2025,-8.795
Pannavadi,2025-02-01,11.8728,77.7664,-8.795,112,,,,0,-7.6255,-7.208,-7.861000000000001,-7.876166666666666,-1.1695000000000002,5.75,98.25,43.25,104.0,2,2025,-9.728
Pannavadi,2025-03-01,11.8728,77.7664,-9.728,122,13.25,21.0,2.0,1,-8.795,-7.6255,-7.208,-8.716166666666666,-0.9329999999999998,,5.75,98.25,19.0,3,2025,-9.985
Pannavadi,2025-04-01,11.8728,77.7664,-9.985,115,14.0,7.0,2.0,1,-9.728,-8.795,-7.6255,-9.502666666666665,-0.2569999999999997,13.25,,5.75,27.25,4,2025,-9.3045
Pannavadi,2025-05-01,11.8728,77.7664,-9.3045,118,216.0,75.0,2.0,1,-9.985,-9.728,-8.795,-9.6725,0.6804999999999986,14.0,13.25,,243.25,5,2025,-5.447
Pannavadi,2025-06-01,11.8728,77.7664,-5.447,118,69.0,32.0,2.0,1,-9.3045,-9.985,-9.728,-8.2455,3.857500000000001,216.0,14.0,13.25,299.0,6,2025,-6.057
Pannavadi,2025-07-01,11.8728,77.7664,-6.057,101,16.25,15.0,2.0,1,-5.447,-9.3045,-9.985,-6.936166666666668,-0.6100000000000003,69.0,216.0,14.0,301.25,7,2025,-6.956
Pannavadi,2025-08-01,11.8728,77.7664,-6.956,95,84.25,46.0,2.0,1,-6.057,-5.447,-9.3045,-6.153333333333333,-0.899,16.25,69.0,216.0,169.5,8,2025,-6.720000000000001
Pannavadi,2025-09-01,11.8728,77.7664,-6.720000000000001,114,59.75,37.0,2.0,1,-6.956,-6.057,-5.447,-6.577666666666668,0.23599999999999977,84.25,16.25,69.0,160.25,9,2025,-3.766
Pannavadi,2025-10-01,11.8728,77.7664,-3.766,57,107.25,86.0,2.0,1,-6.720000000000001,-6.956,-6.057,-5.814,2.9540000000000006,59.75,84.25,16.25,251.25,10,2025,-4.4925
Pannavadi,2025-11-01,11.8728,77.7664,-4.4925,104,279.75,64.0,2.0,1,-3.766,-6.720000000000001,-6.956,-4.9928333333333335,-0.7264999999999997,107.25,59.75,84.25,446.75,11,2025,-5.512
Pappanaickanpatti,2021-05-01,11.7772,78.5689,-14.071000000000002,124,,,,0,-13.035,-12.609,-0.202,-13.238333333333335,-1.0360000000000014,,,,,5,2021,-14.958
Pappanaickanpatti,2021-06-01,11.7772,78.5689,-14.958,120,,,,0,-14.071000000000002,-13.035,-12.609,-14.021333333333333,-0.8869999999999987,,,,,6,2021,-15.24
Pappanaickanpatti,2021-07-01,11.7772,78.5689,-15.24,118,,,,0,-14.958,-14.071000000000002,-13.035,-14.756333333333336,-0.28200000000000003,,,,,7,2021,-16.005
Pappanaickanpatti,2021-08-01,11.7772,78.5689,-16.005,123,,,,0,-15.24,-14.958,-14.071000000000002,-15.401000000000002,-0.7649999999999988,,,,,8,2021,-15.339
Pappanaickanpatti,2021-09-01,11.7772,78.5689,-15.339,106,3.5,1.0,1.0,1,-16.005,-15.24,-14.958,-15.528,0.6659999999999986,,,,3.5,9,2021,-15.3345
Pappanaickanpatti,2021-10-01,11.7772,78.5689,-15.3345,124,24.0,8.0,1.0,1,-15.339,-16.005,-15.24,-15.5595,0.0045000000000001705,3.5,,,27.5,10,2021,-13.157499999999999
Pappanaickanpatti,2021-11-01,11.7772,78.5689,-13.157499999999999,120,152.0,111.0,2.0,1,-15.3345,-15.339,-16.005,-14.610333333333335,2.1770000000000014,24.0,3.5,,179.5,11,2021,-9.5125
Pappanaickanpatti,2021-12-01,11.7772,78.5689,-9.5125,124,6.5,2.0,1.0,1,-13.157499999999999,-15.3345,-15.339,-12.668166666666666,3.6449999999999996,152.0,24.0,3.5,182.5,12,2021,-11.148
Pappanaickanpatti,2022-01-01,11.7772,78.5689,-11.148,124,0.5,1.0,1.0,1,-9.5125,-13.157499999999999,-15.3345,-11.272666666666666,-1.6355000000000004,6.5,152.0,24.0,159.0,1,2022,-11.880500000000001
Pappanaickanpatti,2022-02-01,11.7772,78.5689,-11.880500000000001,110,,,,0,-11.148,-9.5125,-13.157499999999999,-10.847,-0.7325000000000017,0.5,6.5,152.0,7.0,2,2022,-12.006
Pappanaickanpatti,2022-03-01,11.7772,78.5689,-12.006,124,1900.25,14.0,2.0,1,-11.880500000000001,-11.148,-9.5125,-11.678166666666668,-0.12549999999999883,,0.5,6.5,1900.75,3,2022,-12.313
Pappanaickanpatti,2022-04-01,11.7772,78.5689,-12.313,117,79.25,38.0,2.0,1,-12.006,-11.880500000000001,-11.148,-12.0665,-0.3070000000000004,1900.25,,0.5,1979.5,4,2022,-11.169
Pappanaickanpatti,2022-05-01,11.7772,78.5689,-11.169,29,24.0,2.0,1.0,1,-12.313,-12.006,-11.880500000000001,-11.829333333333333,1.1440000000000001,79.25,1900.25,,2003.5,5,2022,-12.0735
Pappanaickanpatti,2022-06-01,11.7772,78.5689,-12.0735,120,82.0,35.0,2.0,1,-11.169,-12.313,-12.006,-11.851833333333333,-0.9044999999999987,24.0,79.25,1900.25,185.25,6,2022,-12.445
Pappanaickanpatti,2022-07-01,11.7772,78.5689,-12.445,124,53.0,55.0,2.0,1,-12.0735,-11.169,-12.313,-11.895833333333334,-0.37150000000000105,82.0,24.0,79.25,159.0,7,2022,-11.626000000000001
Pappanaickanpatti,2022-08-01,11.7772,78.5689,-11.626000000000001,124,214.75,92.0,2.0,1,-12.445,-12.0735,-11.169,-12.048166666666667,0.8189999999999991,53.0,82.0,24.0,349.75,8,2022,-12.399999999999999
Pappanaickanpatti,2022-09-01,11.7772,78.5689,-12.399999999999999,120,15.25,26.0,2.0,1,-11.626000000000001,-12.445,-12.0735,-12.156999999999998,-0.7739999999999974,214.75,53.0,82.0,283.0,9,2022,-12.604
Pappanaickanpatti,2022-10-01,11.7772,78.5689,-12.604,120,126.5,64.0,2.0,1,-12.399999999999999,-11.626000000000001,-12.445,-12.209999999999999,-0.20400000000000063,15.25,214.75,53.0,356.5,10,2022,-10.637
Pappanaickanpatti,2022-11-01,11.7772,78.5689,-10.637,119,101.25,71.0,2.0,1,-12.604,-12.399999999999999,-11.626000000000001,-11.880333333333333,1.9669999999999987,126.5,15.25,214.75,243.0,11,2022,-11.288
Pappanaickanpatti,2022-12-01,11.7772,78.5689,-11.288,105,51.0,67.0,2.0,1,-10.637,-12.604,-12.399999999999999,-11.509666666666668,-0.6509999999999998,101.25,126.5,15.25,278.75,12,2022,-12.454
Pappanaickanpatti,2023-01-01,11.7772,78.5689,-12.454,104,2.5,7.0,2.0,1,-11.288,-10.637,-12.604,-11.459666666666669,-1.1660000000000004,51.0,101.25,126.5,154.75,1,2023,-13.238
Pappanaickanpatti,2023-02-01,11.7772,78.5689,-13.238,113,5.0,4.0,1.0,1,-12.454,-11.288,-10.637,-12.326666666666668,-0.7839999999999989,2.5,51.0,101.25,58.5,2,2023,-13.3385
Pappanaickanpatti,2023-03-01,11.7772,78.5689,-13.3385,118,48.75,17.0,2.0,1,-13.238,-12.454,-11.288,-13.010166666666665,-0.10050000000000026,5.0,2.5,51.0,56.25,3,2023,-13.313
Pappanaickanpatti,2023-04-01,11.7772,78.5689,-13.313,118,32.0,14.0,2.0,1,-13.3385,-13.238,-12.454,-13.2965,0.02549999999999919,48.75,5.0,2.5,85.75,4,2023,-12.683
Pappanaickanpatti,2023-05-01,11.7772,78.5689,-12.683,105,95.75,64.0,2.0,1,-13.313,-13.3385,-13.238,-13.1115,0.6300000000000008,32.0,48.75,5.0,176.5,5,2023,-13.988
Pappanaickanpatti,2023-06-01,11.7772,78.5689,-13.988,117,35.5,20.0,2.0,1,-12.683,-13.313,-13.3385,-13.328000000000001,-1.3049999999999997,95.75,32.0,48.75,163.25,6,2023,-15.306000000000001
Pappanaickanpatti,2023-07-01,11.7772,78.5689,-15.306000000000001,124,51.25,60.0,2.0,1,-13.988,-12.683,-13.313,-13.992333333333335,-1.3180000000000014,35.5,95.75,32.0,182.5,7,2023,-15.54
Pappanaickanpatti,2023-08-01,11.7772,78.5689,-15.54,124,96.5,37.0,2.0,1,-15.306000000000001,-13.988,-12.683,-14.944666666666668,-0.2339999999999982,51.25,35.5,95.75,183.25,8,2023,-16.464
Pappanaickanpatti,2023-09-01,11.7772,78.5689,-16.464,120,262.5,90.0,2.0,1,-15.54,-15.306000000000001,-13.988,-15.770000000000001,-0.9239999999999995,96.5,51.25,35.5,410.25,9,2023,-17.4105
Pappanaickanpatti,2023-10-01,11.7772,78.5689,-17.4105,108,121.5,59.0,2.0,1,-16.464,-15.54,-15.306000000000001,-16.471500000000002,-0.9465000000000003,262.5,96.5,51.25,480.5,10,2023,-17.216
Pappanaickanpatti,2023-11-01,11.7772,78.5689,-17.216,120,127.0,92.0,2.0,1,-17.4105,-16.464,-15.54,-17.030166666666663,0.1944999999999979,121.5,262.5,96.5,511.0,11,2023,-17.058
Pappanaickanpatti,2023-12-01,11.7772,78.5689,-17.058,120,4.5,9.0,2.0,1,-17.216,-17.4105,-16.464,-17.228166666666667,0.15800000000000125,127.0,121.5,262.5,253.0,12,2023,-17.398
Pappanaickanpatti,2024-01-01,11.7772,78.5689,-17.398,120,21.25,20.0,2.0,1,-17.058,-17.216,-17.4105,-17.224,-0.33999999999999986,4.5,127.0,121.5,152.75,1,2024,-17.0975
Pappanaickanpatti,2024-02-01,11.7772,78.5689,-17.0975,116,,,,0,-17.398,-17.058,-17.216,-17.1845,0.30049999999999955,21.25,4.5,127.0,25.75,2,2024,-16.381
Pappanaickanpatti,2024-03-01,11.7772,78.5689,-16.381,124,,,,0,-17.0975,-17.398,-17.058,-16.95883333333333,0.7164999999999999,,21.25,4.5,21.25,3,2024,-16.878999999999998
Pappanaickanpatti,2024-04-01,11.7772,78.5689,-16.878999999999998,120,6.0,2.0,1.0,1,-16.381,-17.0975,-17.398,-16.785833333333333,-0.49799999999999756,,,21.25,6.0,4,2024,-17.794
Pappanaickanpatti,2024-05-01,11.7772,78.5689,-17.794,122,192.0,72.0,2.0,1,-16.878999999999998,-16.381,-17.0975,-17.018,-0.9150000000000027,6.0,,,198.0,5,2024,-15.6145
Pappanaickanpatti,2024-06-01,11.7772,78.5689,-15.6145,120,131.0,63.0,2.0,1,-17.794,-16.878999999999998,-16.381,-16.7625,2.179500000000001,192.0,6.0,,329.0,6,2024,-18.091
Pappanaickanpatti,2024-07-01,11.7772,78.5689,-18.091,120,68.25,55.0,2.0,1,-15.6145,-17.794,-16.878999999999998,-17.166500000000003,-2.4765000000000015,131.0,192.0,6.0,391.25,7,2024,-16.437
Pappanaickanpatti,2024-08-01,11.7772,78.5689,-16.437,97,197.75,95.0,2.0,1,-18.091,-15.6145,-17.794,-16.714166666666667,1.654,68.25,131.0,192.0,397.0,8,2024,-15.0975
Pappanaickanpatti,2024-09-01,11.7772,78.5689,-15.0975,116,28.0,17.0,2.0,1,-16.437,-18.091,-15.6145,-16.541833333333333,1.339500000000001,197.75,68.25,131.0,294.0,9,2024,-12.855
Pappanaickanpatti,2024-10-01,11.7772,78.5689,-12.855,121,207.75,113.0,2.0,1,-15.0975,-16.437,-18.091,-14.7965,2.2424999999999997,28.0,197.75,68.25,433.5,10,2024,-11.368
Pappanaickanpatti,2024-11-01,11.7772,78.5689,-11.368,114,43.25,50.0,2.0,1,-12.855,-15.0975,-16.437,-13.106833333333334,1.487,207.75,28.0,197.75,279.0,11,2024,-4.044
Pappanaickanpatti,2024-12-01,11.7772,78.5689,-4.044,121,98.25,86.0,2.0,1,-11.368,-12.855,-15.0975,-9.422333333333333,7.324000000000001,43.25,207.75,28.0,349.25,12,2024,-6.7545
Pappanaickanpatti,2025-01-01,11.7772,78.5689,-6.7545,118,5.75,8.0,2.0,1,-4.044,-11.368,-12.855,-7.388833333333333,-2.7105000000000006,98.25,43.25,207.75,147.25,1,2025,-8.5505
Pappanaickanpatti,2025-02-01,11.7772,78.5689,-8.5505,112,,,,0,-6.7545,-4.044,-11.368,-6.4496666666666655,-1.7959999999999994,5.75,98.25,43.25,104.0,2,2025,-9.4255
Pappanaickanpatti,2025-03-01,11.7772,78.5689,-9.4255,112,13.25,21.0,2.0,1,-8.5505,-6.7545,-4.044,-8.2435,-0.875,,5.75,98.25,19.0,3,2025,-10.036
Pappanaickanpatti,2025-04-01,11.7772,78.5689,-10.036,63,14.0,7.0,2.0,1,-9.4255,-8.5505,-6.7545,-9.337333333333332,-0.6105,13.25,,5.75,27.25,4,2025,-15.1155
Pappanaickanpatti,2025-11-01,11.7772,78.5689,-15.1155,8,279.75,64.0,2.0,1,-10.036,-9.4255,-8.5505,-11.525666666666666,-5.079500000000001,14.0,13.25,,307.0,11,2025,-15.062000000000001
Periyakadampatty,2024-06-01,11.723386,77.992244,-5.75,120,131.0,63.0,2.0,1,-5.79,-5.515,-5.18,-5.685,0.040000000000000036,192.0,6.0,,329.0,6,2024,-5.795
Periyakadampatty,2024-07-01,11.723386,77.992244,-5.795,124,68.25,55.0,2.0,1,-5.75,-5.79,-5.515,-5.778333333333333,-0.04499999999999993,131.0,192.0,6.0,391.25,7,2024,-5.83
Periyakadampatty,2024-08-01,11.723386,77.992244,-5.83,104,197.75,95.0,2.0,1,-5.795,-5.75,-5.79,-5.791666666666667,-0.03500000000000014,68.25,131.0,192.0,397.0,8,2024,-5.32
Periyakadampatty,2024-09-01,11.723386,77.992244,-5.32,116,28.0,17.0,2.0,1,-5.83,-5.795,-5.75,-5.648333333333333,0.5099999999999998,197.75,68.25,131.0,294.0,9,2024,-4.67
Periyakadampatty,2024-10-01,11.723386,77.992244,-4.67,124,207.75,113.0,2.0,1,-5.32,-5.83,-5.795,-5.273333333333333,0.6500000000000004,28.0,197.75,68.25,433.5,10,2024,-4.02
Periyakadampatty,2024-11-01,11.723386,77.992244,-4.02,116,43.25,50.0,2.0,1,-4.67,-5.32,-5.83,-4.67,0.6500000000000004,207.75,28.0,197.75,279.0,11,2024,-3.395
Periyakadampatty,2024-12-01,11.723386,77.992244,-3.395,124,98.25,86.0,2.0,1,-4.02,-4.67,-5.32,-4.028333333333333,0.6249999999999996,43.25,207.75,28.0,349.25,12,2024,-3.09
Periyakadampatty,2025-01-01,11.723386,77.992244,-3.09,124,5.75,8.0,2.0,1,-3.395,-4.02,-4.67,-3.5016666666666665,0.30500000000000016,98.25,43.25,207.75,147.25,1,2025,-3.065
Periyakadampatty,2025-02-01,11.723386,77.992244,-3.065,40,,,,0,-3.09,-3.395,-4.02,-3.1833333333333336,0.02499999999999991,5.75,98.25,43.25,104.0,2,2025,-3.46
Periyakadampatty,2025-03-01,11.723386,77.992244,-3.46,121,13.25,21.0,2.0,1,-3.065,-3.09,-3.395,-3.205,-0.395,,5.75,98.25,19.0,3,2025,-3.62
Periyakadampatty,2025-04-01,11.723386,77.992244,-3.62,104,14.0,7.0,2.0,1,-3.46,-3.065,-3.09,-3.3816666666666664,-0.16000000000000014,13.25,,5.75,27.25,4,2025,-3.86
Periyakadampatty,2025-05-01,11.723386,77.992244,-3.86,108,216.0,75.0,2.0,1,-3.62,-3.46,-3.065,-3.6466666666666665,-0.23999999999999977,14.0,13.25,,243.25,5,2025,-3.355
Periyakadampatty,2025-06-01,11.723386,77.992244,-3.355,82,69.0,32.0,2.0,1,-3.86,-3.62,-3.46,-3.611666666666667,0.5049999999999999,216.0,14.0,13.25,299.0,6,2025,-3.22
Periyakadampatty,2025-07-01,11.723386,77.992244,-3.22,36,16.25,15.0,2.0,1,-3.355,-3.86,-3.62,-3.4783333333333335,0.1349999999999998,69.0,216.0,14.0,301.25,7,2025,-3.185
Periyakadampatty,2025-08-01,11.723386,77.992244,-3.185,104,84.25,46.0,2.0,1,-3.22,-3.355,-3.86,-3.253333333333334,0.03500000000000014,16.25,69.0,216.0,169.5,8,2025,-3.04
Periyakadampatty,2025-09-01,11.723386,77.992244,-3.04,113,59.75,37.0,2.0,1,-3.185,-3.22,-3.355,-3.1483333333333334,0.14500000000000002,84.25,16.25,69.0,160.25,9,2025,-2.94
Pillukurichi,2021-04-01,11.6397,77.7819,-2.671,121,,,,0,-2.134,17.511000000000003,13.774999999999999,4.235333333333334,-0.5369999999999999,,,,,4,2021,-3.01
Pillukurichi,2021-05-01,11.6397,77.7819,-3.01,124,,,,0,-2.671,-2.134,17.511000000000003,-2.605,-0.33899999999999997,,,,,5,2021,-4.162
Pillukurichi,2021-06-01,11.6397,77.7819,-4.162,120,,,,0,-3.01,-2.671,-2.134,-3.281,-1.1520000000000001,,,,,6,2021,-4.9239999999999995
Pillukurichi,2021-07-01,11.6397,77.7819,-4.9239999999999995,112,,,,0,-4.162,-3.01,-2.671,-4.032,-0.7619999999999996,,,,,7,2021,-2.705
Pillukurichi,2021-08-01,11.6397,77.7819,-2.705,125,,,,0,-4.9239999999999995,-4.162,-3.01,-3.9303333333333335,2.2189999999999994,,,,,8,2021,-1.8904999999999998
Pillukurichi,2021-09-01,11.6397,77.7819,-1.8904999999999998,102,3.5,1.0,1.0,1,-2.705,-4.9239999999999995,-4.162,-3.1731666666666665,0.8145000000000002,,,,3.5,9,2021,-0.977
Pillukurichi,2021-10-01,11.6397,77.7819,-0.977,91,24.0,8.0,1.0,1,-1.8904999999999998,-2.705,-4.9239999999999995,-1.8575,0.9134999999999999,3.5,,,27.5,10,2021,-2.1845
Pillukurichi,2022-03-01,11.6397,77.7819,-2.1845,64,1900.25,14.0,2.0,1,-0.977,-1.8904999999999998,-2.705,-1.684,-1.2075,24.0,3.5,,1927.75,3,2022,-2.6555
Pillukurichi,2022-04-01,11.6397,77.7819,-2.6555,120,79.25,38.0,2.0,1,-2.1845,-0.977,-1.8904999999999998,-1.939,-0.4710000000000001,1900.25,24.0,3.5,2003.5,4,2022,-1.823
Pillukurichi,2022-05-01,11.6397,77.7819,-1.823,125,24.0,2.0,1.0,1,-2.6555,-2.1845,-0.977,-2.2209999999999996,0.8325,79.25,1900.25,24.0,2003.5,5,2022,-1.351
Pillukurichi,2022-06-01,11.6397,77.7819,-1.351,121,82.0,35.0,2.0,1,-1.823,-2.6555,-2.1845,-1.9431666666666667,0.472,24.0,79.25,1900.25,185.25,6,2022,-1.396
Pillukurichi,2022-07-01,11.6397,77.7819,-1.396,124,53.0,55.0,2.0,1,-1.351,-1.823,-2.6555,-1.5233333333333334,-0.04499999999999993,82.0,24.0,79.25,159.0,7,2022,-0.9085000000000001
Pillukurichi,2022-08-01,11.6397,77.7819,-0.9085000000000001,124,214.75,92.0,2.0,1,-1.396,-1.351,-1.823,-1.2185,0.4874999999999998,53.0,82.0,24.0,349.75,8,2022,-0.901
Pillukurichi,2022-09-01,11.6397,77.7819,-0.901,120,15.25,26.0,2.0,1,-0.9085000000000001,-1.396,-1.351,-1.0685,0.007500000000000062,214.75,53.0,82.0,283.0,9,2022,-0.659
Pillukurichi,2022-10-01,11.6397,77.7819,-0.659,125,126.5,64.0,2.0,1,-0.901,-0.9085000000000001,-1.396,-0.8228333333333334,0.242,15.25,214.75,53.0,356.5,10,2022,-1.101
Pillukurichi,2022-11-01,11.6397,77.7819,-1.101,120,101.25,71.0,2.0,1,-0.659,-0.901,-0.9085000000000001,-0.887,-0.44199999999999995,126.5,15.25,214.75,243.0,11,2022,-1.028
Pillukurichi,2022-12-01,11.6397,77.7819,-1.028,126,51.0,67.0,2.0,1,-1.101,-0.659,-0.901,-0.9293333333333335,0.07299999999999995,101.25,126.5,15.25,278.75,12,2022,-1.25
Pillukurichi,2023-01-01,11.6397,77.7819,-1.25,125,2.5,7.0,2.0,1,-1.028,-1.101,-0.659,-1.1263333333333334,-0.22199999999999998,51.0,101.25,126.5,154.75,1,2023,-2.073
Pillukurichi,2023-02-01,11.6397,77.7819,-2.073,113,5.0,4.0,1.0,1,-1.25,-1.028,-1.101,-1.4503333333333333,-0.823,2.5,51.0,101.25,58.5,2,2023,-2.205
Pillukurichi,2023-03-01,11.6397,77.7819,-2.205,125,48.75,17.0,2.0,1,-2.073,-1.25,-1.028,-1.8426666666666665,-0.13200000000000012,5.0,2.5,51.0,56.25,3,2023,-2.983
Pillukurichi,2023-04-01,11.6397,77.7819,-2.983,121,32.0,14.0,2.0,1,-2.205,-2.073,-1.25,-2.4203333333333332,-0.778,48.75,5.0,2.5,85.75,4,2023,-2.532
Pillukurichi,2023-05-01,11.6397,77.7819,-2.532,44,95.75,64.0,2.0,1,-2.983,-2.205,-2.073,-2.5733333333333337,0.45100000000000007,32.0,48.75,5.0,176.5,5,2023,-3.181
Pillukurichi,2023-06-01,11.6397,77.7819,-3.181,48,35.5,20.0,2.0,1,-2.532,-2.983,-2.205,-2.8986666666666667,-0.649,95.75,32.0,48.75,163.25,6,2023,-3.2405
Pillukurichi,2023-07-01,11.6397,77.7819,-3.2405,124,51.25,60.0,2.0,1,-3.181,-2.532,-2.983,-2.9845,-0.059499999999999886,35.5,95.75,32.0,182.5,7,2023,-3.815
Pillukurichi,2023-08-01,11.6397,77.7819,-3.815,29,96.5,37.0,2.0,1,-3.2405,-3.181,-2.532,-3.4121666666666663,-0.5745,51.25,35.5,95.75,183.25,8,2023,-3.337
Pillukurichi,2023-09-01,11.6397,77.7819,-3.337,121,262.5,90.0,2.0,1,-3.815,-3.2405,-3.181,-3.464166666666667,0.47799999999999976,96.5,51.25,35.5,410.25,9,2023,-2.098
Pillukurichi,2023-10-01,11.6397,77.7819,-2.098,124,121.5,59.0,2.0,1,-3.337,-3.815,-3.2405,-3.0833333333333335,1.2390000000000003,262.5,96.5,51.25,480.5,10,2023,-1.512
Pillukurichi,2023-11-01,11.6397,77.7819,-1.512,120,127.0,92.0,2.0,1,-2.098,-3.337,-3.815,-2.3156666666666665,0.5859999999999999,121.5,262.5,96.5,511.0,11,2023,-1.8505
Pillukurichi,2023-12-01,11.6397,77.7819,-1.8505,126,4.5,9.0,2.0,1,-1.512,-2.098,-3.337,-1.8201666666666665,-0.3385,127.0,121.5,262.5,253.0,12,2023,-1.915
Pillukurichi,2024-01-01,11.6397,77.7819,-1.915,125,21.25,20.0,2.0,1,-1.8505,-1.512,-2.098,-1.7591666666666665,-0.0645,4.5,127.0,121.5,152.75,1,2024,-2.1180000000000003
Pillukurichi,2024-02-01,11.6397,77.7819,-2.1180000000000003,116,,,,0,-1.915,-1.8505,-1.512,-1.9611666666666665,-0.2030000000000003,21.25,4.5,127.0,25.75,2,2024,-2.9699999999999998
Pillukurichi,2024-03-01,11.6397,77.7819,-2.9699999999999998,124,,,,0,-2.1180000000000003,-1.915,-1.8505,-2.3343333333333334,-0.8519999999999994,,21.25,4.5,21.25,3,2024,-3.016
Pillukurichi,2024-04-01,11.6397,77.7819,-3.016,120,6.0,2.0,1.0,1,-2.9699999999999998,-2.1180000000000003,-1.915,-2.701333333333333,-0.04600000000000026,,,21.25,6.0,4,2024,-3.497
Pillukurichi,2024-05-01,11.6397,77.7819,-3.497,126,192.0,72.0,2.0,1,-3.016,-2.9699999999999998,-2.1180000000000003,-3.1609999999999996,-0.48099999999999987,6.0,,,198.0,5,2024,-2.945
Pillukurichi,2024-06-01,11.6397,77.7819,-2.945,120,131.0,63.0,2.0,1,-3.497,-3.016,-2.9699999999999998,-3.1526666666666663,0.552,192.0,6.0,,329.0,6,2024,-2.966
Pillukurichi,2024-07-01,11.6397,77.7819,-2.966,124,68.25,55.0,2.0,1,-2.945,-3.497,-3.016,-3.1359999999999997,-0.02100000000000035,131.0,192.0,6.0,391.25,7,2024,-1.484
Pillukurichi,2024-08-01,11.6397,77.7819,-1.484,124,197.75,95.0,2.0,1,-2.966,-2.945,-3.497,-2.465,1.4820000000000002,68.25,131.0,192.0,397.0,8,2024,-1.431
Pillukurichi,2024-09-01,11.6397,77.7819,-1.431,121,28.0,17.0,2.0,1,-1.484,-2.966,-2.945,-1.960333333333333,0.052999999999999936,197.75,68.25,131.0,294.0,9,2024,-1.4275
Pillukurichi,2024-10-01,11.6397,77.7819,-1.4275,124,207.75,113.0,2.0,1,-1.431,-1.484,-2.966,-1.4474999999999998,0.0035000000000000586,28.0,197.75,68.25,433.5,10,2024,-1.4380000000000002
Pillukurichi,2024-11-01,11.6397,77.7819,-1.4380000000000002,120,43.25,50.0,2.0,1,-1.4275,-1.431,-1.484,-1.4321666666666666,-0.010500000000000176,207.75,28.0,197.75,279.0,11,2024,-1.426
Pillukurichi,2024-12-01,11.6397,77.7819,-1.426,124,98.25,86.0,2.0,1,-1.4380000000000002,-1.4275,-1.431,-1.4304999999999997,0.012000000000000233,43.25,207.75,28.0,349.25,12,2024,-1.4095
Pulluthikuttai,2021-06-01,11.7708,78.4278,-7.564500000000001,120,,,,0,-7.353,-7.3294999999999995,-7.253,-7.415666666666667,-0.2115000000000009,,,,,6,2021,-6.629
Pulluthikuttai,2021-07-01,11.7708,78.4278,-6.629,116,,,,0,-7.564500000000001,-7.353,-7.3294999999999995,-7.182166666666667,0.9355000000000011,,,,,7,2021,-7.769
Pulluthikuttai,2021-08-01,11.7708,78.4278,-7.769,123,,,,0,-6.629,-7.564500000000001,-7.353,-7.320833333333333,-1.1400000000000006,,,,,8,2021,-7.7715
Pulluthikuttai,2021-09-01,11.7708,78.4278,-7.7715,106,3.5,1.0,1.0,1,-7.769,-6.629,-7.564500000000001,-7.389833333333333,-0.0024999999999995026,,,,3.5,9,2021,-7.9285
Pulluthikuttai,2021-10-01,11.7708,78.4278,-7.9285,124,24.0,8.0,1.0,1,-7.7715,-7.769,-6.629,-7.823,-0.15700000000000003,3.5,,,27.5,10,2021,-7.665
Pulluthikuttai,2021-11-01,11.7708,78.4278,-7.665,120,152.0,111.0,2.0,1,-7.9285,-7.7715,-7.769,-7.788333333333333,0.2634999999999996,24.0,3.5,,179.5,11,2021,-6.015499999999999
Pulluthikuttai,2021-12-01,11.7708,78.4278,-6.015499999999999,124,6.5,2.0,1.0,1,-7.665,-7.9285,-7.7715,-7.202999999999999,1.6495000000000006,152.0,24.0,3.5,182.5,12,2021,-7.1615
Pulluthikuttai,2022-01-01,11.7708,78.4278,-7.1615,124,0.5,1.0,1.0,1,-6.015499999999999,-7.665,-7.9285,-6.947333333333333,-1.1460000000000008,6.5,152.0,24.0,159.0,1,2022,-7.5885
Pulluthikuttai,2022-02-01,11.7708,78.4278,-7.5885,110,,,,0,-7.1615,-6.015499999999999,-7.665,-6.921833333333333,-0.4269999999999996,0.5,6.5,152.0,7.0,2,2022,-7.8695
Pulluthikuttai,2022-03-01,11.7708,78.4278,-7.8695,124,1900.25,14.0,2.0,1,-7.5885,-7.1615,-6.015499999999999,-7.539833333333334,-0.2810000000000006,,0.5,6.5,1900.75,3,2022,-8.034
Pulluthikuttai,2022-04-01,11.7708,78.4278,-8.034,113,79.25,38.0,2.0,1,-7.8695,-7.5885,-7.1615,-7.830666666666667,-0.1645000000000003,1900.25,,0.5,1979.5,4,2022,-7.297000000000001
Pulluthikuttai,2022-05-01,11.7708,78.4278,-7.297000000000001,32,24.0,2.0,1.0,1,-8.034,-7.8695,-7.5885,-7.7335,0.7370000000000001,79.25,1900.25,,2003.5,5,2022,-8.8145
Pulluthikuttai,2022-06-01,11.7708,78.4278,-8.8145,120,82.0,35.0,2.0,1,-7.297000000000001,-8.034,-7.8695,-8.048499999999999,-1.5175,24.0,79.25,1900.25,185.25,6,2022,-9.311499999999999
Pulluthikuttai,2022-07-01,11.7708,78.4278,-9.311499999999999,124,53.0,55.0,2.0,1,-8.8145,-7.297000000000001,-8.034,-8.474333333333334,-0.4969999999999981,82.0,24.0,79.25,159.0,7,2022,-9.2
Pulluthikuttai,2022-08-01,11.7708,78.4278,-9.2,124,214.75,92.0,2.0,1,-9.311499999999999,-8.8145,-7.297000000000001,-9.108666666666666,0.11149999999999949,53.0,82.0,24.0,349.75,8,2022,-9.031500000000001
Pulluthikuttai,2022-09-01,11.7708,78.4278,-9.031500000000001,120,15.25,26.0,2.0,1,-9.2,-9.311499999999999,-8.8145,-9.181,0.1684999999999981,214.75,53.0,82.0,283.0,9,2022,-9.177
Pulluthikuttai,2022-10-01,11.7708,78.4278,-9.177,122,126.5,64.0,2.0,1,-9.031500000000001,-9.2,-9.311499999999999,-9.136166666666668,-0.1454999999999984,15.25,214.75,53.0,356.5,10,2022,-8.883
Pulluthikuttai,2022-11-01,11.7708,78.4278,-8.883,119,101.25,71.0,2.0,1,-9.177,-9.031500000000001,-9.2,-9.030499999999998,0.2940000000000005,126.5,15.25,214.75,243.0,11,2022,-8.907
Pulluthikuttai,2022-12-01,11.7708,78.4278,-8.907,113,51.0,67.0,2.0,1,-8.883,-9.177,-9.031500000000001,-8.988999999999999,-0.02400000000000091,101.25,126.5,15.25,278.75,12,2022,-9.0085
Pulluthikuttai,2023-01-01,11.7708,78.4278,-9.0085,114,2.5,7.0,2.0,1,-8.907,-8.883,-9.177,-8.932833333333333,-0.1014999999999997,51.0,101.25,126.5,154.75,1,2023,-9.0475
Pulluthikuttai,2023-02-01,11.7708,78.4278,-9.0475,112,5.0,4.0,1.0,1,-9.0085,-8.907,-8.883,-8.987666666666668,-0.0389999999999997,2.5,51.0,101.25,58.5,2,2023,-8.2485
Pulluthikuttai,2023-03-01,11.7708,78.4278,-8.2485,110,48.75,17.0,2.0,1,-9.0475,-9.0085,-8.907,-8.768166666666666,0.7989999999999995,5.0,2.5,51.0,56.25,3,2023,-10.843
Pulluthikuttai,2023-04-01,11.7708,78.4278,-10.843,110,32.0,14.0,2.0,1,-8.2485,-9.0475,-9.0085,-9.379666666666667,-2.5945,48.75,5.0,2.5,85.75,4,2023,-10.7445
Pulluthikuttai,2023-05-01,11.7708,78.4278,-10.7445,108,95.75,64.0,2.0,1,-10.843,-8.2485,-9.0475,-9.945333333333332,0.09849999999999959,32.0,48.75,5.0,176.5,5,2023,-10.83
Pulluthikuttai,2023-06-01,11.7708,78.4278,-10.83,121,35.5,20.0,2.0,1,-10.7445,-10.843,-8.2485,-10.805833333333334,-0.08549999999999969,95.75,32.0,48.75,163.25,6,2023,-11.023
Pulluthikuttai,2023-07-01,11.7708,78.4278,-11.023,124,51.25,60.0,2.0,1,-10.83,-10.7445,-10.843,-10.865833333333333,-0.19299999999999962,35.5,95.75,32.0,182.5,7,2023,-11.062
Pulluthikuttai,2023-08-01,11.7708,78.4278,-11.062,124,96.5,37.0,2.0,1,-11.023,-10.83,-10.7445,-10.971666666666666,-0.0389999999999997,51.25,35.5,95.75,183.25,8,2023,-11.411
Pulluthikuttai,2023-09-01,11.7708,78.4278,-11.411,118,262.5,90.0,2.0,1,-11.062,-11.023,-10.83,-11.165333333333331,-0.3490000000000002,96.5,51.25,35.5,410.25,9,2023,-11.2995
Pulluthikuttai,2023-10-01,11.7708,78.4278,-11.2995,112,121.5,59.0,2.0,1,-11.411,-11.062,-11.023,-11.2575,0.11149999999999949,262.5,96.5,51.25,480.5,10,2023,-11.243500000000001
Pulluthikuttai,2023-11-01,11.7708,78.4278,-11.243500000000001,120,127.0,92.0,2.0,1,-11.2995,-11.411,-11.062,-11.318,0.05599999999999916,121.5,262.5,96.5,511.0,11,2023,-10.9645
Pulluthikuttai,2023-12-01,11.7708,78.4278,-10.9645,122,4.5,9.0,2.0,1,-11.243500000000001,-11.2995,-11.411,-11.169166666666667,0.2790000000000017,127.0,121.5,262.5,253.0,12,2023,-10.997
Pulluthikuttai,2024-01-01,11.7708,78.4278,-10.997,124,21.25,20.0,2.0,1,-10.9645,-11.243500000000001,-11.2995,-11.068333333333333,-0.03250000000000064,4.5,127.0,121.5,152.75,1,2024,-11.002
Pulluthikuttai,2024-02-01,11.7708,78.4278,-11.002,115,,,,0,-10.997,-10.9645,-11.243500000000001,-10.987833333333334,-0.005000000000000782,21.25,4.5,127.0,25.75,2,2024,-11.515
Pulluthikuttai,2024-03-01,11.7708,78.4278,-11.515,123,,,,0,-11.002,-10.997,-10.9645,-11.171333333333335,-0.5129999999999999,,21.25,4.5,21.25,3,2024,-12.656500000000001
Pulluthikuttai,2024-04-01,11.7708,78.4278,-12.656500000000001,120,6.0,2.0,1.0,1,-11.515,-11.002,-10.997,-11.7245,-1.1415000000000006,,,21.25,6.0,4,2024,-12.92
Pulluthikuttai,2024-05-01,11.7708,78.4278,-12.92,116,192.0,72.0,2.0,1,-12.656500000000001,-11.515,-11.002,-12.363833333333332,-0.26349999999999874,6.0,,,198.0,5,2024,-12.094
Pulluthikuttai,2024-06-01,11.7708,78.4278,-12.094,13,131.0,63.0,2.0,1,-12.92,-12.656500000000001,-11.515,-12.556833333333332,0.8260000000000005,192.0,6.0,,329.0,6,2024,-11.701
Pulluthikuttai,2024-07-01,11.7708,78.4278,-11.701,11,68.25,55.0,2.0,1,-12.094,-12.92,-12.656500000000001,-12.238333333333332,0.3929999999999989,131.0,192.0,6.0,391.25,7,2024,-10.6415
Pulluthikuttai,2024-08-01,11.7708,78.4278,-10.6415,44,197.75,95.0,2.0,1,-11.701,-12.094,-12.92,-11.478833333333334,1.0594999999999999,68.25,131.0,192.0,397.0,8,2024,-9.633
Pulluthikuttai,2024-09-01,11.7708,78.4278,-9.633,120,28.0,17.0,2.0,1,-10.6415,-11.701,-12.094,-10.658499999999998,1.0085000000000015,197.75,68.25,131.0,294.0,9,2024,-8.6745
Pulluthikuttai,2024-10-01,11.7708,78.4278,-8.6745,122,207.75,113.0,2.0,1,-9.633,-10.6415,-11.701,-9.649666666666667,0.958499999999999,28.0,197.75,68.25,433.5,10,2024,-6.609
Pulluthikuttai,2024-11-01,11.7708,78.4278,-6.609,113,43.25,50.0,2.0,1,-8.6745,-9.633,-10.6415,-8.3055,2.0655,207.75,28.0,197.75,279.0,11,2024,-5.83
Pulluthikuttai,2024-12-01,11.7708,78.4278,-5.83,123,98.25,86.0,2.0,1,-6.609,-8.6745,-9.633,-7.037833333333334,0.7789999999999999,43.25,207.75,28.0,349.25,12,2024,-7.1465
Pulluthikuttai,2025-01-01,11.7708,78.4278,-7.1465,120,5.75,8.0,2.0,1,-5.83,-6.609,-8.6745,-6.5285,-1.3164999999999996,98.25,43.25,207.75,147.25,1,2025,-7.8645
Pulluthikuttai,2025-02-01,11.7708,78.4278,-7.8645,112,,,,0,-7.1465,-5.83,-6.609,-6.947,-0.718,5.75,98.25,43.25,104.0,2,2025,-7.6625
Pulluthikuttai,2025-03-01,11.7708,78.4278,-7.6625,120,13.25,21.0,2.0,1,-7.8645,-7.1465,-5.83,-7.557833333333332,0.20199999999999996,,5.75,98.25,19.0,3,2025,-8.011
Pulluthikuttai,2025-04-01,11.7708,78.4278,-8.011,63,14.0,7.0,2.0,1,-7.6625,-7.8645,-7.1465,-7.845999999999999,-0.3484999999999996,13.25,,5.75,27.25,4,2025,-9.196
Pulluthikuttai,2025-11-01,11.7708,78.4278,-9.196,3,279.75,64.0,2.0,1,-8.011,-7.6625,-7.8645,-8.289833333333332,-1.1850000000000005,14.0,13.25,,307.0,11,2025,-9.077
Rajapalayam (TN-MWS01),2022-07-01,11.43,78.8133,-3.989,98,53.0,55.0,2.0,1,-3.8375,-3.7005,-3.597,-3.842333333333334,-0.15149999999999997,82.0,24.0,79.25,159.0,7,2022,-2.9375
Rajapalayam (TN-MWS01),2022-08-01,11.43,78.8133,-2.9375,96,214.75,92.0,2.0,1,-3.989,-3.8375,-3.7005,-3.5879999999999996,1.0514999999999999,53.0,82.0,24.0,349.75,8,2022,-2.9059999999999997
Rajapalayam (TN-MWS01),2022-09-01,11.43,78.8133,-2.9059999999999997,102,15.25,26.0,2.0,1,-2.9375,-3.989,-3.8375,-3.2775,0.031500000000000306,214.75,53.0,82.0,283.0,9,2022,-1.954
Rajapalayam (TN-MWS01),2022-10-01,11.43,78.8133,-1.954,97,126.5,64.0,2.0,1,-2.9059999999999997,-2.9375,-3.989,-2.5991666666666666,0.9519999999999997,15.25,214.75,53.0,356.5,10,2022,-0.9615
Rajapalayam (TN-MWS01),2022-11-01,11.43,78.8133,-0.9615,48,101.25,71.0,2.0,1,-1.954,-2.9059999999999997,-2.9375,-1.9405,0.9924999999999999,126.5,15.25,214.75,243.0,11,2022,-1.025
Rajapalayam (TN-MWS01),2022-12-01,11.43,78.8133,-1.025,92,51.0,67.0,2.0,1,-0.9615,-1.954,-2.9059999999999997,-1.3135000000000001,-0.06349999999999989,101.25,126.5,15.25,278.75,12,2022,-1.382
Rajapalayam (TN-MWS01),2023-01-01,11.43,78.8133,-1.382,105,2.5,7.0,2.0,1,-1.025,-0.9615,-1.954,-1.1228333333333333,-0.357,51.0,101.25,126.5,154.75,1,2023,-1.844
Rajapalayam (TN-MWS01),2023-02-01,11.43,78.8133,-1.844,88,5.0,4.0,1.0,1,-1.382,-1.025,-0.9615,-1.4169999999999998,-0.4620000000000002,2.5,51.0,101.25,58.5,2,2023,-2.3325
Rajapalayam (TN-MWS01),2023-03-01,11.43,78.8133,-2.3325,100,48.75,17.0,2.0,1,-1.844,-1.382,-1.025,-1.8528333333333336,-0.48849999999999993,5.0,2.5,51.0,56.25,3,2023,-2.8265000000000002
Rajapalayam (TN-MWS01),2023-04-01,11.43,78.8133,-2.8265000000000002,96,32.0,14.0,2.0,1,-2.3325,-1.844,-1.382,-2.3343333333333334,-0.4940000000000002,48.75,5.0,2.5,85.75,4,2023,-2.724
Rajapalayam (TN-MWS01),2023-05-01,11.43,78.8133,-2.724,90,95.75,64.0,2.0,1,-2.8265000000000002,-2.3325,-1.844,-2.627666666666667,0.10250000000000004,32.0,48.75,5.0,176.5,5,2023,-3.223
Rajapalayam (TN-MWS01),2023-06-01,11.43,78.8133,-3.223,94,35.5,20.0,2.0,1,-2.724,-2.8265000000000002,-2.3325,-2.9245,-0.49899999999999967,95.75,32.0,48.75,163.25,6,2023,-3.521
Rajapalayam (TN-MWS01),2023-07-01,11.43,78.8133,-3.521,99,51.25,60.0,2.0,1,-3.223,-2.724,-2.8265000000000002,-3.156,-0.29800000000000004,35.5,95.75,32.0,182.5,7,2023,-3.5375
Rajapalayam (TN-MWS01),2023-08-01,11.43,78.8133,-3.5375,84,96.5,37.0,2.0,1,-3.521,-3.223,-2.724,-3.4271666666666665,-0.01650000000000018,51.25,35.5,95.75,183.25,8,2023,-3.3905
Rajapalayam (TN-MWS01),2024-02-01,11.43,78.8133,-3.3905,54,,,,0,-3.5375,-3.521,-3.223,-3.483,0.14700000000000024,96.5,51.25,35.5,147.75,2,2024,-3.9035
Rajapalayam (TN-MWS01),2024-03-01,11.43,78.8133,-3.9035,122,,,,0,-3.3905,-3.5375,-3.521,-3.6105,-0.5130000000000003,,96.5,51.25,96.5,3,2024,-4.675
Rajapalayam (TN-MWS01),2024-04-01,11.43,78.8133,-4.675,114,6.0,2.0,1.0,1,-3.9035,-3.3905,-3.5375,-3.9896666666666665,-0.7714999999999996,,,96.5,6.0,4,2024,-5.195
Rajapalayam (TN-MWS01),2024-05-01,11.43,78.8133,-5.195,124,192.0,72.0,2.0,1,-4.675,-3.9035,-3.3905,-4.591166666666667,-0.5200000000000005,6.0,,,198.0,5,2024,-4.594
Rajapalayam (TN-MWS01),2024-06-01,11.43,78.8133,-4.594,120,131.0,63.0,2.0,1,-5.195,-4.675,-3.9035,-4.821333333333333,0.601,192.0,6.0,,329.0,6,2024,-4.9155
Rajapalayam (TN-MWS01),2024-07-01,11.43,78.8133,-4.9155,120,68.25,55.0,2.0,1,-4.594,-5.195,-4.675,-4.9014999999999995,-0.32149999999999945,131.0,192.0,6.0,391.25,7,2024,-4.848
Rajapalayam (TN-MWS01),2024-08-01,11.43,78.8133,-4.848,121,197.75,95.0,2.0,1,-4.9155,-4.594,-5.195,-4.785833333333334,0.0674999999999999,68.25,131.0,192.0,397.0,8,2024,-4.4615
Rajapalayam (TN-MWS01),2024-09-01,11.43,78.8133,-4.4615,112,28.0,17.0,2.0,1,-4.848,-4.9155,-4.594,-4.741666666666667,0.38649999999999984,197.75,68.25,131.0,294.0,9,2024,-4.291
Rajapalayam (TN-MWS01),2024-10-01,11.43,78.8133,-4.291,120,207.75,113.0,2.0,1,-4.4615,-4.848,-4.9155,-4.5335,0.17049999999999965,28.0,197.75,68.25,433.5,10,2024,-3.3200000000000003
Rajapalayam (TN-MWS01),2024-11-01,11.43,78.8133,-3.3200000000000003,118,43.25,50.0,2.0,1,-4.291,-4.4615,-4.848,-4.024166666666667,0.9710000000000001,207.75,28.0,197.75,279.0,11,2024,-1.1095000000000002
Rajapalayam (TN-MWS01),2024-12-01,11.43,78.8133,-1.1095000000000002,122,98.25,86.0,2.0,1,-3.3200000000000003,-4.291,-4.4615,-2.9068333333333336,2.2105,43.25,207.75,28.0,349.25,12,2024,-1.362
Rajapalayam (TN-MWS01),2025-01-01,11.43,78.8133,-1.362,120,5.75,8.0,2.0,1,-1.1095000000000002,-3.3200000000000003,-4.291,-1.9305000000000003,-0.25249999999999995,98.25,43.25,207.75,147.25,1,2025,-1.9745
Rajapalayam (TN-MWS01),2025-02-01,11.43,78.8133,-1.9745,112,,,,0,-1.362,-1.1095000000000002,-3.3200000000000003,-1.482,-0.6124999999999998,5.75,98.25,43.25,104.0,2,2025,-2.546
Rajapalayam (TN-MWS01),2025-03-01,11.43,78.8133,-2.546,107,13.25,21.0,2.0,1,-1.9745,-1.362,-1.1095000000000002,-1.9608333333333334,-0.5714999999999999,,5.75,98.25,19.0,3,2025,-2.9770000000000003
Rajapalayam (TN-MWS01),2025-04-01,11.43,78.8133,-2.9770000000000003,62,14.0,7.0,2.0,1,-2.546,-1.9745,-1.362,-2.499166666666667,-0.4310000000000005,13.25,,5.75,27.25,4,2025,-1.169
Rajapalayam (TN-MWS01),2025-11-01,11.43,78.8133,-1.169,13,279.75,64.0,2.0,1,-2.9770000000000003,-2.546,-1.9745,-2.2306666666666666,1.8080000000000003,14.0,13.25,,307.0,11,2025,-1.21
Ramagudal,2021-05-01,11.4892,77.7175,-5.118,124,,,,0,-4.954,-4.199999999999999,0.341,-4.7573333333333325,-0.1640000000000006,,,,,5,2021,-5.195
Ramagudal,2021-06-01,11.4892,77.7175,-5.195,120,,,,0,-5.118,-4.954,-4.199999999999999,-5.0889999999999995,-0.07699999999999996,,,,,6,2021,-5.3625
Ramagudal,2021-07-01,11.4892,77.7175,-5.3625,118,,,,0,-5.195,-5.118,-4.954,-5.2251666666666665,-0.16749999999999954,,,,,7,2021,-5.283
Ramagudal,2021-08-01,11.4892,77.7175,-5.283,123,,,,0,-5.3625,-5.195,-5.118,-5.280166666666667,0.07949999999999946,,,,,8,2021,-3.729
Ramagudal,2021-09-01,11.4892,77.7175,-3.729,107,3.5,1.0,1.0,1,-5.283,-5.3625,-5.195,-4.7915,1.5540000000000003,,,,3.5,9,2021,-2.2729999999999997
Ramagudal,2021-10-01,11.4892,77.7175,-2.2729999999999997,124,24.0,8.0,1.0,1,-3.729,-5.283,-5.3625,-3.7616666666666667,1.4560000000000004,3.5,,,27.5,10,2021,-0.617
Ramagudal,2021-11-01,11.4892,77.7175,-0.617,113,152.0,111.0,2.0,1,-2.2729999999999997,-3.729,-5.283,-2.2063333333333333,1.6559999999999997,24.0,3.5,,179.5,11,2021,-4.402
Ramagudal,2022-06-01,11.4892,77.7175,-4.402,38,82.0,35.0,2.0,1,-0.617,-2.2729999999999997,-3.729,-2.4306666666666668,-3.785,152.0,24.0,3.5,258.0,6,2022,-4.6145
Ramagudal,2022-07-01,11.4892,77.7175,-4.6145,124,53.0,55.0,2.0,1,-4.402,-0.617,-2.2729999999999997,-3.2111666666666667,-0.21249999999999947,82.0,152.0,24.0,287.0,7,2022,-4.259
Ramagudal,2022-08-01,11.4892,77.7175,-4.259,124,214.75,92.0,2.0,1,-4.6145,-4.402,-0.617,-4.425166666666667,0.35549999999999926,53.0,82.0,152.0,349.75,8,2022,-3.018
Ramagudal,2022-09-01,11.4892,77.7175,-3.018,101,15.25,26.0,2.0,1,-4.259,-4.6145,-4.402,-3.9638333333333335,1.2410000000000005,214.75,53.0,82.0,283.0,9,2022,-2.74
Ramagudal,2022-10-01,11.4892,77.7175,-2.74,92,126.5,64.0,2.0,1,-3.018,-4.259,-4.6145,-3.339,0.2779999999999996,15.25,214.75,53.0,356.5,10,2022,-2.0084999999999997
Ramagudal,2022-11-01,11.4892,77.7175,-2.0084999999999997,102,101.25,71.0,2.0,1,-2.74,-3.018,-4.259,-2.588833333333333,0.7315000000000005,126.5,15.25,214.75,243.0,11,2022,-2.2685
Ramagudal,2022-12-01,11.4892,77.7175,-2.2685,122,51.0,67.0,2.0,1,-2.0084999999999997,-2.74,-3.018,-2.339,-0.26000000000000023,101.25,126.5,15.25,278.75,12,2022,-2.986
Ramagudal,2023-01-01,11.4892,77.7175,-2.986,111,2.5,7.0,2.0,1,-2.2685,-2.0084999999999997,-2.74,-2.421,-0.7175000000000002,51.0,101.25,126.5,154.75,1,2023,-3.7705
Ramagudal,2023-02-01,11.4892,77.7175,-3.7705,112,5.0,4.0,1.0,1,-2.986,-2.2685,-2.0084999999999997,-3.0083333333333333,-0.7845,2.5,51.0,101.25,58.5,2,2023,-4.202
Ramagudal,2023-03-01,11.4892,77.7175,-4.202,118,48.75,17.0,2.0,1,-3.7705,-2.986,-2.2685,-3.6528333333333336,-0.4314999999999998,5.0,2.5,51.0,56.25,3,2023,-4.8485
Ramagudal,2023-04-01,11.4892,77.7175,-4.8485,114,32.0,14.0,2.0,1,-4.202,-3.7705,-2.986,-4.273666666666666,-0.6464999999999996,48.75,5.0,2.5,85.75,4,2023,-4.0555
Ramagudal,2023-05-01,11.4892,77.7175,-4.0555,104,95.75,64.0,2.0,1,-4.8485,-4.202,-3.7705,-4.368666666666667,0.7929999999999993,32.0,48.75,5.0,176.5,5,2023,-4.484
Ramagudal,2023-06-01,11.4892,77.7175,-4.484,120,35.5,20.0,2.0,1,-4.0555,-4.8485,-4.202,-4.462666666666666,-0.42849999999999966,95.75,32.0,48.75,163.25,6,2023,-4.898
Ramagudal,2023-07-01,11.4892,77.7175,-4.898,122,51.25,60.0,2.0,1,-4.484,-4.0555,-4.8485,-4.479166666666667,-0.4139999999999997,35.5,95.75,32.0,182.5,7,2023,-5.1434999999999995
Ramagudal,2023-08-01,11.4892,77.7175,-5.1434999999999995,124,96.5,37.0,2.0,1,-4.898,-4.484,-4.0555,-4.841833333333333,-0.24549999999999983,51.25,35.5,95.75,183.25,8,2023,-4.59
Ramagudal,2023-09-01,11.4892,77.7175,-4.59,120,262.5,90.0,2.0,1,-5.1434999999999995,-4.898,-4.484,-4.877166666666667,0.5534999999999997,96.5,51.25,35.5,410.25,9,2023,-4.4245
Ramagudal,2023-10-01,11.4892,77.7175,-4.4245,106,121.5,59.0,2.0,1,-4.59,-5.1434999999999995,-4.898,-4.719333333333333,0.16549999999999976,262.5,96.5,51.25,480.5,10,2023,-3.2485
Ramagudal,2023-11-01,11.4892,77.7175,-3.2485,120,127.0,92.0,2.0,1,-4.4245,-4.59,-5.1434999999999995,-4.087666666666666,1.1760000000000002,121.5,262.5,96.5,511.0,11,2023,-4.5255
Ramagudal,2023-12-01,11.4892,77.7175,-4.5255,120,4.5,9.0,2.0,1,-3.2485,-4.4245,-4.59,-4.066166666666667,-1.2770000000000001,127.0,121.5,262.5,253.0,12,2023,-5.4145
Ramagudal,2024-01-01,11.4892,77.7175,-5.4145,124,21.25,20.0,2.0,1,-4.5255,-3.2485,-4.4245,-4.396166666666667,-0.8890000000000002,4.5,127.0,121.5,152.75,1,2024,-5.417
Ramagudal,2024-02-01,11.4892,77.7175,-5.417,114,,,,0,-5.4145,-4.5255,-3.2485,-5.119,-0.0024999999999995026,21.25,4.5,127.0,25.75,2,2024,-5.457
Ramagudal,2024-03-01,11.4892,77.7175,-5.457,124,,,,0,-5.417,-5.4145,-4.5255,-5.4295,-0.040000000000000036,,21.25,4.5,21.25,3,2024,-5.723
Ramagudal,2024-04-01,11.4892,77.7175,-5.723,120,6.0,2.0,1.0,1,-5.457,-5.417,-5.4145,-5.532333333333333,-0.266,,,21.25,6.0,4,2024,-5.527
Ramagudal,2024-05-01,11.4892,77.7175,-5.527,120,192.0,72.0,2.0,1,-5.723,-5.457,-5.417,-5.569,0.19599999999999973,6.0,,,198.0,5,2024,-4.891
Ramagudal,2024-06-01,11.4892,77.7175,-4.891,120,131.0,63.0,2.0,1,-5.527,-5.723,-5.457,-5.380333333333333,0.6360000000000001,192.0,6.0,,329.0,6,2024,-5.022
Ramagudal,2024-07-01,11.4892,77.7175,-5.022,118,68.25,55.0,2.0,1,-4.891,-5.527,-5.723,-5.146666666666667,-0.13100000000000023,131.0,192.0,6.0,391.25,7,2024,-4.4905
Ramagudal,2024-08-01,11.4892,77.7175,-4.4905,108,197.75,95.0,2.0,1,-5.022,-4.891,-5.527,-4.801166666666667,0.5315000000000003,68.25,131.0,192.0,397.0,8,2024,-4.325
Ramagudal,2024-09-01,11.4892,77.7175,-4.325,113,28.0,17.0,2.0,1,-4.4905,-5.022,-4.891,-4.6125,0.16549999999999976,197.75,68.25,131.0,294.0,9,2024,-2.8405
Ramagudal,2024-10-01,11.4892,77.7175,-2.8405,124,207.75,113.0,2.0,1,-4.325,-4.4905,-5.022,-3.8853333333333335,1.4845000000000002,28.0,197.75,68.25,433.5,10,2024,-2.641
Ramagudal,2024-11-01,11.4892,77.7175,-2.641,113,43.25,50.0,2.0,1,-2.8405,-4.325,-4.4905,-3.2688333333333333,0.1995,207.75,28.0,197.75,279.0,11,2024,-2.54
Ramagudal,2024-12-01,11.4892,77.7175,-2.54,123,98.25,86.0,2.0,1,-2.641,-2.8405,-4.325,-2.673833333333333,0.10099999999999998,43.25,207.75,28.0,349.25,12,2024,-3.3185000000000002
Ramagudal,2025-01-01,11.4892,77.7175,-3.3185000000000002,122,5.75,8.0,2.0,1,-2.54,-2.641,-2.8405,-2.8331666666666666,-0.7785000000000002,98.25,43.25,207.75,147.25,1,2025,-3.887
Ramagudal,2025-02-01,11.4892,77.7175,-3.887,112,,,,0,-3.3185000000000002,-2.54,-2.641,-3.2485,-0.5684999999999998,5.75,98.25,43.25,104.0,2,2025,-4.2509999999999994
Ramagudal,2025-03-01,11.4892,77.7175,-4.2509999999999994,124,13.25,21.0,2.0,1,-3.887,-3.3185000000000002,-2.54,-3.8188333333333335,-0.36399999999999944,,5.75,98.25,19.0,3,2025,-4.484
Ramanaickanpalayam,2021-04-01,11.6281,78.5597,-4.1475,118,,,,0,-4.01,-0.445,-1.638,-2.8674999999999997,-0.13750000000000018,,,,,4,2021,-4.5275
Ramanaickanpalayam,2021-05-01,11.6281,78.5597,-4.5275,124,,,,0,-4.1475,-4.01,-0.445,-4.228333333333333,-0.3799999999999999,,,,,5,2021,-5.099
Ramanaickanpalayam,2021-06-01,11.6281,78.5597,-5.099,120,,,,0,-4.5275,-4.1475,-4.01,-4.591333333333334,-0.5715000000000003,,,,,6,2021,-5.1975
Ramanaickanpalayam,2021-07-01,11.6281,78.5597,-5.1975,118,,,,0,-5.099,-4.5275,-4.1475,-4.941333333333333,-0.09849999999999959,,,,,7,2021,-5.11
Ramanaickanpalayam,2021-08-01,11.6281,78.5597,-5.11,123,,,,0,-5.1975,-5.099,-4.5275,-5.1354999999999995,0.08749999999999947,,,,,8,2021,-5.111000000000001
Ramanaickanpalayam,2021-09-01,11.6281,78.5597,-5.111000000000001,106,3.5,1.0,1.0,1,-5.11,-5.1975,-5.099,-5.139500000000001,-0.001000000000000334,,,,3.5,9,2021,-4.151
Ramanaickanpalayam,2021-10-01,11.6281,78.5597,-4.151,124,24.0,8.0,1.0,1,-5.111000000000001,-5.11,-5.1975,-4.790666666666667,0.9600000000000009,3.5,,,27.5,10,2021,-2.8114999999999997
Ramanaickanpalayam,2021-11-01,11.6281,78.5597,-2.8114999999999997,120,152.0,111.0,2.0,1,-4.151,-5.111000000000001,-5.11,-4.0245,1.3395000000000001,24.0,3.5,,179.5,11,2021,-2.7904999999999998
Ramanaickanpalayam,2021-12-01,11.6281,78.5597,-2.7904999999999998,124,6.5,2.0,1.0,1,-2.8114999999999997,-4.151,-5.111000000000001,-3.251,0.020999999999999908,152.0,24.0,3.5,182.5,12,2021,-3.276
Ramanaickanpalayam,2022-01-01,11.6281,78.5597,-3.276,124,0.5,1.0,1.0,1,-2.7904999999999998,-2.8114999999999997,-4.151,-2.9593333333333334,-0.48550000000000004,6.5,152.0,24.0,159.0,1,2022,-3.8125
Ramanaickanpalayam,2022-02-01,11.6281,78.5597,-3.8125,108,,,,0,-3.276,-2.7904999999999998,-2.8114999999999997,-3.2929999999999997,-0.5365000000000002,0.5,6.5,152.0,7.0,2,2022,-4.276
Ramanaickanpalayam,2022-03-01,11.6281,78.5597,-4.276,124,1900.25,14.0,2.0,1,-3.8125,-3.276,-2.7904999999999998,-3.7881666666666667,-0.4634999999999998,,0.5,6.5,1900.75,3,2022,-4.765
Ramanaickanpalayam,2022-04-01,11.6281,78.5597,-4.765,115,79.25,38.0,2.0,1,-4.276,-3.8125,-3.276,-4.2845,-0.4889999999999999,1900.25,,0.5,1979.5,4,2022,-4.842499999999999
Ramanaickanpalayam,2022-05-01,11.6281,78.5597,-4.842499999999999,30,24.0,2.0,1.0,1,-4.765,-4.276,-3.8125,-4.627833333333332,-0.07749999999999968,79.25,1900.25,,2003.5,5,2022,-4.753
Ramanaickanpalayam,2022-06-01,11.6281,78.5597,-4.753,120,82.0,35.0,2.0,1,-4.842499999999999,-4.765,-4.276,-4.786833333333333,0.08949999999999925,24.0,79.25,1900.25,185.25,6,2022,-4.698
Ramanaickanpalayam,2022-07-01,11.6281,78.5597,-4.698,124,53.0,55.0,2.0,1,-4.753,-4.842499999999999,-4.765,-4.764499999999999,0.054999999999999716,82.0,24.0,79.25,159.0,7,2022,-4.836
Ramanaickanpalayam,2022-08-01,11.6281,78.5597,-4.836,122,214.75,92.0,2.0,1,-4.698,-4.753,-4.842499999999999,-4.762333333333334,-0.1379999999999999,53.0,82.0,24.0,349.75,8,2022,-4.719
Ramanaickanpalayam,2022-09-01,11.6281,78.5597,-4.719,120,15.25,26.0,2.0,1,-4.836,-4.698,-4.753,-4.751,0.11699999999999999,214.75,53.0,82.0,283.0,9,2022,-4.4395
Ramanaickanpalayam,2022-10-01,11.6281,78.5597,-4.4395,120,126.5,64.0,2.0,1,-4.719,-4.836,-4.698,-4.664833333333333,0.2795000000000005,15.25,214.75,53.0,356.5,10,2022,-3.383
Ramanaickanpalayam,2022-11-01,11.6281,78.5597,-3.383,120,101.25,71.0,2.0,1,-4.4395,-4.719,-4.836,-4.1805,1.0564999999999998,126.5,15.25,214.75,243.0,11,2022,-3.5039999999999996
Ramanaickanpalayam,2022-12-01,11.6281,78.5597,-3.5039999999999996,122,51.0,67.0,2.0,1,-3.383,-4.4395,-4.719,-3.7754999999999996,-0.12099999999999955,101.25,126.5,15.25,278.75,12,2022,-3.765
Ramanaickanpalayam,2023-01-01,11.6281,78.5597,-3.765,111,2.5,7.0,2.0,1,-3.5039999999999996,-3.383,-4.4395,-3.5506666666666664,-0.26100000000000056,51.0,101.25,126.5,154.75,1,2023,-4.302
Ramanaickanpalayam,2023-02-01,11.6281,78.5597,-4.302,112,5.0,4.0,1.0,1,-3.765,-3.5039999999999996,-3.383,-3.8569999999999993,-0.5369999999999995,2.5,51.0,101.25,58.5,2,2023,-4.936999999999999
Ramanaickanpalayam,2023-03-01,11.6281,78.5597,-4.936999999999999,118,48.75,17.0,2.0,1,-4.302,-3.765,-3.5039999999999996,-4.334666666666666,-0.6349999999999998,5.0,2.5,51.0,56.25,3,2023,-5.605499999999999
Ramanaickanpalayam,2023-04-01,11.6281,78.5597,-5.605499999999999,116,32.0,14.0,2.0,1,-4.936999999999999,-4.302,-3.765,-4.9481666666666655,-0.6684999999999999,48.75,5.0,2.5,85.75,4,2023,-5.964
Ramanaickanpalayam,2023-05-01,11.6281,78.5597,-5.964,107,95.75,64.0,2.0,1,-5.605499999999999,-4.936999999999999,-4.302,-5.502166666666667,-0.35850000000000115,32.0,48.75,5.0,176.5,5,2023,-6.217499999999999
Ramanaickanpalayam,2023-06-01,11.6281,78.5597,-6.217499999999999,120,35.5,20.0,2.0,1,-5.964,-5.605499999999999,-4.936999999999999,-5.928999999999999,-0.25349999999999895,95.75,32.0,48.75,163.25,6,2023,-7.0005
Ramanaickanpalayam,2023-07-01,11.6281,78.5597,-7.0005,122,51.25,60.0,2.0,1,-6.217499999999999,-5.964,-5.605499999999999,-6.393999999999999,-0.7830000000000004,35.5,95.75,32.0,182.5,7,2023,-7.208
Ramanaickanpalayam,2023-08-01,11.6281,78.5597,-7.208,124,96.5,37.0,2.0,1,-7.0005,-6.217499999999999,-5.964,-6.808666666666666,-0.20750000000000046,51.25,35.5,95.75,183.25,8,2023,-6.5405
Ramanaickanpalayam,2023-09-01,11.6281,78.5597,-6.5405,118,262.5,90.0,2.0,1,-7.208,-7.0005,-6.217499999999999,-6.916333333333333,0.6675000000000004,96.5,51.25,35.5,410.25,9,2023,-5.3145
Ramanaickanpalayam,2023-10-01,11.6281,78.5597,-5.3145,110,121.5,59.0,2.0,1,-6.5405,-7.208,-7.0005,-6.354333333333333,1.226,262.5,96.5,51.25,480.5,10,2023,-3.6535
Ramanaickanpalayam,2023-11-01,11.6281,78.5597,-3.6535,120,127.0,92.0,2.0,1,-5.3145,-6.5405,-7.208,-5.169499999999999,1.6609999999999996,121.5,262.5,96.5,511.0,11,2023,-3.763
Ramanaickanpalayam,2023-12-01,11.6281,78.5597,-3.763,122,4.5,9.0,2.0,1,-3.6535,-5.3145,-6.5405,-4.243666666666667,-0.10949999999999971,127.0,121.5,262.5,253.0,12,2023,-4.3065
Ramanaickanpalayam,2024-01-01,11.6281,78.5597,-4.3065,120,21.25,20.0,2.0,1,-3.763,-3.6535,-5.3145,-3.907666666666666,-0.5434999999999999,4.5,127.0,121.5,152.75,1,2024,-5.2055
Ramanaickanpalayam,2024-02-01,11.6281,78.5597,-5.2055,116,,,,0,-4.3065,-3.763,-3.6535,-4.425,-0.899,21.25,4.5,127.0,25.75,2,2024,-6.3825
Ramanaickanpalayam,2024-03-01,11.6281,78.5597,-6.3825,124,,,,0,-5.2055,-4.3065,-3.763,-5.298166666666667,-1.1770000000000005,,21.25,4.5,21.25,3,2024,-7.5045
Ramanaickanpalayam,2024-04-01,11.6281,78.5597,-7.5045,120,6.0,2.0,1.0,1,-6.3825,-5.2055,-4.3065,-6.364166666666667,-1.1219999999999999,,,21.25,6.0,4,2024,-8.061
Ramanaickanpalayam,2024-05-01,11.6281,78.5597,-8.061,125,192.0,72.0,2.0,1,-7.5045,-6.3825,-5.2055,-7.316,-0.5564999999999998,6.0,,,198.0,5,2024,-7.15
Ramanaickanpalayam,2024-06-01,11.6281,78.5597,-7.15,118,131.0,63.0,2.0,1,-8.061,-7.5045,-6.3825,-7.571833333333333,0.9109999999999996,192.0,6.0,,329.0,6,2024,-7.5169999999999995
Ramanaickanpalayam,2024-07-01,11.6281,78.5597,-7.5169999999999995,120,68.25,55.0,2.0,1,-7.15,-8.061,-7.5045,-7.5760000000000005,-0.3669999999999991,131.0,192.0,6.0,391.25,7,2024,-6.8155
Ramanaickanpalayam,2024-08-01,11.6281,78.5597,-6.8155,112,197.75,95.0,2.0,1,-7.5169999999999995,-7.15,-8.061,-7.160833333333334,0.7014999999999993,68.25,131.0,192.0,397.0,8,2024,-7.2905
Ramanaickanpalayam,2024-09-01,11.6281,78.5597,-7.2905,120,28.0,17.0,2.0,1,-6.8155,-7.5169999999999995,-7.15,-7.2076666666666656,-0.47499999999999964,197.75,68.25,131.0,294.0,9,2024,-7.462
Ramanaickanpalayam,2024-10-01,11.6281,78.5597,-7.462,124,207.75,113.0,2.0,1,-7.2905,-6.8155,-7.5169999999999995,-7.189333333333333,-0.17149999999999999,28.0,197.75,68.25,433.5,10,2024,-4.282
Ramanaickanpalayam,2024-11-01,11.6281,78.5597,-4.282,118,43.25,50.0,2.0,1,-7.462,-7.2905,-6.8155,-6.344833333333334,3.1799999999999997,207.75,28.0,197.75,279.0,11,2024,-3.0564999999999998
Ramanaickanpalayam,2024-12-01,11.6281,78.5597,-3.0564999999999998,120,98.25,86.0,2.0,1,-4.282,-7.462,-7.2905,-4.9334999999999996,1.2255000000000003,43.25,207.75,28.0,349.25,12,2024,-3.5805
Ramanaickanpalayam,2025-01-01,11.6281,78.5597,-3.5805,116,5.75,8.0,2.0,1,-3.0564999999999998,-4.282,-7.462,-3.639666666666667,-0.524,98.25,43.25,207.75,147.25,1,2025,-4.0065
Ramanaickanpalayam,2025-02-01,11.6281,78.5597,-4.0065,112,,,,0,-3.5805,-3.0564999999999998,-4.282,-3.547833333333333,-0.42600000000000016,5.75,98.25,43.25,104.0,2,2025,-4.6305
Ramanaickanpalayam,2025-03-01,11.6281,78.5597,-4.6305,106,13.25,21.0,2.0,1,-4.0065,-3.5805,-3.0564999999999998,-4.0725,-0.6239999999999997,,5.75,98.25,19.0,3,2025,-5.01
Ramanaickanpalayam,2025-04-01,11.6281,78.5597,-5.01,59,14.0,7.0,2.0,1,-4.6305,-4.0065,-3.5805,-4.549,-0.37950000000000017,13.25,,5.75,27.25,4,2025,-6.204
Ramanaickanpalayam,2025-11-01,11.6281,78.5597,-6.204,11,279.75,64.0,2.0,1,-5.01,-4.6305,-4.0065,-5.2815,-1.194,14.0,13.25,,307.0,11,2025,-5.375
Samuthiram_1,2024-06-01,11.653048,77.907282,-40.625,120,131.0,63.0,2.0,1,-56.01,-52.66,-46.94,-49.76499999999999,15.384999999999998,192.0,6.0,,329.0,6,2024,-27.235
Samuthiram_1,2024-07-01,11.653048,77.907282,-27.235,124,68.25,55.0,2.0,1,-40.625,-56.01,-52.66,-41.29,13.39,131.0,192.0,6.0,391.25,7,2024,-13.91
Samuthiram_1,2024-08-01,11.653048,77.907282,-13.91,112,197.75,95.0,2.0,1,-27.235,-40.625,-56.01,-27.25666666666667,13.325,68.25,131.0,192.0,397.0,8,2024,-11.43
Samuthiram_1,2024-09-01,11.653048,77.907282,-11.43,116,28.0,17.0,2.0,1,-13.91,-27.235,-40.625,-17.525000000000002,2.4800000000000004,197.75,68.25,131.0,294.0,9,2024,-11.45
Samuthiram_1,2024-10-01,11.653048,77.907282,-11.45,124,207.75,113.0,2.0,1,-11.43,-13.91,-27.235,-12.263333333333334,-0.019999999999999574,28.0,197.75,68.25,433.5,10,2024,-11.46
Samuthiram_1,2024-11-01,11.653048,77.907282,-11.46,116,43.25,50.0,2.0,1,-11.45,-11.43,-13.91,-11.446666666666667,-0.010000000000001563,207.75,28.0,197.75,279.0,11,2024,-11.465
Samuthiram_1,2024-12-01,11.653048,77.907282,-11.465,120,98.25,86.0,2.0,1,-11.46,-11.45,-11.43,-11.458333333333334,-0.004999999999999005,43.25,207.75,28.0,349.25,12,2024,-11.48
Samuthiram_1,2025-01-01,11.653048,77.907282,-11.48,124,5.75,8.0,2.0,1,-11.465,-11.46,-11.45,-11.468333333333334,-0.015000000000000568,98.25,43.25,207.75,147.25,1,2025,-11.48
Samuthiram_1,2025-02-01,11.653048,77.907282,-11.48,112,,,,0,-11.48,-11.465,-11.46,-11.475,0.0,5.75,98.25,43.25,104.0,2,2025,-11.47
Samuthiram_1,2025-03-01,11.653048,77.907282,-11.47,120,13.25,21.0,2.0,1,-11.48,-11.48,-11.465,-11.476666666666667,0.009999999999999787,,5.75,98.25,19.0,3,2025,-11.44
Samuthiram_1,2025-04-01,11.653048,77.907282,-11.44,96,14.0,7.0,2.0,1,-11.47,-11.48,-11.48,-11.463333333333333,0.030000000000001137,13.25,,5.75,27.25,4,2025,-11.42
Samuthiram_1,2025-05-01,11.653048,77.907282,-11.42,108,216.0,75.0,2.0,1,-11.44,-11.47,-11.48,-11.443333333333333,0.019999999999999574,14.0,13.25,,243.25,5,2025,-11.43
Samuthiram_1,2025-06-01,11.653048,77.907282,-11.43,117,69.0,32.0,2.0,1,-11.42,-11.44,-11.47,-11.43,-0.009999999999999787,216.0,14.0,13.25,299.0,6,2025,-11.43
Samuthiram_1,2025-07-01,11.653048,77.907282,-11.43,101,16.25,15.0,2.0,1,-11.43,-11.42,-11.44,-11.426666666666668,0.0,69.0,216.0,14.0,301.25,7,2025,-11.43
Samuthiram_1,2025-08-01,11.653048,77.907282,-11.43,99,84.25,46.0,2.0,1,-11.43,-11.43,-11.42,-11.43,0.0,16.25,69.0,216.0,169.5,8,2025,-11.44
Samuthiram_1,2025-09-01,11.653048,77.907282,-11.44,116,59.75,37.0,2.0,1,-11.43,-11.43,-11.43,-11.433333333333332,-0.009999999999999787,84.25,16.25,69.0,160.25,9,2025,-11.45
Samuthiram_1,2025-10-01,11.653048,77.907282,-11.45,21,107.25,86.0,2.0,1,-11.44,-11.43,-11.43,-11.439999999999998,-0.009999999999999787,59.75,84.25,16.25,251.25,10,2025,-11.49
Samuthiram_1,2025-11-01,11.653048,77.907282,-11.49,25,279.75,64.0,2.0,1,-11.45,-11.44,-11.43,-11.459999999999999,-0.040000000000000924,107.25,59.75,84.25,446.75,11,2025,-11.48
Sanarpatti,2021-06-01,11.7319,77.8669,-17.535,120,,,,0,-17.1875,-17.3385,-17.073999999999998,-17.353666666666665,-0.34750000000000014,,,,,6,2021,-17.74
Sanarpatti,2021-07-01,11.7319,77.8669,-17.74,19,,,,0,-17.535,-17.1875,-17.3385,-17.487499999999997,-0.2049999999999983,,,,,7,2021,-18.130000000000003
Sanarpatti,2021-08-01,11.7319,77.8669,-18.130000000000003,106,,,,0,-17.74,-17.535,-17.1875,-17.801666666666666,-0.3900000000000041,,,,,8,2021,-18.0155
Sanarpatti,2021-09-01,11.7319,77.8669,-18.0155,120,3.5,1.0,1.0,1,-18.130000000000003,-17.74,-17.535,-17.961833333333335,0.11450000000000315,,,,3.5,9,2021,-17.869
Sanarpatti,2021-10-01,11.7319,77.8669,-17.869,15,24.0,8.0,1.0,1,-18.0155,-18.130000000000003,-17.74,-18.004833333333334,0.14649999999999963,3.5,,,27.5,10,2021,-15.343
Sanarpatti,2021-11-01,11.7319,77.8669,-15.343,31,152.0,111.0,2.0,1,-17.869,-18.0155,-18.130000000000003,-17.075833333333335,2.526,24.0,3.5,,179.5,11,2021,-10.543
Sanarpatti,2022-05-01,11.7319,77.8669,-10.543,2,24.0,2.0,1.0,1,-15.343,-17.869,-18.0155,-14.584999999999999,4.800000000000001,152.0,24.0,3.5,200.0,5,2022,-9.749
Sanarpatti,2022-06-01,11.7319,77.8669,-9.749,1,82.0,35.0,2.0,1,-10.543,-15.343,-17.869,-11.878333333333332,0.7939999999999987,24.0,152.0,24.0,258.0,6,2022,-4.689
Sanarpatti,2022-10-01,11.7319,77.8669,-4.689,10,126.5,64.0,2.0,1,-9.749,-10.543,-15.343,-8.327,5.0600000000000005,82.0,24.0,152.0,232.5,10,2022,-4.246
Sanarpatti,2022-12-01,11.7319,77.8669,-4.246,117,51.0,67.0,2.0,1,-4.689,-9.749,-10.543,-6.228000000000001,0.4429999999999996,126.5,82.0,24.0,259.5,12,2022,-4.2565
Sanarpatti,2023-01-01,11.7319,77.8669,-4.2565,112,2.5,7.0,2.0,1,-4.246,-4.689,-9.749,-4.397166666666667,-0.01049999999999951,51.0,126.5,82.0,180.0,1,2023,-4.395
Sanarpatti,2023-02-01,11.7319,77.8669,-4.395,110,5.0,4.0,1.0,1,-4.2565,-4.246,-4.689,-4.299166666666667,-0.13849999999999962,2.5,51.0,126.5,58.5,2,2023,-4.773
Sanarpatti,2023-03-01,11.7319,77.8669,-4.773,120,48.75,17.0,2.0,1,-4.395,-4.2565,-4.246,-4.474833333333333,-0.3780000000000001,5.0,2.5,51.0,56.25,3,2023,-5.157
Sanarpatti,2023-04-01,11.7319,77.8669,-5.157,118,32.0,14.0,2.0,1,-4.773,-4.395,-4.2565,-4.7749999999999995,-0.38400000000000034,48.75,5.0,2.5,85.75,4,2023,-5.231
Sanarpatti,2023-05-01,11.7319,77.8669,-5.231,109,95.75,64.0,2.0,1,-5.157,-4.773,-4.395,-5.053666666666667,-0.07399999999999984,32.0,48.75,5.0,176.5,5,2023,-5.599
Sanarpatti,2023-06-01,11.7319,77.8669,-5.599,119,35.5,20.0,2.0,1,-5.231,-5.157,-4.773,-5.329000000000001,-0.3680000000000003,95.75,32.0,48.75,163.25,6,2023,-5.75
Sanarpatti,2023-07-01,11.7319,77.8669,-5.75,124,51.25,60.0,2.0,1,-5.599,-5.231,-5.157,-5.526666666666667,-0.1509999999999998,35.5,95.75,32.0,182.5,7,2023,-6.0035
Sanarpatti,2023-08-01,11.7319,77.8669,-6.0035,124,96.5,37.0,2.0,1,-5.75,-5.599,-5.231,-5.784166666666667,-0.25349999999999984,51.25,35.5,95.75,183.25,8,2023,-5.7475000000000005
Sanarpatti,2023-09-01,11.7319,77.8669,-5.7475000000000005,120,262.5,90.0,2.0,1,-6.0035,-5.75,-5.599,-5.833666666666666,0.25599999999999934,96.5,51.25,35.5,410.25,9,2023,-5.2885
Sanarpatti,2023-10-01,11.7319,77.8669,-5.2885,106,121.5,59.0,2.0,1,-5.7475000000000005,-6.0035,-5.75,-5.679833333333334,0.4590000000000005,262.5,96.5,51.25,480.5,10,2023,-4.9555
Sanarpatti,2023-11-01,11.7319,77.8669,-4.9555,120,127.0,92.0,2.0,1,-5.2885,-5.7475000000000005,-6.0035,-5.3305,0.3330000000000002,121.5,262.5,96.5,511.0,11,2023,-4.964
Sanarpatti,2023-12-01,11.7319,77.8669,-4.964,124,4.5,9.0,2.0,1,-4.9555,-5.2885,-5.7475000000000005,-5.069333333333334,-0.008500000000000618,127.0,121.5,262.5,253.0,12,2023,-5.147
Sanarpatti,2024-01-01,11.7319,77.8669,-5.147,43,21.25,20.0,2.0,1,-4.964,-4.9555,-5.2885,-5.022166666666666,-0.18299999999999983,4.5,127.0,121.5,152.75,1,2024,-5.477
Sanarpatti,2024-02-01,11.7319,77.8669,-5.477,55,,,,0,-5.147,-4.964,-4.9555,-5.196000000000001,-0.33000000000000007,21.25,4.5,127.0,25.75,2,2024,-5.7865
Sanarpatti,2024-03-01,11.7319,77.8669,-5.7865,124,,,,0,-5.477,-5.147,-4.964,-5.470166666666667,-0.3094999999999999,,21.25,4.5,21.25,3,2024,-6.6995000000000005
Sanarpatti,2024-04-01,11.7319,77.8669,-6.6995000000000005,120,6.0,2.0,1.0,1,-5.7865,-5.477,-5.147,-5.987666666666667,-0.9130000000000003,,,21.25,6.0,4,2024,-7.6315
Sanarpatti,2024-05-01,11.7319,77.8669,-7.6315,122,192.0,72.0,2.0,1,-6.6995000000000005,-5.7865,-5.477,-6.7058333333333335,-0.9319999999999995,6.0,,,198.0,5,2024,-7.653499999999999
Sanarpatti,2024-06-01,11.7319,77.8669,-7.653499999999999,120,131.0,63.0,2.0,1,-7.6315,-6.6995000000000005,-5.7865,-7.328166666666667,-0.021999999999999353,192.0,6.0,,329.0,6,2024,-7.8135
Sanarpatti,2024-07-01,11.7319,77.8669,-7.8135,94,68.25,55.0,2.0,1,-7.653499999999999,-7.6315,-6.6995000000000005,-7.6995000000000005,-0.16000000000000103,131.0,192.0,6.0,391.25,7,2024,-6.9815000000000005
Sanarpatti,2024-08-01,11.7319,77.8669,-6.9815000000000005,112,197.75,95.0,2.0,1,-7.8135,-7.653499999999999,-7.6315,-7.482833333333335,0.8319999999999999,68.25,131.0,192.0,397.0,8,2024,-6.381
Sanarpatti,2024-09-01,11.7319,77.8669,-6.381,119,28.0,17.0,2.0,1,-6.9815000000000005,-7.8135,-7.653499999999999,-7.058666666666667,0.6005000000000003,197.75,68.25,131.0,294.0,9,2024,-6.0245
Sanarpatti,2024-10-01,11.7319,77.8669,-6.0245,124,207.75,113.0,2.0,1,-6.381,-6.9815000000000005,-7.8135,-6.4623333333333335,0.3565000000000005,28.0,197.75,68.25,433.5,10,2024,-5.6835
Sanarpatti,2024-11-01,11.7319,77.8669,-5.6835,118,43.25,50.0,2.0,1,-6.0245,-6.381,-6.9815000000000005,-6.0296666666666665,0.3409999999999993,207.75,28.0,197.75,279.0,11,2024,-5.538
Sanarpatti,2024-12-01,11.7319,77.8669,-5.538,75,98.25,86.0,2.0,1,-5.6835,-6.0245,-6.381,-5.748666666666668,0.14550000000000018,43.25,207.75,28.0,349.25,12,2024,-5.829
Sanarpatti,2025-06-01,11.7319,77.8669,-5.829,31,69.0,32.0,2.0,1,-5.538,-5.6835,-6.0245,-5.6834999999999996,-0.2909999999999995,98.25,43.25,207.75,210.5,6,2025,-5.7675
Sanarpatti,2025-07-01,11.7319,77.8669,-5.7675,100,16.25,15.0,2.0,1,-5.829,-5.538,-5.6835,-5.7115,0.061499999999999666,69.0,98.25,43.25,183.5,7,2025,-5.472
Sanarpatti,2025-08-01,11.7319,77.8669,-5.472,99,84.25,46.0,2.0,1,-5.7675,-5.829,-5.538,-5.6895,0.29549999999999965,16.25,69.0,98.25,169.5,8,2025,-4.9805
Sanarpatti,2025-09-01,11.7319,77.8669,-4.9805,102,59.75,37.0,2.0,1,-5.472,-5.7675,-5.829,-5.406666666666666,0.49150000000000027,84.25,16.25,69.0,160.25,9,2025,-3.945
Sanarpatti,2025-10-01,11.7319,77.8669,-3.945,56,107.25,86.0,2.0,1,-4.9805,-5.472,-5.7675,-4.799166666666667,1.0355000000000003,59.75,84.25,16.25,251.25,10,2025,-3.999
Sanarpatti,2025-11-01,11.7319,77.8669,-3.999,103,279.75,64.0,2.0,1,-3.945,-4.9805,-5.472,-4.308166666666667,-0.05400000000000027,107.25,59.75,84.25,446.75,11,2025,-4.65
Sandhiyur,2021-04-01,11.5669,78.1414,-6.7915,116,,,,0,-6.334,5.2835,2.314,-2.614,-0.45750000000000046,,,,,4,2021,-7.3655
Sandhiyur,2021-05-01,11.5669,78.1414,-7.3655,124,,,,0,-6.7915,-6.334,5.2835,-6.830333333333333,-0.5739999999999998,,,,,5,2021,-7.856
Sandhiyur,2021-06-01,11.5669,78.1414,-7.856,120,,,,0,-7.3655,-6.7915,-6.334,-7.337666666666666,-0.49049999999999994,,,,,6,2021,-7.674
Sandhiyur,2021-07-01,11.5669,78.1414,-7.674,114,,,,0,-7.856,-7.3655,-6.7915,-7.631833333333333,0.1819999999999995,,,,,7,2021,-6.303
Sandhiyur,2021-08-01,11.5669,78.1414,-6.303,15,,,,0,-7.674,-7.856,-7.3655,-7.277666666666666,1.3710000000000004,,,,,8,2021,-7.918
Sandhiyur,2021-09-01,11.5669,78.1414,-7.918,51,3.5,1.0,1.0,1,-6.303,-7.674,-7.856,-7.298333333333335,-1.6150000000000002,,,,3.5,9,2021,-7.679
Sandhiyur,2021-10-01,11.5669,78.1414,-7.679,45,24.0,8.0,1.0,1,-7.918,-6.303,-7.674,-7.3,0.23899999999999988,3.5,,,27.5,10,2021,-4.224
Sandhiyur,2021-11-01,11.5669,78.1414,-4.224,62,152.0,111.0,2.0,1,-7.679,-7.918,-6.303,-6.606999999999999,3.455,24.0,3.5,,179.5,11,2021,-3.872
Sandhiyur,2021-12-01,11.5669,78.1414,-3.872,13,6.5,2.0,1.0,1,-4.224,-7.679,-7.918,-5.258333333333334,0.3520000000000003,152.0,24.0,3.5,182.5,12,2021,-3.865
Sandhiyur,2022-01-01,11.5669,78.1414,-3.865,2,0.5,1.0,1.0,1,-3.872,-4.224,-7.679,-3.987,0.006999999999999673,6.5,152.0,24.0,159.0,1,2022,-3.694
Sandhiyur,2022-02-01,11.5669,78.1414,-3.694,51,,,,0,-3.865,-3.872,-4.224,-3.810333333333334,0.17100000000000026,0.5,6.5,152.0,7.0,2,2022,-4.2575
Sandhiyur,2022-03-01,11.5669,78.1414,-4.2575,122,1900.25,14.0,2.0,1,-3.694,-3.865,-3.872,-3.9388333333333336,-0.5635000000000003,,0.5,6.5,1900.75,3,2022,-4.569
Sandhiyur,2022-04-01,11.5669,78.1414,-4.569,115,79.25,38.0,2.0,1,-4.2575,-3.694,-3.865,-4.1735,-0.31149999999999967,1900.25,,0.5,1979.5,4,2022,-4.589499999999999
Sandhiyur,2022-05-01,11.5669,78.1414,-4.589499999999999,32,24.0,2.0,1.0,1,-4.569,-4.2575,-3.694,-4.4719999999999995,-0.020499999999999297,79.25,1900.25,,2003.5,5,2022,-4.654999999999999
Sandhiyur,2022-06-01,11.5669,78.1414,-4.654999999999999,120,82.0,35.0,2.0,1,-4.589499999999999,-4.569,-4.2575,-4.6045,-0.06550000000000011,24.0,79.25,1900.25,185.25,6,2022,-4.958
Sandhiyur,2022-07-01,11.5669,78.1414,-4.958,124,53.0,55.0,2.0,1,-4.654999999999999,-4.589499999999999,-4.569,-4.734166666666666,-0.3030000000000008,82.0,24.0,79.25,159.0,7,2022,-4.005000000000001
Sandhiyur,2022-08-01,11.5669,78.1414,-4.005000000000001,124,214.75,92.0,2.0,1,-4.958,-4.654999999999999,-4.589499999999999,-4.539333333333333,0.9529999999999994,53.0,82.0,24.0,349.75,8,2022,-2.952
Sandhiyur,2022-09-01,11.5669,78.1414,-2.952,121,15.25,26.0,2.0,1,-4.005000000000001,-4.958,-4.654999999999999,-3.971666666666667,1.0530000000000008,214.75,53.0,82.0,283.0,9,2022,-2.464
Sandhiyur,2022-10-01,11.5669,78.1414,-2.464,117,126.5,64.0,2.0,1,-2.952,-4.005000000000001,-4.958,-3.140333333333334,0.488,15.25,214.75,53.0,356.5,10,2022,-1.7745
Sandhiyur,2022-11-01,11.5669,78.1414,-1.7745,62,101.25,71.0,2.0,1,-2.464,-2.952,-4.005000000000001,-2.3968333333333334,0.6895,126.5,15.25,214.75,243.0,11,2022,-0.99
Sandhiyur,2022-12-01,11.5669,78.1414,-0.99,118,51.0,67.0,2.0,1,-1.7745,-2.464,-2.952,-1.7428333333333335,0.7845,101.25,126.5,15.25,278.75,12,2022,-0.6174999999999999
Sandhiyur,2023-01-01,11.5669,78.1414,-0.6174999999999999,104,2.5,7.0,2.0,1,-0.99,-1.7745,-2.464,-1.1273333333333333,0.37250000000000005,51.0,101.25,126.5,154.75,1,2023,-0.3165
Sandhiyur,2023-02-01,11.5669,78.1414,-0.3165,110,5.0,4.0,1.0,1,-0.6174999999999999,-0.99,-1.7745,-0.6413333333333333,0.30099999999999993,2.5,51.0,101.25,58.5,2,2023,-0.217
Sandhiyur,2023-03-01,11.5669,78.1414,-0.217,120,48.75,17.0,2.0,1,-0.3165,-0.6174999999999999,-0.99,-0.38366666666666666,0.0995,5.0,2.5,51.0,56.25,3,2023,0.5105
Sandhiyur,2023-04-01,11.5669,78.1414,0.5105,118,32.0,14.0,2.0,1,-0.217,-0.3165,-0.6174999999999999,-0.007666666666666673,0.7274999999999999,48.75,5.0,2.5,85.75,4,2023,1.712
Sandhiyur,2023-05-01,11.5669,78.1414,1.712,108,95.75,64.0,2.0,1,0.5105,-0.217,-0.3165,0.6685,1.2015,32.0,48.75,5.0,176.5,5,2023,2.193
Sandhiyur,2023-06-01,11.5669,78.1414,2.193,118,35.5,20.0,2.0,1,1.712,0.5105,-0.217,1.4718333333333333,0.4810000000000001,95.75,32.0,48.75,163.25,6,2023,2.8235
Sandhiyur,2023-07-01,11.5669,78.1414,2.8235,124,51.25,60.0,2.0,1,2.193,1.712,0.5105,2.2428333333333335,0.6305000000000001,35.5,95.75,32.0,182.5,7,2023,3.408
Sandhiyur,2023-08-01,11.5669,78.1414,3.408,120,96.5,37.0,2.0,1,2.8235,2.193,1.712,2.8081666666666667,0.5844999999999998,51.25,35.5,95.75,183.25,8,2023,4.772
Sandhiyur,2023-09-01,11.5669,78.1414,4.772,118,262.5,90.0,2.0,1,3.408,2.8235,2.193,3.667833333333333,1.3640000000000003,96.5,51.25,35.5,410.25,9,2023,5.658
Sandhiyur,2023-10-01,11.5669,78.1414,5.658,57,121.5,59.0,2.0,1,4.772,3.408,2.8235,4.612666666666667,0.8860000000000001,262.5,96.5,51.25,480.5,10,2023,-6.483
Sandhiyur,2024-01-01,11.5669,78.1414,-6.483,34,21.25,20.0,2.0,1,5.658,4.772,3.408,1.3156666666666668,-12.141,121.5,262.5,96.5,405.25,1,2024,-5.3575
Sandhiyur,2024-02-01,11.5669,78.1414,-5.3575,116,,,,0,-6.483,5.658,4.772,-2.0608333333333335,1.1254999999999997,21.25,121.5,262.5,142.75,2,2024,-3.909
Sandhiyur,2024-03-01,11.5669,78.1414,-3.909,122,,,,0,-5.3575,-6.483,5.658,-5.249833333333334,1.4485000000000001,,21.25,121.5,21.25,3,2024,-3.249
Sandhiyur,2024-04-01,11.5669,78.1414,-3.249,118,6.0,2.0,1.0,1,-3.909,-5.3575,-6.483,-4.171833333333333,0.6599999999999997,,,21.25,6.0,4,2024,-2.7925
Sandhiyur,2024-05-01,11.5669,78.1414,-2.7925,124,192.0,72.0,2.0,1,-3.249,-3.909,-5.3575,-3.3168333333333337,0.45650000000000013,6.0,,,198.0,5,2024,0.236
Sandhiyur,2024-06-01,11.5669,78.1414,0.236,35,131.0,63.0,2.0,1,-2.7925,-3.249,-3.909,-1.9351666666666671,3.0285,192.0,6.0,,329.0,6,2024,-2.627
Sandhiyur,2024-07-01,11.5669,78.1414,-2.627,82,68.25,55.0,2.0,1,0.236,-2.7925,-3.249,-1.7278333333333336,-2.8629999999999995,131.0,192.0,6.0,391.25,7,2024,-2.654
Sandhiyur,2024-08-01,11.5669,78.1414,-2.654,124,197.75,95.0,2.0,1,-2.627,0.236,-2.7925,-1.6816666666666669,-0.027000000000000135,68.25,131.0,192.0,397.0,8,2024,-2.621
Sandhiyur,2024-09-01,11.5669,78.1414,-2.621,120,28.0,17.0,2.0,1,-2.654,-2.627,0.236,-2.6340000000000003,0.03299999999999992,197.75,68.25,131.0,294.0,9,2024,-2.6635
Sandhiyur,2024-10-01,11.5669,78.1414,-2.6635,124,207.75,113.0,2.0,1,-2.621,-2.654,-2.627,-2.6461666666666672,-0.04249999999999998,28.0,197.75,68.25,433.5,10,2024,-2.6295
Sandhiyur,2024-11-01,11.5669,78.1414,-2.6295,120,43.25,50.0,2.0,1,-2.6635,-2.621,-2.654,-2.6380000000000003,0.03399999999999981,207.75,28.0,197.75,279.0,11,2024,-3.3339999999999996
Sandhiyur,2024-12-01,11.5669,78.1414,-3.3339999999999996,120,98.25,86.0,2.0,1,-2.6295,-2.6635,-2.621,-2.875666666666667,-0.7044999999999995,43.25,207.75,28.0,349.25,12,2024,-3.177
Sandhiyur,2025-01-01,11.5669,78.1414,-3.177,122,5.75,8.0,2.0,1,-3.3339999999999996,-2.6295,-2.6635,-3.0468333333333337,0.15699999999999958,98.25,43.25,207.75,147.25,1,2025,-3.3529999999999998
Sandhiyur,2025-02-01,11.5669,78.1414,-3.3529999999999998,112,,,,0,-3.177,-3.3339999999999996,-2.6295,-3.2880000000000003,-0.1759999999999997,5.75,98.25,43.25,104.0,2,2025,-3.5069999999999997
Sandhiyur,2025-03-01,11.5669,78.1414,-3.5069999999999997,110,13.25,21.0,2.0,1,-3.3529999999999998,-3.177,-3.3339999999999996,-3.345666666666667,-0.15399999999999991,,5.75,98.25,19.0,3,2025,-3.964
Sandhiyur,2025-04-01,11.5669,78.1414,-3.964,116,14.0,7.0,2.0,1,-3.5069999999999997,-3.3529999999999998,-3.177,-3.608,-0.4570000000000003,13.25,,5.75,27.25,4,2025,-3.949
Sandhiyur,2025-05-01,11.5669,78.1414,-3.949,116,216.0,75.0,2.0,1,-3.964,-3.5069999999999997,-3.3529999999999998,-3.8066666666666666,0.015000000000000124,14.0,13.25,,243.25,5,2025,-2.9125
Sandhiyur,2025-06-01,11.5669,78.1414,-2.9125,118,69.0,32.0,2.0,1,-3.949,-3.964,-3.5069999999999997,-3.6085000000000007,1.0364999999999998,216.0,14.0,13.25,299.0,6,2025,-2.374
Sandhiyur,2025-07-01,11.5669,78.1414,-2.374,101,16.25,15.0,2.0,1,-2.9125,-3.949,-3.964,-3.0785,0.5385,69.0,216.0,14.0,301.25,7,2025,-2.109
Sandhiyur,2025-08-01,11.5669,78.1414,-2.109,95,84.25,46.0,2.0,1,-2.374,-2.9125,-3.949,-2.4651666666666667,0.2650000000000001,16.25,69.0,216.0,169.5,8,2025,-1.689
Sandhiyur,2025-09-01,11.5669,78.1414,-1.689,112,59.75,37.0,2.0,1,-2.109,-2.374,-2.9125,-2.0573333333333337,0.41999999999999993,84.25,16.25,69.0,160.25,9,2025,-0.587
Sandhiyur,2025-10-01,11.5669,78.1414,-0.587,25,107.25,86.0,2.0,1,-1.689,-2.109,-2.374,-1.461666666666667,1.102,59.75,84.25,16.25,251.25,10,2025,-0.292
Sandhiyur,2025-11-01,11.5669,78.1414,-0.292,103,279.75,64.0,2.0,1,-0.587,-1.689,-2.109,-0.8560000000000003,0.295,107.25,59.75,84.25,446.75,11,2025,-0.551
Sendarapatti,2021-06-01,11.4369,78.5114,-5.585,120,,,,0,-12.192499999999999,-8.657499999999999,-5.6515,-8.811666666666666,6.607499999999999,,,,,6,2021,-5.5385
Sendarapatti,2021-07-01,11.4369,78.5114,-5.5385,114,,,,0,-5.585,-12.192499999999999,-8.657499999999999,-7.7719999999999985,0.046499999999999986,,,,,7,2021,-7.886
Sendarapatti,2021-08-01,11.4369,78.5114,-7.886,125,,,,0,-5.5385,-5.585,-12.192499999999999,-6.3365,-2.3475,,,,,8,2021,-11.4875
Sendarapatti,2021-09-01,11.4369,78.5114,-11.4875,106,3.5,1.0,1.0,1,-7.886,-5.5385,-5.585,-8.304,-3.6015000000000006,,,,3.5,9,2021,-12.286999999999999
Sendarapatti,2021-10-01,11.4369,78.5114,-12.286999999999999,124,24.0,8.0,1.0,1,-11.4875,-7.886,-5.5385,-10.5535,-0.7994999999999983,3.5,,,27.5,10,2021,-6.371499999999999
Sendarapatti,2021-11-01,11.4369,78.5114,-6.371499999999999,120,152.0,111.0,2.0,1,-12.286999999999999,-11.4875,-7.886,-10.048666666666668,5.9155,24.0,3.5,,179.5,11,2021,-6.1434999999999995
Sendarapatti,2021-12-01,11.4369,78.5114,-6.1434999999999995,124,6.5,2.0,1.0,1,-6.371499999999999,-12.286999999999999,-11.4875,-8.267333333333333,0.22799999999999976,152.0,24.0,3.5,182.5,12,2021,-6.271
Sendarapatti,2022-01-01,11.4369,78.5114,-6.271,19,0.5,1.0,1.0,1,-6.1434999999999995,-6.371499999999999,-12.286999999999999,-6.262,-0.1275000000000004,6.5,152.0,24.0,159.0,1,2022,-7.281
Sendarapatti,2022-05-01,11.4369,78.5114,-7.281,27,24.0,2.0,1.0,1,-6.271,-6.1434999999999995,-6.371499999999999,-6.565166666666666,-1.0099999999999998,0.5,6.5,152.0,31.0,5,2022,-7.533
Sendarapatti,2022-06-01,11.4369,78.5114,-7.533,120,82.0,35.0,2.0,1,-7.281,-6.271,-6.1434999999999995,-7.028333333333333,-0.25200000000000067,24.0,0.5,6.5,106.5,6,2022,-7.625500000000001
Sendarapatti,2022-07-01,11.4369,78.5114,-7.625500000000001,124,53.0,55.0,2.0,1,-7.533,-7.281,-6.271,-7.479833333333333,-0.09250000000000025,82.0,24.0,0.5,159.0,7,2022,-7.084
Sendarapatti,2022-08-01,11.4369,78.5114,-7.084,122,214.75,92.0,2.0,1,-7.625500000000001,-7.533,-7.281,-7.414166666666667,0.541500000000001,53.0,82.0,24.0,349.75,8,2022,-7.3815
Sendarapatti,2022-09-01,11.4369,78.5114,-7.3815,120,15.25,26.0,2.0,1,-7.084,-7.625500000000001,-7.533,-7.363666666666667,-0.2975000000000003,214.75,53.0,82.0,283.0,9,2022,-6.355
Sendarapatti,2022-10-01,11.4369,78.5114,-6.355,120,126.5,64.0,2.0,1,-7.3815,-7.084,-7.625500000000001,-6.940166666666667,1.0264999999999995,15.25,214.75,53.0,356.5,10,2022,-4.743
Sendarapatti,2022-11-01,11.4369,78.5114,-4.743,117,101.25,71.0,2.0,1,-6.355,-7.3815,-7.084,-6.159833333333334,1.612,126.5,15.25,214.75,243.0,11,2022,-5.789
Sendarapatti,2022-12-01,11.4369,78.5114,-5.789,123,51.0,67.0,2.0,1,-4.743,-6.355,-7.3815,-5.6290000000000004,-1.0459999999999994,101.25,126.5,15.25,278.75,12,2022,-6.8875
Sendarapatti,2023-01-01,11.4369,78.5114,-6.8875,110,2.5,7.0,2.0,1,-5.789,-4.743,-6.355,-5.8065,-1.0985000000000005,51.0,101.25,126.5,154.75,1,2023,-7.425000000000001
Sendarapatti,2023-02-01,11.4369,78.5114,-7.425000000000001,110,5.0,4.0,1.0,1,-6.8875,-5.789,-4.743,-6.700500000000001,-0.5375000000000005,2.5,51.0,101.25,58.5,2,2023,-7.801
Sendarapatti,2023-03-01,11.4369,78.5114,-7.801,124,48.75,17.0,2.0,1,-7.425000000000001,-6.8875,-5.789,-7.371166666666667,-0.37599999999999945,5.0,2.5,51.0,56.25,3,2023,-8.984
Sendarapatti,2023-04-01,11.4369,78.5114,-8.984,85,32.0,14.0,2.0,1,-7.801,-7.425000000000001,-6.8875,-8.07,-1.1829999999999998,48.75,5.0,2.5,85.75,4,2023,-6.644
Sendarapatti,2023-05-01,11.4369,78.5114,-6.644,15,95.75,64.0,2.0,1,-8.984,-7.801,-7.425000000000001,-7.809666666666668,2.34,32.0,48.75,5.0,176.5,5,2023,-7.266
Sendarapatti,2023-06-01,11.4369,78.5114,-7.266,120,35.5,20.0,2.0,1,-6.644,-8.984,-7.801,-7.631333333333333,-0.6219999999999999,95.75,32.0,48.75,163.25,6,2023,-7.8025
Sendarapatti,2023-07-01,11.4369,78.5114,-7.8025,124,51.25,60.0,2.0,1,-7.266,-6.644,-8.984,-7.2375,-0.5365000000000002,35.5,95.75,32.0,182.5,7,2023,-8.3025
Sendarapatti,2023-08-01,11.4369,78.5114,-8.3025,124,96.5,37.0,2.0,1,-7.8025,-7.266,-6.644,-7.790333333333334,-0.5,51.25,35.5,95.75,183.25,8,2023,-5.186
Sendarapatti,2023-09-01,11.4369,78.5114,-5.186,118,262.5,90.0,2.0,1,-8.3025,-7.8025,-7.266,-7.097000000000001,3.1165000000000003,96.5,51.25,35.5,410.25,9,2023,-6.252
Sendarapatti,2023-10-01,11.4369,78.5114,-6.252,110,121.5,59.0,2.0,1,-5.186,-8.3025,-7.8025,-6.580166666666667,-1.0659999999999998,262.5,96.5,51.25,480.5,10,2023,-4.656
Sendarapatti,2023-11-01,11.4369,78.5114,-4.656,120,127.0,92.0,2.0,1,-6.252,-5.186,-8.3025,-5.364666666666667,1.596,121.5,262.5,96.5,511.0,11,2023,-5.99
Sendarapatti,2023-12-01,11.4369,78.5114,-5.99,122,4.5,9.0,2.0,1,-4.656,-6.252,-5.186,-5.632666666666666,-1.3340000000000005,127.0,121.5,262.5,253.0,12,2023,-6.4315
Sendarapatti,2024-01-01,11.4369,78.5114,-6.4315,124,21.25,20.0,2.0,1,-5.99,-4.656,-6.252,-5.6925,-0.44149999999999956,4.5,127.0,121.5,152.75,1,2024,-6.667
Sendarapatti,2024-02-01,11.4369,78.5114,-6.667,116,,,,0,-6.4315,-5.99,-4.656,-6.362833333333334,-0.23550000000000004,21.25,4.5,127.0,25.75,2,2024,-6.964
Sendarapatti,2024-03-01,11.4369,78.5114,-6.964,124,,,,0,-6.667,-6.4315,-5.99,-6.6875,-0.2970000000000006,,21.25,4.5,21.25,3,2024,-7.3614999999999995
Sendarapatti,2024-04-01,11.4369,78.5114,-7.3614999999999995,120,6.0,2.0,1.0,1,-6.964,-6.667,-6.4315,-6.9975,-0.3974999999999991,,,21.25,6.0,4,2024,-7.9925
Sendarapatti,2024-05-01,11.4369,78.5114,-7.9925,122,192.0,72.0,2.0,1,-7.3614999999999995,-6.964,-6.667,-7.439333333333333,-0.6310000000000002,6.0,,,198.0,5,2024,-8.7055
Sendarapatti,2024-06-01,11.4369,78.5114,-8.7055,120,131.0,63.0,2.0,1,-7.9925,-7.3614999999999995,-6.964,-8.019833333333333,-0.713000000000001,192.0,6.0,,329.0,6,2024,-9.701
Sendarapatti,2024-07-01,11.4369,78.5114,-9.701,120,68.25,55.0,2.0,1,-8.7055,-7.9925,-7.3614999999999995,-8.799666666666667,-0.9954999999999998,131.0,192.0,6.0,391.25,7,2024,-10.551
Sendarapatti,2024-08-01,11.4369,78.5114,-10.551,112,197.75,95.0,2.0,1,-9.701,-8.7055,-7.9925,-9.652500000000002,-0.8499999999999996,68.25,131.0,192.0,397.0,8,2024,-6.167
Sendarapatti,2024-09-01,11.4369,78.5114,-6.167,117,28.0,17.0,2.0,1,-10.551,-9.701,-8.7055,-8.806333333333333,4.384,197.75,68.25,131.0,294.0,9,2024,-6.474
Sendarapatti,2024-10-01,11.4369,78.5114,-6.474,123,207.75,113.0,2.0,1,-6.167,-10.551,-9.701,-7.730666666666667,-0.3070000000000004,28.0,197.75,68.25,433.5,10,2024,-5.904
Sendarapatti,2024-11-01,11.4369,78.5114,-5.904,114,43.25,50.0,2.0,1,-6.474,-6.167,-10.551,-6.1816666666666675,0.5700000000000003,207.75,28.0,197.75,279.0,11,2024,-3.823
Sendarapatti,2024-12-01,11.4369,78.5114,-3.823,123,98.25,86.0,2.0,1,-5.904,-6.474,-6.167,-5.400333333333333,2.081,43.25,207.75,28.0,349.25,12,2024,-4.65
Sendarapatti,2025-01-01,11.4369,78.5114,-4.65,116,5.75,8.0,2.0,1,-3.823,-5.904,-6.474,-4.792333333333334,-0.8270000000000004,98.25,43.25,207.75,147.25,1,2025,-6.038
Sendarapatti,2025-02-01,11.4369,78.5114,-6.038,112,,,,0,-4.65,-3.823,-5.904,-4.837000000000001,-1.388,5.75,98.25,43.25,104.0,2,2025,-6.448
Sendarapatti,2025-03-01,11.4369,78.5114,-6.448,109,13.25,21.0,2.0,1,-6.038,-4.65,-3.823,-5.712000000000001,-0.41000000000000014,,5.75,98.25,19.0,3,2025,-6.776
Sendarapatti,2025-04-01,11.4369,78.5114,-6.776,60,14.0,7.0,2.0,1,-6.448,-6.038,-4.65,-6.4206666666666665,-0.3279999999999994,13.25,,5.75,27.25,4,2025,-5.3815
Singipuram,2021-06-01,11.6333,78.4158,-32.569,120,,,,0,-12.383500000000002,-8.76,-6.134,-17.90416666666667,-20.1855,,,,,6,2021,-8.152
Singipuram,2021-07-01,11.6333,78.4158,-8.152,116,,,,0,-32.569,-12.383500000000002,-8.76,-17.701500000000003,24.417,,,,,7,2021,-7.436
Singipuram,2021-08-01,11.6333,78.4158,-7.436,125,,,,0,-8.152,-32.569,-12.383500000000002,-16.052333333333333,0.7159999999999993,,,,,8,2021,-8.146
Singipuram,2021-09-01,11.6333,78.4158,-8.146,106,3.5,1.0,1.0,1,-7.436,-8.152,-32.569,-7.911333333333334,-0.7100000000000009,,,,3.5,9,2021,-8.386
Singipuram,2021-10-01,11.6333,78.4158,-8.386,59,24.0,8.0,1.0,1,-8.146,-7.436,-8.152,-7.989333333333334,-0.23999999999999844,3.5,,,27.5,10,2021,-0.8395
Singipuram,2021-11-01,11.6333,78.4158,-0.8395,2,152.0,111.0,2.0,1,-8.386,-8.146,-7.436,-5.790500000000001,7.546499999999999,24.0,3.5,,179.5,11,2021,-1.3795
Singipuram,2021-12-01,11.6333,78.4158,-1.3795,124,6.5,2.0,1.0,1,-0.8395,-8.386,-8.146,-3.5349999999999997,-0.5399999999999999,152.0,24.0,3.5,182.5,12,2021,-2.301
Singipuram,2022-01-01,11.6333,78.4158,-2.301,124,0.5,1.0,1.0,1,-1.3795,-0.8395,-8.386,-1.5066666666666666,-0.9215000000000002,6.5,152.0,24.0,159.0,1,2022,-3.4805
Singipuram,2022-02-01,11.6333,78.4158,-3.4805,112,,,,0,-2.301,-1.3795,-0.8395,-2.387,-1.1795,0.5,6.5,152.0,7.0,2,2022,-5.0655
Singipuram,2022-03-01,11.6333,78.4158,-5.0655,124,1900.25,14.0,2.0,1,-3.4805,-2.301,-1.3795,-3.6156666666666664,-1.585,,0.5,6.5,1900.75,3,2022,-5.546
Singipuram,2022-04-01,11.6333,78.4158,-5.546,119,79.25,38.0,2.0,1,-5.0655,-3.4805,-2.301,-4.697333333333333,-0.48050000000000015,1900.25,,0.5,1979.5,4,2022,-5.809
Singipuram,2022-05-01,11.6333,78.4158,-5.809,31,24.0,2.0,1.0,1,-5.546,-5.0655,-3.4805,-5.4735000000000005,-0.2629999999999999,79.25,1900.25,,2003.5,5,2022,-6.4625
Singipuram,2022-06-01,11.6333,78.4158,-6.4625,120,82.0,35.0,2.0,1,-5.809,-5.546,-5.0655,-5.939166666666668,-0.6535000000000002,24.0,79.25,1900.25,185.25,6,2022,-6.846
Singipuram,2022-07-01,11.6333,78.4158,-6.846,124,53.0,55.0,2.0,1,-6.4625,-5.809,-5.546,-6.3725,-0.38349999999999973,82.0,24.0,79.25,159.0,7,2022,-6.8565000000000005
Singipuram,2022-08-01,11.6333,78.4158,-6.8565000000000005,122,214.75,92.0,2.0,1,-6.846,-6.4625,-5.809,-6.721666666666667,-0.010500000000000398,53.0,82.0,24.0,349.75,8,2022,-6.182
Singipuram,2022-09-01,11.6333,78.4158,-6.182,121,15.25,26.0,2.0,1,-6.8565000000000005,-6.846,-6.4625,-6.628166666666668,0.6745000000000001,214.75,53.0,82.0,283.0,9,2022,-5.4245
Singipuram,2022-10-01,11.6333,78.4158,-5.4245,124,126.5,64.0,2.0,1,-6.182,-6.8565000000000005,-6.846,-6.154333333333334,0.7575000000000003,15.25,214.75,53.0,356.5,10,2022,-2.705
Singipuram,2022-11-01,11.6333,78.4158,-2.705,119,101.25,71.0,2.0,1,-5.4245,-6.182,-6.8565000000000005,-4.7705,2.7195,126.5,15.25,214.75,243.0,11,2022,-2.78
Singipuram,2022-12-01,11.6333,78.4158,-2.78,121,51.0,67.0,2.0,1,-2.705,-5.4245,-6.182,-3.6365,-0.07499999999999973,101.25,126.5,15.25,278.75,12,2022,-4.1240000000000006
Singipuram,2023-01-01,11.6333,78.4158,-4.1240000000000006,106,2.5,7.0,2.0,1,-2.78,-2.705,-5.4245,-3.203,-1.3440000000000007,51.0,101.25,126.5,154.75,1,2023,-5.7195
Singipuram,2023-02-01,11.6333,78.4158,-5.7195,112,5.0,4.0,1.0,1,-4.1240000000000006,-2.78,-2.705,-4.207833333333333,-1.5954999999999995,2.5,51.0,101.25,58.5,2,2023,-7.6035
Singipuram,2023-03-01,11.6333,78.4158,-7.6035,122,48.75,17.0,2.0,1,-5.7195,-4.1240000000000006,-2.78,-5.815666666666668,-1.8840000000000003,5.0,2.5,51.0,56.25,3,2023,-8.973500000000001
Singipuram,2023-04-01,11.6333,78.4158,-8.973500000000001,120,32.0,14.0,2.0,1,-7.6035,-5.7195,-4.1240000000000006,-7.432166666666667,-1.370000000000001,48.75,5.0,2.5,85.75,4,2023,-9.457
Singipuram,2023-05-01,11.6333,78.4158,-9.457,109,95.75,64.0,2.0,1,-8.973500000000001,-7.6035,-5.7195,-8.678,-0.4834999999999994,32.0,48.75,5.0,176.5,5,2023,-13.691500000000001
Singipuram,2023-06-01,11.6333,78.4158,-13.691500000000001,120,35.5,20.0,2.0,1,-9.457,-8.973500000000001,-7.6035,-10.707333333333333,-4.234500000000001,95.75,32.0,48.75,163.25,6,2023,-34.495
Singipuram,2023-07-01,11.6333,78.4158,-34.495,124,51.25,60.0,2.0,1,-13.691500000000001,-9.457,-8.973500000000001,-19.2145,-20.803499999999996,35.5,95.75,32.0,182.5,7,2023,-34.4835
Singipuram,2023-08-01,11.6333,78.4158,-34.4835,124,96.5,37.0,2.0,1,-34.495,-13.691500000000001,-9.457,-27.55666666666667,0.011499999999998067,51.25,35.5,95.75,183.25,8,2023,-34.467
Singipuram,2023-09-01,11.6333,78.4158,-34.467,120,262.5,90.0,2.0,1,-34.4835,-34.495,-13.691500000000001,-34.481833333333334,0.016500000000000625,96.5,51.25,35.5,410.25,9,2023,-34.442
Singipuram,2023-10-01,11.6333,78.4158,-34.442,110,121.5,59.0,2.0,1,-34.467,-34.4835,-34.495,-34.46416666666667,0.02499999999999858,262.5,96.5,51.25,480.5,10,2023,-34.431
Singipuram,2023-11-01,11.6333,78.4158,-34.431,120,127.0,92.0,2.0,1,-34.442,-34.467,-34.4835,-34.446666666666665,0.011000000000002785,121.5,262.5,96.5,511.0,11,2023,-22.088
Singipuram,2023-12-01,11.6333,78.4158,-22.088,122,4.5,9.0,2.0,1,-34.431,-34.442,-34.467,-30.320333333333334,12.342999999999996,127.0,121.5,262.5,253.0,12,2023,-34.430499999999995
Singipuram,2024-01-01,11.6333,78.4158,-34.430499999999995,122,21.25,20.0,2.0,1,-22.088,-34.431,-34.442,-30.3165,-12.342499999999994,4.5,127.0,121.5,152.75,1,2024,-34.468
Singipuram,2024-02-01,11.6333,78.4158,-34.468,116,,,,0,-34.430499999999995,-22.088,-34.431,-30.328833333333336,-0.037500000000008527,21.25,4.5,127.0,25.75,2,2024,-34.4895
Singipuram,2024-03-01,11.6333,78.4158,-34.4895,122,,,,0,-34.468,-34.430499999999995,-22.088,-34.46266666666667,-0.021499999999996078,,21.25,4.5,21.25,3,2024,-34.535
Singipuram,2024-04-01,11.6333,78.4158,-34.535,118,6.0,2.0,1.0,1,-34.4895,-34.468,-34.430499999999995,-34.4975,-0.04549999999999699,,,21.25,6.0,4,2024,-34.533500000000004
Singipuram,2024-05-01,11.6333,78.4158,-34.533500000000004,124,192.0,72.0,2.0,1,-34.535,-34.4895,-34.468,-34.51933333333333,0.0014999999999929514,6.0,,,198.0,5,2024,-7.498
Singipuram,2024-06-01,11.6333,78.4158,-7.498,120,131.0,63.0,2.0,1,-34.533500000000004,-34.535,-34.4895,-25.522166666666667,27.035500000000003,192.0,6.0,,329.0,6,2024,-30.847
Singipuram,2024-07-01,11.6333,78.4158,-30.847,120,68.25,55.0,2.0,1,-7.498,-34.533500000000004,-34.535,-24.292833333333338,-23.349,131.0,192.0,6.0,391.25,7,2024,-34.447
Singipuram,2024-08-01,11.6333,78.4158,-34.447,113,197.75,95.0,2.0,1,-30.847,-7.498,-34.533500000000004,-24.264000000000006,-3.6000000000000014,68.25,131.0,192.0,397.0,8,2024,-13.917
Singipuram,2024-09-01,11.6333,78.4158,-13.917,118,28.0,17.0,2.0,1,-34.447,-30.847,-7.498,-26.40366666666667,20.53,197.75,68.25,131.0,294.0,9,2024,-8.991
Singipuram,2024-10-01,11.6333,78.4158,-8.991,123,207.75,113.0,2.0,1,-13.917,-34.447,-30.847,-19.11833333333334,4.926,28.0,197.75,68.25,433.5,10,2024,-8.341
Singipuram,2024-11-01,11.6333,78.4158,-8.341,115,43.25,50.0,2.0,1,-8.991,-13.917,-34.447,-10.416333333333338,0.6500000000000004,207.75,28.0,197.75,279.0,11,2024,-5.2985
Singipuram,2024-12-01,11.6333,78.4158,-5.2985,124,98.25,86.0,2.0,1,-8.341,-8.991,-13.917,-7.543500000000005,3.0424999999999995,43.25,207.75,28.0,349.25,12,2024,-5.1605
Singipuram,2025-01-01,11.6333,78.4158,-5.1605,120,5.75,8.0,2.0,1,-5.2985,-8.341,-8.991,-6.26666666666667,0.1379999999999999,98.25,43.25,207.75,147.25,1,2025,-6.614
Singipuram,2025-02-01,11.6333,78.4158,-6.614,112,,,,0,-5.1605,-5.2985,-8.341,-5.691000000000005,-1.4535,5.75,98.25,43.25,104.0,2,2025,-8.188500000000001
Singipuram,2025-03-01,11.6333,78.4158,-8.188500000000001,120,13.25,21.0,2.0,1,-6.614,-5.1605,-5.2985,-6.654333333333338,-1.5745000000000013,,5.75,98.25,19.0,3,2025,-9.956
Singipuram,2025-04-01,11.6333,78.4158,-9.956,63,14.0,7.0,2.0,1,-8.188500000000001,-6.614,-5.1605,-8.252833333333339,-1.7674999999999983,13.25,,5.75,27.25,4,2025,-35.963
Singipuram,2025-11-01,11.6333,78.4158,-35.963,1,279.75,64.0,2.0,1,-9.956,-8.188500000000001,-6.614,-18.03583333333334,-26.007,14.0,13.25,,307.0,11,2025,-21.267
Siruvachur,2021-04-01,11.6389,78.7556,-6.102,120,,,,0,-5.261,-4.609500000000001,-2.858,-5.324166666666667,-0.8410000000000002,,,,,4,2021,-6.8515
Siruvachur,2021-05-01,11.6389,78.7556,-6.8515,124,,,,0,-6.102,-5.261,-4.609500000000001,-6.0715,-0.7494999999999994,,,,,5,2021,-6.0120000000000005
Siruvachur,2021-06-01,11.6389,78.7556,-6.0120000000000005,120,,,,0,-6.8515,-6.102,-5.261,-6.321833333333334,0.8394999999999992,,,,,6,2021,-5.8465
Siruvachur,2021-07-01,11.6389,78.7556,-5.8465,114,,,,0,-6.0120000000000005,-6.8515,-6.102,-6.236666666666667,0.16550000000000065,,,,,7,2021,-6.0815
Siruvachur,2021-08-01,11.6389,78.7556,-6.0815,124,,,,0,-5.8465,-6.0120000000000005,-6.8515,-5.9799999999999995,-0.23500000000000032,,,,,8,2021,-6.026
Siruvachur,2021-09-01,11.6389,78.7556,-6.026,106,3.5,1.0,1.0,1,-6.0815,-5.8465,-6.0120000000000005,-5.984666666666667,0.05550000000000033,,,,3.5,9,2021,-5.5329999999999995
Siruvachur,2021-10-01,11.6389,78.7556,-5.5329999999999995,124,24.0,8.0,1.0,1,-6.026,-6.0815,-5.8465,-5.880166666666667,0.4930000000000003,3.5,,,27.5,10,2021,-1.479
Siruvachur,2021-11-01,11.6389,78.7556,-1.479,120,152.0,111.0,2.0,1,-5.5329999999999995,-6.026,-6.0815,-4.346,4.053999999999999,24.0,3.5,,179.5,11,2021,-0.9325
Siruvachur,2021-12-01,11.6389,78.7556,-0.9325,124,6.5,2.0,1.0,1,-1.479,-5.5329999999999995,-6.026,-2.6481666666666666,0.5465000000000001,152.0,24.0,3.5,182.5,12,2021,-2.214
Siruvachur,2022-01-01,11.6389,78.7556,-2.214,124,0.5,1.0,1.0,1,-0.9325,-1.479,-5.5329999999999995,-1.5418333333333336,-1.2814999999999999,6.5,152.0,24.0,159.0,1,2022,-3.1944999999999997
Siruvachur,2022-02-01,11.6389,78.7556,-3.1944999999999997,112,,,,0,-2.214,-0.9325,-1.479,-2.1136666666666666,-0.9804999999999997,0.5,6.5,152.0,7.0,2,2022,-4.53
Siruvachur,2022-03-01,11.6389,78.7556,-4.53,124,1900.25,14.0,2.0,1,-3.1944999999999997,-2.214,-0.9325,-3.3128333333333337,-1.3355000000000006,,0.5,6.5,1900.75,3,2022,-5.103
Siruvachur,2022-04-01,11.6389,78.7556,-5.103,115,79.25,38.0,2.0,1,-4.53,-3.1944999999999997,-2.214,-4.275833333333334,-0.5729999999999995,1900.25,,0.5,1979.5,4,2022,-5.199
Siruvachur,2022-05-01,11.6389,78.7556,-5.199,31,24.0,2.0,1.0,1,-5.103,-4.53,-3.1944999999999997,-4.944,-0.09600000000000009,79.25,1900.25,,2003.5,5,2022,-5.827500000000001
Siruvachur,2022-06-01,11.6389,78.7556,-5.827500000000001,120,82.0,35.0,2.0,1,-5.199,-5.103,-4.53,-5.3765,-0.6285000000000007,24.0,79.25,1900.25,185.25,6,2022,-6.6295
Siruvachur,2022-07-01,11.6389,78.7556,-6.6295,124,53.0,55.0,2.0,1,-5.827500000000001,-5.199,-5.103,-5.885333333333334,-0.8019999999999996,82.0,24.0,79.25,159.0,7,2022,-3.8465
Siruvachur,2022-08-01,11.6389,78.7556,-3.8465,124,214.75,92.0,2.0,1,-6.6295,-5.827500000000001,-5.199,-5.4345,2.7830000000000004,53.0,82.0,24.0,349.75,8,2022,-4.395
Siruvachur,2022-09-01,11.6389,78.7556,-4.395,120,15.25,26.0,2.0,1,-3.8465,-6.6295,-5.827500000000001,-4.957,-0.5484999999999998,214.75,53.0,82.0,283.0,9,2022,-4.949999999999999
Siruvachur,2022-10-01,11.6389,78.7556,-4.949999999999999,124,126.5,64.0,2.0,1,-4.395,-3.8465,-6.6295,-4.397166666666666,-0.5549999999999997,15.25,214.75,53.0,356.5,10,2022,-1.443
Siruvachur,2022-11-01,11.6389,78.7556,-1.443,120,101.25,71.0,2.0,1,-4.949999999999999,-4.395,-3.8465,-3.5959999999999996,3.5069999999999992,126.5,15.25,214.75,243.0,11,2022,-2.662
Siruvachur,2022-12-01,11.6389,78.7556,-2.662,118,51.0,67.0,2.0,1,-1.443,-4.949999999999999,-4.395,-3.018333333333333,-1.2189999999999999,101.25,126.5,15.25,278.75,12,2022,-4.697
Siruvachur,2023-01-01,11.6389,78.7556,-4.697,116,2.5,7.0,2.0,1,-2.662,-1.443,-4.949999999999999,-2.9340000000000006,-2.035,51.0,101.25,126.5,154.75,1,2023,-5.5885
Siruvachur,2023-02-01,11.6389,78.7556,-5.5885,112,5.0,4.0,1.0,1,-4.697,-2.662,-1.443,-4.315833333333334,-0.8914999999999997,2.5,51.0,101.25,58.5,2,2023,-6.1585
Siruvachur,2023-03-01,11.6389,78.7556,-6.1585,114,48.75,17.0,2.0,1,-5.5885,-4.697,-2.662,-5.4813333333333345,-0.5700000000000003,5.0,2.5,51.0,56.25,3,2023,-6.7405
Siruvachur,2023-04-01,11.6389,78.7556,-6.7405,116,32.0,14.0,2.0,1,-6.1585,-5.5885,-4.697,-6.1625000000000005,-0.5819999999999999,48.75,5.0,2.5,85.75,4,2023,-5.781
Siruvachur,2023-05-01,11.6389,78.7556,-5.781,110,95.75,64.0,2.0,1,-6.7405,-6.1585,-5.5885,-6.226666666666667,0.9595000000000002,32.0,48.75,5.0,176.5,5,2023,-6.4725
Siruvachur,2023-06-01,11.6389,78.7556,-6.4725,120,35.5,20.0,2.0,1,-5.781,-6.7405,-6.1585,-6.331333333333333,-0.6915000000000004,95.75,32.0,48.75,163.25,6,2023,-7.614
Siruvachur,2023-07-01,11.6389,78.7556,-7.614,122,51.25,60.0,2.0,1,-6.4725,-5.781,-6.7405,-6.6225,-1.1414999999999997,35.5,95.75,32.0,182.5,7,2023,-6.468500000000001
Siruvachur,2023-08-01,11.6389,78.7556,-6.468500000000001,124,96.5,37.0,2.0,1,-7.614,-6.4725,-5.781,-6.8516666666666675,1.1454999999999993,51.25,35.5,95.75,183.25,8,2023,-6.1845
Siruvachur,2023-09-01,11.6389,78.7556,-6.1845,118,262.5,90.0,2.0,1,-6.468500000000001,-7.614,-6.4725,-6.755666666666667,0.2840000000000007,96.5,51.25,35.5,410.25,9,2023,-6.936
Siruvachur,2023-10-01,11.6389,78.7556,-6.936,110,121.5,59.0,2.0,1,-6.1845,-6.468500000000001,-7.614,-6.529666666666667,-0.7515000000000001,262.5,96.5,51.25,480.5,10,2023,-4.975
Siruvachur,2023-11-01,11.6389,78.7556,-4.975,120,127.0,92.0,2.0,1,-6.936,-6.1845,-6.468500000000001,-6.031833333333334,1.9610000000000003,121.5,262.5,96.5,511.0,11,2023,-5.151
Siruvachur,2023-12-01,11.6389,78.7556,-5.151,122,4.5,9.0,2.0,1,-4.975,-6.936,-6.1845,-5.687333333333334,-0.17600000000000016,127.0,121.5,262.5,253.0,12,2023,-6.0954999999999995
Siruvachur,2024-01-01,11.6389,78.7556,-6.0954999999999995,124,21.25,20.0,2.0,1,-5.151,-4.975,-6.936,-5.407166666666668,-0.9444999999999997,4.5,127.0,121.5,152.75,1,2024,-7.1335
Siruvachur,2024-02-01,11.6389,78.7556,-7.1335,116,,,,0,-6.0954999999999995,-5.151,-4.975,-6.126666666666666,-1.0380000000000003,21.25,4.5,127.0,25.75,2,2024,-8.064499999999999
Siruvachur,2024-03-01,11.6389,78.7556,-8.064499999999999,122,,,,0,-7.1335,-6.0954999999999995,-5.151,-7.097833333333333,-0.9309999999999992,,21.25,4.5,21.25,3,2024,-8.792
Siruvachur,2024-04-01,11.6389,78.7556,-8.792,120,6.0,2.0,1.0,1,-8.064499999999999,-7.1335,-6.0954999999999995,-7.996666666666667,-0.7275000000000009,,,21.25,6.0,4,2024,-9.1415
Siruvachur,2024-05-01,11.6389,78.7556,-9.1415,122,192.0,72.0,2.0,1,-8.792,-8.064499999999999,-7.1335,-8.665999999999999,-0.3495000000000008,6.0,,,198.0,5,2024,-6.41
Siruvachur,2024-06-01,11.6389,78.7556,-6.41,120,131.0,63.0,2.0,1,-9.1415,-8.792,-8.064499999999999,-8.1145,2.7315000000000005,192.0,6.0,,329.0,6,2024,-7.958500000000001
Siruvachur,2024-07-01,11.6389,78.7556,-7.958500000000001,120,68.25,55.0,2.0,1,-6.41,-9.1415,-8.792,-7.836666666666667,-1.5485000000000007,131.0,192.0,6.0,391.25,7,2024,-4.783
Siruvachur,2024-08-01,11.6389,78.7556,-4.783,103,197.75,95.0,2.0,1,-7.958500000000001,-6.41,-9.1415,-6.383833333333334,3.1755000000000004,68.25,131.0,192.0,397.0,8,2024,-5.7275
Siruvachur,2024-09-01,11.6389,78.7556,-5.7275,120,28.0,17.0,2.0,1,-4.783,-7.958500000000001,-6.41,-6.156333333333333,-0.9444999999999997,197.75,68.25,131.0,294.0,9,2024,-4.402
Siruvachur,2024-10-01,11.6389,78.7556,-4.402,122,207.75,113.0,2.0,1,-5.7275,-4.783,-7.958500000000001,-4.970833333333334,1.3255,28.0,197.75,68.25,433.5,10,2024,-4.5625
Siruvachur,2024-11-01,11.6389,78.7556,-4.5625,118,43.25,50.0,2.0,1,-4.402,-5.7275,-4.783,-4.897333333333333,-0.16049999999999986,207.75,28.0,197.75,279.0,11,2024,-2.9465000000000003
Siruvachur,2024-12-01,11.6389,78.7556,-2.9465000000000003,124,98.25,86.0,2.0,1,-4.5625,-4.402,-5.7275,-3.970333333333334,1.6159999999999997,43.25,207.75,28.0,349.25,12,2024,-4.3825
Siruvachur,2025-01-01,11.6389,78.7556,-4.3825,118,5.75,8.0,2.0,1,-2.9465000000000003,-4.5625,-4.402,-3.9638333333333335,-1.436,98.25,43.25,207.75,147.25,1,2025,-5.893
Siruvachur,2025-02-01,11.6389,78.7556,-5.893,112,,,,0,-4.3825,-2.9465000000000003,-4.5625,-4.407333333333334,-1.5104999999999995,5.75,98.25,43.25,104.0,2,2025,-5.211
Siruvachur,2025-03-01,11.6389,78.7556,-5.211,103,13.25,21.0,2.0,1,-5.893,-4.3825,-2.9465000000000003,-5.162166666666667,0.6819999999999995,,5.75,98.25,19.0,3,2025,-3.7835
Siruvachur,2025-11-01,11.6389,78.7556,-3.7835,10,279.75,64.0,2.0,1,-5.211,-5.893,-4.3825,-4.9624999999999995,1.4275000000000002,13.25,,5.75,293.0,11,2025,-4.921
Sitteri,2021-05-01,11.5444,78.7986,-7.773,124,,,,0,-6.4955,-5.074,-4.01,-6.447500000000001,-1.2774999999999999,,,,,5,2021,-7.728
Sitteri,2021-06-01,11.5444,78.7986,-7.728,120,,,,0,-7.773,-6.4955,-5.074,-7.332166666666666,0.04499999999999993,,,,,6,2021,-9.0705
Sitteri,2021-07-01,11.5444,78.7986,-9.0705,114,,,,0,-7.728,-7.773,-6.4955,-8.1905,-1.3424999999999994,,,,,7,2021,-8.503
Sitteri,2021-08-01,11.5444,78.7986,-8.503,125,,,,0,-9.0705,-7.728,-7.773,-8.433833333333332,0.567499999999999,,,,,8,2021,-8.096499999999999
Sitteri,2021-09-01,11.5444,78.7986,-8.096499999999999,106,3.5,1.0,1.0,1,-8.503,-9.0705,-7.728,-8.556666666666665,0.4065000000000012,,,,3.5,9,2021,-6.920999999999999
Sitteri,2021-10-01,11.5444,78.7986,-6.920999999999999,124,24.0,8.0,1.0,1,-8.096499999999999,-8.503,-9.0705,-7.840166666666666,1.1754999999999995,3.5,,,27.5,10,2021,-3.7755
Sitteri,2021-11-01,11.5444,78.7986,-3.7755,56,152.0,111.0,2.0,1,-6.920999999999999,-8.096499999999999,-8.503,-6.264333333333333,3.1454999999999993,24.0,3.5,,179.5,11,2021,-3.38
Sitteri,2022-05-01,11.5444,78.7986,-3.38,27,24.0,2.0,1.0,1,-3.7755,-6.920999999999999,-8.096499999999999,-4.692166666666666,0.3955000000000002,152.0,24.0,3.5,200.0,5,2022,-3.606
Sitteri,2022-06-01,11.5444,78.7986,-3.606,120,82.0,35.0,2.0,1,-3.38,-3.7755,-6.920999999999999,-3.5871666666666666,-0.22599999999999998,24.0,152.0,24.0,258.0,6,2022,-3.879
Sitteri,2022-07-01,11.5444,78.7986,-3.879,124,53.0,55.0,2.0,1,-3.606,-3.38,-3.7755,-3.6216666666666666,-0.27300000000000013,82.0,24.0,152.0,159.0,7,2022,-2.664
Sitteri,2022-08-01,11.5444,78.7986,-2.664,122,214.75,92.0,2.0,1,-3.879,-3.606,-3.38,-3.3830000000000005,1.2149999999999999,53.0,82.0,24.0,349.75,8,2022,-3.032
Sitteri,2022-09-01,11.5444,78.7986,-3.032,120,15.25,26.0,2.0,1,-2.664,-3.879,-3.606,-3.1916666666666664,-0.3679999999999999,214.75,53.0,82.0,283.0,9,2022,-3.9095
Sitteri,2022-10-01,11.5444,78.7986,-3.9095,122,126.5,64.0,2.0,1,-3.032,-2.664,-3.879,-3.2018333333333335,-0.8775,15.25,214.75,53.0,356.5,10,2022,-1.659
Sitteri,2022-11-01,11.5444,78.7986,-1.659,120,101.25,71.0,2.0,1,-3.9095,-3.032,-2.664,-2.8668333333333336,2.2504999999999997,126.5,15.25,214.75,243.0,11,2022,-1.28
Sitteri,2022-12-01,11.5444,78.7986,-1.28,125,51.0,67.0,2.0,1,-1.659,-3.9095,-3.032,-2.282833333333333,0.379,101.25,126.5,15.25,278.75,12,2022,-1.319
Sitteri,2023-01-01,11.5444,78.7986,-1.319,110,2.5,7.0,2.0,1,-1.28,-1.659,-3.9095,-1.4193333333333333,-0.038999999999999924,51.0,101.25,126.5,154.75,1,2023,-1.807
Sitteri,2023-02-01,11.5444,78.7986,-1.807,110,5.0,4.0,1.0,1,-1.319,-1.28,-1.659,-1.4686666666666668,-0.488,2.5,51.0,101.25,58.5,2,2023,-1.976
Sitteri,2023-03-01,11.5444,78.7986,-1.976,112,48.75,17.0,2.0,1,-1.807,-1.319,-1.28,-1.7006666666666668,-0.16900000000000004,5.0,2.5,51.0,56.25,3,2023,-3.4124999999999996
Sitteri,2023-04-01,11.5444,78.7986,-3.4124999999999996,118,32.0,14.0,2.0,1,-1.976,-1.807,-1.319,-2.3985,-1.4364999999999997,48.75,5.0,2.5,85.75,4,2023,-3.6464999999999996
Sitteri,2023-05-01,11.5444,78.7986,-3.6464999999999996,104,95.75,64.0,2.0,1,-3.4124999999999996,-1.976,-1.807,-3.0116666666666663,-0.23399999999999999,32.0,48.75,5.0,176.5,5,2023,-4.768
Sitteri,2023-06-01,11.5444,78.7986,-4.768,120,35.5,20.0,2.0,1,-3.6464999999999996,-3.4124999999999996,-1.976,-3.9423333333333335,-1.1215000000000002,95.75,32.0,48.75,163.25,6,2023,-5.346500000000001
Sitteri,2023-07-01,11.5444,78.7986,-5.346500000000001,124,51.25,60.0,2.0,1,-4.768,-3.6464999999999996,-3.4124999999999996,-4.587000000000001,-0.5785000000000009,35.5,95.75,32.0,182.5,7,2023,-5.1325
Sitteri,2023-08-01,11.5444,78.7986,-5.1325,124,96.5,37.0,2.0,1,-5.346500000000001,-4.768,-3.6464999999999996,-5.082333333333334,0.2140000000000004,51.25,35.5,95.75,183.25,8,2023,-5.013
Sitteri,2023-09-01,11.5444,78.7986,-5.013,120,262.5,90.0,2.0,1,-5.1325,-5.346500000000001,-4.768,-5.164000000000001,0.11950000000000038,96.5,51.25,35.5,410.25,9,2023,-5.6995000000000005
Sitteri,2023-10-01,11.5444,78.7986,-5.6995000000000005,110,121.5,59.0,2.0,1,-5.013,-5.1325,-5.346500000000001,-5.281666666666667,-0.6865000000000006,262.5,96.5,51.25,480.5,10,2023,-5.021
Sitteri,2023-11-01,11.5444,78.7986,-5.021,120,127.0,92.0,2.0,1,-5.6995000000000005,-5.013,-5.1325,-5.2444999999999995,0.6785000000000005,121.5,262.5,96.5,511.0,11,2023,-4.5105
Sitteri,2023-12-01,11.5444,78.7986,-4.5105,122,4.5,9.0,2.0,1,-5.021,-5.6995000000000005,-5.013,-5.077000000000001,0.5104999999999995,127.0,121.5,262.5,253.0,12,2023,-5.339
Sitteri,2024-01-01,11.5444,78.7986,-5.339,124,21.25,20.0,2.0,1,-4.5105,-5.021,-5.6995000000000005,-4.956833333333333,-0.8285,4.5,127.0,121.5,152.75,1,2024,-6.188000000000001
Sitteri,2024-02-01,11.5444,78.7986,-6.188000000000001,114,,,,0,-5.339,-4.5105,-5.021,-5.345833333333334,-0.8490000000000002,21.25,4.5,127.0,25.75,2,2024,-6.804
Sitteri,2024-03-01,11.5444,78.7986,-6.804,124,,,,0,-6.188000000000001,-5.339,-4.5105,-6.110333333333333,-0.6159999999999997,,21.25,4.5,21.25,3,2024,-7.883
Sitteri,2024-04-01,11.5444,78.7986,-7.883,116,6.0,2.0,1.0,1,-6.804,-6.188000000000001,-5.339,-6.958333333333333,-1.0789999999999997,,,21.25,6.0,4,2024,-8.457
Sitteri,2024-05-01,11.5444,78.7986,-8.457,122,192.0,72.0,2.0,1,-7.883,-6.804,-6.188000000000001,-7.714666666666666,-0.5740000000000007,6.0,,,198.0,5,2024,-7.661
Sitteri,2024-06-01,11.5444,78.7986,-7.661,120,131.0,63.0,2.0,1,-8.457,-7.883,-6.804,-8.000333333333334,0.7960000000000012,192.0,6.0,,329.0,6,2024,-8.3945
Sitteri,2024-07-01,11.5444,78.7986,-8.3945,120,68.25,55.0,2.0,1,-7.661,-8.457,-7.883,-8.170833333333334,-0.7335000000000012,131.0,192.0,6.0,391.25,7,2024,-6.388
Sitteri,2024-08-01,11.5444,78.7986,-6.388,84,197.75,95.0,2.0,1,-8.3945,-7.661,-8.457,-7.481166666666667,2.006500000000001,68.25,131.0,192.0,397.0,8,2024,-6.885
Sitteri,2024-09-01,11.5444,78.7986,-6.885,71,28.0,17.0,2.0,1,-6.388,-8.3945,-7.661,-7.2225,-0.4969999999999999,197.75,68.25,131.0,294.0,9,2024,-6.0245
Sitteri,2024-10-01,11.5444,78.7986,-6.0245,114,207.75,113.0,2.0,1,-6.885,-6.388,-8.3945,-6.4325,0.8605,28.0,197.75,68.25,433.5,10,2024,-6.4855
Sitteri,2024-11-01,11.5444,78.7986,-6.4855,116,43.25,50.0,2.0,1,-6.0245,-6.885,-6.388,-6.465,-0.4610000000000003,207.75,28.0,197.75,279.0,11,2024,-2.59
Sitteri,2024-12-01,11.5444,78.7986,-2.59,92,98.25,86.0,2.0,1,-6.4855,-6.0245,-6.885,-5.033333333333333,3.8955,43.25,207.75,28.0,349.25,12,2024,-2.1345
Sitteri,2025-01-01,11.5444,78.7986,-2.1345,114,5.75,8.0,2.0,1,-2.59,-6.4855,-6.0245,-3.736666666666667,0.4554999999999998,98.25,43.25,207.75,147.25,1,2025,-2.432
Sitteri,2025-02-01,11.5444,78.7986,-2.432,109,,,,0,-2.1345,-2.59,-6.4855,-2.3855,-0.2974999999999999,5.75,98.25,43.25,104.0,2,2025,-2.837
Sitteri,2025-03-01,11.5444,78.7986,-2.837,91,13.25,21.0,2.0,1,-2.432,-2.1345,-2.59,-2.4678333333333335,-0.40500000000000025,,5.75,98.25,19.0,3,2025,-3.5679999999999996
Sitteri,2025-11-01,11.5444,78.7986,-3.5679999999999996,12,279.75,64.0,2.0,1,-2.837,-2.432,-2.1345,-2.9456666666666664,-0.7309999999999994,13.25,,5.75,293.0,11,2025,-3.484
Sukkampatti,2021-04-01,11.7178,78.2669,-6.534000000000001,116,,,,0,-5.994,-5.8515,-0.0535,-6.1265,-0.5400000000000009,,,,,4,2021,-6.871
Sukkampatti,2021-05-01,11.7178,78.2669,-6.871,124,,,,0,-6.534000000000001,-5.994,-5.8515,-6.466333333333334,-0.33699999999999974,,,,,5,2021,-7.763999999999999
Sukkampatti,2021-06-01,11.7178,78.2669,-7.763999999999999,120,,,,0,-6.871,-6.534000000000001,-5.994,-7.056333333333334,-0.8929999999999989,,,,,6,2021,-6.4305
Sukkampatti,2021-07-01,11.7178,78.2669,-6.4305,116,,,,0,-7.763999999999999,-6.871,-6.534000000000001,-7.021833333333333,1.333499999999999,,,,,7,2021,-5.924
Sukkampatti,2021-08-01,11.7178,78.2669,-5.924,125,,,,0,-6.4305,-7.763999999999999,-6.871,-6.706166666666667,0.5065,,,,,8,2021,-4.231
Sukkampatti,2021-09-01,11.7178,78.2669,-4.231,106,3.5,1.0,1.0,1,-5.924,-6.4305,-7.763999999999999,-5.5285,1.6930000000000005,,,,3.5,9,2021,-2.865
Sukkampatti,2021-10-01,11.7178,78.2669,-2.865,124,24.0,8.0,1.0,1,-4.231,-5.924,-6.4305,-4.34,1.3659999999999997,3.5,,,27.5,10,2021,-1.435
Sukkampatti,2021-11-01,11.7178,78.2669,-1.435,120,152.0,111.0,2.0,1,-2.865,-4.231,-5.924,-2.843666666666667,1.4300000000000002,24.0,3.5,,179.5,11,2021,-2.1574999999999998
Sukkampatti,2021-12-01,11.7178,78.2669,-2.1574999999999998,124,6.5,2.0,1.0,1,-1.435,-2.865,-4.231,-2.1525,-0.7224999999999997,152.0,24.0,3.5,182.5,12,2021,-3.1195
Sukkampatti,2022-01-01,11.7178,78.2669,-3.1195,124,0.5,1.0,1.0,1,-2.1574999999999998,-1.435,-2.865,-2.2373333333333334,-0.9620000000000002,6.5,152.0,24.0,159.0,1,2022,-3.866
Sukkampatti,2022-02-01,11.7178,78.2669,-3.866,112,,,,0,-3.1195,-2.1574999999999998,-1.435,-3.0476666666666663,-0.7465000000000002,0.5,6.5,152.0,7.0,2,2022,-4.673
Sukkampatti,2022-03-01,11.7178,78.2669,-4.673,124,1900.25,14.0,2.0,1,-3.866,-3.1195,-2.1574999999999998,-3.8861666666666665,-0.8069999999999999,,0.5,6.5,1900.75,3,2022,-4.9615
Sukkampatti,2022-04-01,11.7178,78.2669,-4.9615,118,79.25,38.0,2.0,1,-4.673,-3.866,-3.1195,-4.500166666666666,-0.2885,1900.25,,0.5,1979.5,4,2022,-4.982
Sukkampatti,2022-05-01,11.7178,78.2669,-4.982,34,24.0,2.0,1.0,1,-4.9615,-4.673,-3.866,-4.872166666666667,-0.020500000000000185,79.25,1900.25,,2003.5,5,2022,-5.0105
Sukkampatti,2022-06-01,11.7178,78.2669,-5.0105,120,82.0,35.0,2.0,1,-4.982,-4.9615,-4.673,-4.984666666666667,-0.028500000000000192,24.0,79.25,1900.25,185.25,6,2022,-4.832000000000001
Sukkampatti,2022-07-01,11.7178,78.2669,-4.832000000000001,124,53.0,55.0,2.0,1,-5.0105,-4.982,-4.9615,-4.9415000000000004,0.17849999999999966,82.0,24.0,79.25,159.0,7,2022,-4.4285
Sukkampatti,2022-08-01,11.7178,78.2669,-4.4285,122,214.75,92.0,2.0,1,-4.832000000000001,-5.0105,-4.982,-4.757000000000001,0.4035000000000011,53.0,82.0,24.0,349.75,8,2022,-3.6630000000000003
Sukkampatti,2022-09-01,11.7178,78.2669,-3.6630000000000003,120,15.25,26.0,2.0,1,-4.4285,-4.832000000000001,-5.0105,-4.307833333333334,0.7654999999999994,214.75,53.0,82.0,283.0,9,2022,-3.762
Sukkampatti,2022-10-01,11.7178,78.2669,-3.762,124,126.5,64.0,2.0,1,-3.6630000000000003,-4.4285,-4.832000000000001,-3.951166666666667,-0.09899999999999975,15.25,214.75,53.0,356.5,10,2022,-3.787
Sukkampatti,2022-11-01,11.7178,78.2669,-3.787,118,101.25,71.0,2.0,1,-3.762,-3.6630000000000003,-4.4285,-3.7373333333333334,-0.02499999999999991,126.5,15.25,214.75,243.0,11,2022,-3.617
Sukkampatti,2022-12-01,11.7178,78.2669,-3.617,117,51.0,67.0,2.0,1,-3.787,-3.762,-3.6630000000000003,-3.722,0.16999999999999993,101.25,126.5,15.25,278.75,12,2022,-4.131
Sukkampatti,2023-01-01,11.7178,78.2669,-4.131,111,2.5,7.0,2.0,1,-3.617,-3.787,-3.762,-3.845,-0.5140000000000002,51.0,101.25,126.5,154.75,1,2023,-4.6434999999999995
Sukkampatti,2023-02-01,11.7178,78.2669,-4.6434999999999995,110,5.0,4.0,1.0,1,-4.131,-3.617,-3.787,-4.1305000000000005,-0.5124999999999993,2.5,51.0,101.25,58.5,2,2023,-5.0225
Sukkampatti,2023-03-01,11.7178,78.2669,-5.0225,116,48.75,17.0,2.0,1,-4.6434999999999995,-4.131,-3.617,-4.599,-0.37900000000000045,5.0,2.5,51.0,56.25,3,2023,-5.3245000000000005
Sukkampatti,2023-04-01,11.7178,78.2669,-5.3245000000000005,120,32.0,14.0,2.0,1,-5.0225,-4.6434999999999995,-4.131,-4.996833333333334,-0.3020000000000005,48.75,5.0,2.5,85.75,4,2023,-5.274
Sukkampatti,2023-05-01,11.7178,78.2669,-5.274,108,95.75,64.0,2.0,1,-5.3245000000000005,-5.0225,-4.6434999999999995,-5.207,0.05050000000000043,32.0,48.75,5.0,176.5,5,2023,-5.234
Sukkampatti,2023-06-01,11.7178,78.2669,-5.234,120,35.5,20.0,2.0,1,-5.274,-5.3245000000000005,-5.0225,-5.277500000000001,0.040000000000000036,95.75,32.0,48.75,163.25,6,2023,-5.3325
Sukkampatti,2023-07-01,11.7178,78.2669,-5.3325,124,51.25,60.0,2.0,1,-5.234,-5.274,-5.3245000000000005,-5.280166666666666,-0.09849999999999959,35.5,95.75,32.0,182.5,7,2023,-5.4365
Sukkampatti,2023-08-01,11.7178,78.2669,-5.4365,124,96.5,37.0,2.0,1,-5.3325,-5.234,-5.274,-5.334333333333333,-0.10400000000000009,51.25,35.5,95.75,183.25,8,2023,-4.6
Sukkampatti,2023-09-01,11.7178,78.2669,-4.6,121,262.5,90.0,2.0,1,-5.4365,-5.3325,-5.234,-5.123,0.8365,96.5,51.25,35.5,410.25,9,2023,-4.53
Sukkampatti,2023-10-01,11.7178,78.2669,-4.53,106,121.5,59.0,2.0,1,-4.6,-5.4365,-5.3325,-4.8555,0.0699999999999994,262.5,96.5,51.25,480.5,10,2023,-4.608499999999999
Sukkampatti,2023-11-01,11.7178,78.2669,-4.608499999999999,120,127.0,92.0,2.0,1,-4.53,-4.6,-5.4365,-4.5794999999999995,-0.07849999999999913,121.5,262.5,96.5,511.0,11,2023,-4.713
Sukkampatti,2023-12-01,11.7178,78.2669,-4.713,120,4.5,9.0,2.0,1,-4.608499999999999,-4.53,-4.6,-4.617166666666667,-0.1045000000000007,127.0,121.5,262.5,253.0,12,2023,-5.314500000000001
Sukkampatti,2024-01-01,11.7178,78.2669,-5.314500000000001,122,21.25,20.0,2.0,1,-4.713,-4.608499999999999,-4.53,-4.878666666666667,-0.6015000000000006,4.5,127.0,121.5,152.75,1,2024,-5.8855
Sukkampatti,2024-02-01,11.7178,78.2669,-5.8855,116,,,,0,-5.314500000000001,-4.713,-4.608499999999999,-5.304333333333333,-0.5709999999999997,21.25,4.5,127.0,25.75,2,2024,-6.426
Sukkampatti,2024-03-01,11.7178,78.2669,-6.426,124,,,,0,-5.8855,-5.314500000000001,-4.713,-5.875333333333334,-0.5404999999999998,,21.25,4.5,21.25,3,2024,-7.1265
Sukkampatti,2024-04-01,11.7178,78.2669,-7.1265,118,6.0,2.0,1.0,1,-6.426,-5.8855,-5.314500000000001,-6.479333333333334,-0.7004999999999999,,,21.25,6.0,4,2024,-7.567
Sukkampatti,2024-05-01,11.7178,78.2669,-7.567,122,192.0,72.0,2.0,1,-7.1265,-6.426,-5.8855,-7.039833333333334,-0.4405000000000001,6.0,,,198.0,5,2024,-5.4315
Sukkampatti,2024-06-01,11.7178,78.2669,-5.4315,120,131.0,63.0,2.0,1,-7.567,-7.1265,-6.426,-6.708333333333333,2.1355000000000004,192.0,6.0,,329.0,6,2024,-5.471500000000001
Sukkampatti,2024-07-01,11.7178,78.2669,-5.471500000000001,120,68.25,55.0,2.0,1,-5.4315,-7.567,-7.1265,-6.156666666666666,-0.040000000000000924,131.0,192.0,6.0,391.25,7,2024,-4.233
Sukkampatti,2024-08-01,11.7178,78.2669,-4.233,97,197.75,95.0,2.0,1,-5.471500000000001,-5.4315,-7.567,-5.045333333333333,1.238500000000001,68.25,131.0,192.0,397.0,8,2024,-4.0405
Sukkampatti,2024-09-01,11.7178,78.2669,-4.0405,118,28.0,17.0,2.0,1,-4.233,-5.471500000000001,-5.4315,-4.581666666666666,0.1924999999999999,197.75,68.25,131.0,294.0,9,2024,-3.6975
Sukkampatti,2024-10-01,11.7178,78.2669,-3.6975,124,207.75,113.0,2.0,1,-4.0405,-4.233,-5.471500000000001,-3.9903333333333326,0.34299999999999997,28.0,197.75,68.25,433.5,10,2024,-3.749
Sukkampatti,2024-11-01,11.7178,78.2669,-3.749,118,43.25,50.0,2.0,1,-3.6975,-4.0405,-4.233,-3.829,-0.05150000000000032,207.75,28.0,197.75,279.0,11,2024,-2.2960000000000003
Sukkampatti,2024-12-01,11.7178,78.2669,-2.2960000000000003,116,98.25,86.0,2.0,1,-3.749,-3.6975,-4.0405,-3.2475,1.4529999999999998,43.25,207.75,28.0,349.25,12,2024,-2.674
Sukkampatti,2025-01-01,11.7178,78.2669,-2.674,120,5.75,8.0,2.0,1,-2.2960000000000003,-3.749,-3.6975,-2.906333333333334,-0.37799999999999967,98.25,43.25,207.75,147.25,1,2025,-3.75
Sukkampatti,2025-02-01,11.7178,78.2669,-3.75,112,,,,0,-2.674,-2.2960000000000003,-3.749,-2.9066666666666663,-1.076,5.75,98.25,43.25,104.0,2,2025,-4.317
Sukkampatti,2025-03-01,11.7178,78.2669,-4.317,116,13.25,21.0,2.0,1,-3.75,-2.674,-2.2960000000000003,-3.5803333333333334,-0.5670000000000002,,5.75,98.25,19.0,3,2025,-4.816
Sukkampatti,2025-04-01,11.7178,78.2669,-4.816,61,14.0,7.0,2.0,1,-4.317,-3.75,-2.674,-4.294333333333333,-0.49899999999999967,13.25,,5.75,27.25,4,2025,-4.522
Sukkampatti,2025-11-01,11.7178,78.2669,-4.522,7,279.75,64.0,2.0,1,-4.816,-4.317,-3.75,-4.551666666666667,0.2939999999999996,14.0,13.25,,307.0,11,2025,-4.757
Thekkampatti,2021-06-01,11.7444,78.1,-9.117,120,,,,0,-8.492,-7.6114999999999995,-6.442,-8.406833333333333,-0.625,,,,,6,2021,-8.133
Thekkampatti,2021-07-01,11.7444,78.1,-8.133,118,,,,0,-9.117,-8.492,-7.6114999999999995,-8.580666666666668,0.9840000000000018,,,,,7,2021,-6.746
Thekkampatti,2021-08-01,11.7444,78.1,-6.746,124,,,,0,-8.133,-9.117,-8.492,-7.998666666666668,1.3869999999999987,,,,,8,2021,-5.678
Thekkampatti,2021-09-01,11.7444,78.1,-5.678,106,3.5,1.0,1.0,1,-6.746,-8.133,-9.117,-6.852333333333333,1.0680000000000005,,,,3.5,9,2021,-4.6385000000000005
Thekkampatti,2021-10-01,11.7444,78.1,-4.6385000000000005,124,24.0,8.0,1.0,1,-5.678,-6.746,-8.133,-5.6875,1.0394999999999994,3.5,,,27.5,10,2021,-3.74
Thekkampatti,2021-11-01,11.7444,78.1,-3.74,120,152.0,111.0,2.0,1,-4.6385000000000005,-5.678,-6.746,-4.6855,0.8985000000000003,24.0,3.5,,179.5,11,2021,-1.9649999999999999
Thekkampatti,2021-12-01,11.7444,78.1,-1.9649999999999999,124,6.5,2.0,1.0,1,-3.74,-4.6385000000000005,-5.678,-3.447833333333333,1.7750000000000004,152.0,24.0,3.5,182.5,12,2021,-2.255
Thekkampatti,2022-01-01,11.7444,78.1,-2.255,124,0.5,1.0,1.0,1,-1.9649999999999999,-3.74,-4.6385000000000005,-2.6533333333333333,-0.29000000000000004,6.5,152.0,24.0,159.0,1,2022,-2.989
Thekkampatti,2022-02-01,11.7444,78.1,-2.989,112,,,,0,-2.255,-1.9649999999999999,-3.74,-2.403,-0.734,0.5,6.5,152.0,7.0,2,2022,-3.8115
Thekkampatti,2022-03-01,11.7444,78.1,-3.8115,124,1900.25,14.0,2.0,1,-2.989,-2.255,-1.9649999999999999,-3.0185,-0.8225000000000002,,0.5,6.5,1900.75,3,2022,-4.4935
Thekkampatti,2022-04-01,11.7444,78.1,-4.4935,116,79.25,38.0,2.0,1,-3.8115,-2.989,-2.255,-3.764666666666667,-0.6819999999999999,1900.25,,0.5,1979.5,4,2022,-4.042
Thekkampatti,2022-05-01,11.7444,78.1,-4.042,31,24.0,2.0,1.0,1,-4.4935,-3.8115,-2.989,-4.115666666666666,0.45150000000000023,79.25,1900.25,,2003.5,5,2022,-4.415
Thekkampatti,2022-06-01,11.7444,78.1,-4.415,120,82.0,35.0,2.0,1,-4.042,-4.4935,-3.8115,-4.316833333333333,-0.3730000000000002,24.0,79.25,1900.25,185.25,6,2022,-4.686
Thekkampatti,2022-07-01,11.7444,78.1,-4.686,124,53.0,55.0,2.0,1,-4.415,-4.042,-4.4935,-4.380999999999999,-0.2709999999999999,82.0,24.0,79.25,159.0,7,2022,-3.168
Thekkampatti,2022-08-01,11.7444,78.1,-3.168,122,214.75,92.0,2.0,1,-4.686,-4.415,-4.042,-4.089666666666666,1.5179999999999998,53.0,82.0,24.0,349.75,8,2022,-1.7275
Thekkampatti,2022-09-01,11.7444,78.1,-1.7275,120,15.25,26.0,2.0,1,-3.168,-4.686,-4.415,-3.1938333333333326,1.4405000000000001,214.75,53.0,82.0,283.0,9,2022,-2.0625
Thekkampatti,2022-10-01,11.7444,78.1,-2.0625,120,126.5,64.0,2.0,1,-1.7275,-3.168,-4.686,-2.3193333333333332,-0.33499999999999996,15.25,214.75,53.0,356.5,10,2022,-1.8355000000000001
Thekkampatti,2022-11-01,11.7444,78.1,-1.8355000000000001,120,101.25,71.0,2.0,1,-2.0625,-1.7275,-3.168,-1.8751666666666662,0.22699999999999987,126.5,15.25,214.75,243.0,11,2022,-1.6404999999999998
Thekkampatti,2022-12-01,11.7444,78.1,-1.6404999999999998,86,51.0,67.0,2.0,1,-1.8355000000000001,-2.0625,-1.7275,-1.8461666666666663,0.19500000000000028,101.25,126.5,15.25,278.75,12,2022,-4.01
Thekkampatti,2023-02-01,11.7444,78.1,-4.01,73,5.0,4.0,1.0,1,-1.6404999999999998,-1.8355000000000001,-2.0625,-2.495333333333333,-2.3695,51.0,101.25,126.5,157.25,2,2023,-4.344
Thekkampatti,2023-03-01,11.7444,78.1,-4.344,119,48.75,17.0,2.0,1,-4.01,-1.6404999999999998,-1.8355000000000001,-3.3314999999999997,-0.3340000000000005,5.0,51.0,101.25,104.75,3,2023,-5.7425
Thekkampatti,2023-04-01,11.7444,78.1,-5.7425,120,32.0,14.0,2.0,1,-4.344,-4.01,-1.6404999999999998,-4.698833333333333,-1.3984999999999994,48.75,5.0,51.0,85.75,4,2023,-6.1705000000000005
Thekkampatti,2023-05-01,11.7444,78.1,-6.1705000000000005,112,95.75,64.0,2.0,1,-5.7425,-4.344,-4.01,-5.419,-0.4280000000000008,32.0,48.75,5.0,176.5,5,2023,-6.2765
Thekkampatti,2023-06-01,11.7444,78.1,-6.2765,118,35.5,20.0,2.0,1,-6.1705000000000005,-5.7425,-4.344,-6.063166666666667,-0.10599999999999987,95.75,32.0,48.75,163.25,6,2023,-6.263
Thekkampatti,2023-07-01,11.7444,78.1,-6.263,124,51.25,60.0,2.0,1,-6.2765,-6.1705000000000005,-5.7425,-6.236666666666667,0.013500000000000512,35.5,95.75,32.0,182.5,7,2023,-6.648
Thekkampatti,2023-08-01,11.7444,78.1,-6.648,124,96.5,37.0,2.0,1,-6.263,-6.2765,-6.1705000000000005,-6.395833333333333,-0.3849999999999998,51.25,35.5,95.75,183.25,8,2023,-6.198
Thekkampatti,2023-09-01,11.7444,78.1,-6.198,118,262.5,90.0,2.0,1,-6.648,-6.263,-6.2765,-6.369666666666666,0.4499999999999993,96.5,51.25,35.5,410.25,9,2023,-5.8575
Thekkampatti,2023-10-01,11.7444,78.1,-5.8575,110,121.5,59.0,2.0,1,-6.198,-6.648,-6.263,-6.2345,0.34050000000000047,262.5,96.5,51.25,480.5,10,2023,-5.001
Thekkampatti,2023-11-01,11.7444,78.1,-5.001,120,127.0,92.0,2.0,1,-5.8575,-6.198,-6.648,-5.6855,0.8564999999999996,121.5,262.5,96.5,511.0,11,2023,-5.301
Thekkampatti,2023-12-01,11.7444,78.1,-5.301,122,4.5,9.0,2.0,1,-5.001,-5.8575,-6.198,-5.386500000000001,-0.2999999999999998,127.0,121.5,262.5,253.0,12,2023,-5.974
Thekkampatti,2024-01-01,11.7444,78.1,-5.974,124,21.25,20.0,2.0,1,-5.301,-5.001,-5.8575,-5.425333333333334,-0.673,4.5,127.0,121.5,152.75,1,2024,-6.8134999999999994
Thekkampatti,2024-02-01,11.7444,78.1,-6.8134999999999994,116,,,,0,-5.974,-5.301,-5.001,-6.029499999999999,-0.8394999999999992,21.25,4.5,127.0,25.75,2,2024,-7.7595
Thekkampatti,2024-03-01,11.7444,78.1,-7.7595,124,,,,0,-6.8134999999999994,-5.974,-5.301,-6.849,-0.9460000000000006,,21.25,4.5,21.25,3,2024,-8.475999999999999
Thekkampatti,2024-04-01,11.7444,78.1,-8.475999999999999,120,6.0,2.0,1.0,1,-7.7595,-6.8134999999999994,-5.974,-7.683,-0.716499999999999,,,21.25,6.0,4,2024,-9.190000000000001
Thekkampatti,2024-05-01,11.7444,78.1,-9.190000000000001,122,192.0,72.0,2.0,1,-8.475999999999999,-7.7595,-6.8134999999999994,-8.475166666666667,-0.7140000000000022,6.0,,,198.0,5,2024,-7.148
Thekkampatti,2024-06-01,11.7444,78.1,-7.148,120,131.0,63.0,2.0,1,-9.190000000000001,-8.475999999999999,-7.7595,-8.271333333333333,2.0420000000000016,192.0,6.0,,329.0,6,2024,-6.9830000000000005
Thekkampatti,2024-07-01,11.7444,78.1,-6.9830000000000005,120,68.25,55.0,2.0,1,-7.148,-9.190000000000001,-8.475999999999999,-7.773666666666667,0.16499999999999915,131.0,192.0,6.0,391.25,7,2024,-5.188
Thekkampatti,2024-08-01,11.7444,78.1,-5.188,104,197.75,95.0,2.0,1,-6.9830000000000005,-7.148,-9.190000000000001,-6.439666666666667,1.7950000000000008,68.25,131.0,192.0,397.0,8,2024,-4.108
Thekkampatti,2024-09-01,11.7444,78.1,-4.108,121,28.0,17.0,2.0,1,-5.188,-6.9830000000000005,-7.148,-5.426333333333333,1.08,197.75,68.25,131.0,294.0,9,2024,-3.3840000000000003
Thekkampatti,2024-10-01,11.7444,78.1,-3.3840000000000003,124,207.75,113.0,2.0,1,-4.108,-5.188,-6.9830000000000005,-4.226666666666667,0.7239999999999993,28.0,197.75,68.25,433.5,10,2024,-3.0549999999999997
Thekkampatti,2024-11-01,11.7444,78.1,-3.0549999999999997,116,43.25,50.0,2.0,1,-3.3840000000000003,-4.108,-5.188,-3.5156666666666667,0.3290000000000006,207.75,28.0,197.75,279.0,11,2024,-1.665
Thekkampatti,2024-12-01,11.7444,78.1,-1.665,106,98.25,86.0,2.0,1,-3.0549999999999997,-3.3840000000000003,-4.108,-2.701333333333333,1.3899999999999997,43.25,207.75,28.0,349.25,12,2024,-1.906
Thekkampatti,2025-01-01,11.7444,78.1,-1.906,122,5.75,8.0,2.0,1,-1.665,-3.0549999999999997,-3.3840000000000003,-2.2086666666666663,-0.24099999999999988,98.25,43.25,207.75,147.25,1,2025,-2.393
Thekkampatti,2025-02-01,11.7444,78.1,-2.393,59,,,,0,-1.906,-1.665,-3.0549999999999997,-1.9879999999999998,-0.4869999999999999,5.75,98.25,43.25,104.0,2,2025,-4.246
Thuttampatti,2021-08-01,11.6736,77.9683,-2.596,111,,,,0,-2.3285,-1.8395000000000001,-1.2175,-2.2546666666666666,-0.26750000000000007,,,,,8,2021,-2.3465
Thuttampatti,2021-09-01,11.6736,77.9683,-2.3465,106,3.5,1.0,1.0,1,-2.596,-2.3285,-1.8395000000000001,-2.4236666666666666,0.24950000000000028,,,,3.5,9,2021,-1.069
Thuttampatti,2021-10-01,11.6736,77.9683,-1.069,124,24.0,8.0,1.0,1,-2.3465,-2.596,-2.3285,-2.003833333333333,1.2774999999999999,3.5,,,27.5,10,2021,0.063
Thuttampatti,2021-11-01,11.6736,77.9683,0.063,120,152.0,111.0,2.0,1,-1.069,-2.3465,-2.596,-1.1175,1.132,24.0,3.5,,179.5,11,2021,0.0165
Thuttampatti,2021-12-01,11.6736,77.9683,0.0165,124,6.5,2.0,1.0,1,0.063,-1.069,-2.3465,-0.3298333333333333,-0.0465,152.0,24.0,3.5,182.5,12,2021,-0.258
Thuttampatti,2022-01-01,11.6736,77.9683,-0.258,124,0.5,1.0,1.0,1,0.0165,0.063,-1.069,-0.0595,-0.2745,6.5,152.0,24.0,159.0,1,2022,-0.4625
Thuttampatti,2022-02-01,11.6736,77.9683,-0.4625,112,,,,0,-0.258,0.0165,0.063,-0.23466666666666666,-0.20450000000000002,0.5,6.5,152.0,7.0,2,2022,-1.0030000000000001
Thuttampatti,2022-03-01,11.6736,77.9683,-1.0030000000000001,120,1900.25,14.0,2.0,1,-0.4625,-0.258,0.0165,-0.5745,-0.5405000000000001,,0.5,6.5,1900.75,3,2022,-1.375
Thuttampatti,2022-04-01,11.6736,77.9683,-1.375,115,79.25,38.0,2.0,1,-1.0030000000000001,-0.4625,-0.258,-0.9468333333333333,-0.3719999999999999,1900.25,,0.5,1979.5,4,2022,-1.082
Thuttampatti,2022-05-01,11.6736,77.9683,-1.082,31,24.0,2.0,1.0,1,-1.375,-1.0030000000000001,-0.4625,-1.1533333333333333,0.2929999999999999,79.25,1900.25,,2003.5,5,2022,-0.902
Thuttampatti,2022-06-01,11.6736,77.9683,-0.902,120,82.0,35.0,2.0,1,-1.082,-1.375,-1.0030000000000001,-1.1196666666666666,0.18000000000000005,24.0,79.25,1900.25,185.25,6,2022,-0.8965000000000001
Thuttampatti,2022-07-01,11.6736,77.9683,-0.8965000000000001,124,53.0,55.0,2.0,1,-0.902,-1.082,-1.375,-0.9601666666666667,0.005499999999999949,82.0,24.0,79.25,159.0,7,2022,-0.4335
Thuttampatti,2022-08-01,11.6736,77.9683,-0.4335,122,214.75,92.0,2.0,1,-0.8965000000000001,-0.902,-1.082,-0.7440000000000001,0.4630000000000001,53.0,82.0,24.0,349.75,8,2022,0.004
Thuttampatti,2022-09-01,11.6736,77.9683,0.004,120,15.25,26.0,2.0,1,-0.4335,-0.8965000000000001,-0.902,-0.442,0.4375,214.75,53.0,82.0,283.0,9,2022,-0.013
Thuttampatti,2022-10-01,11.6736,77.9683,-0.013,102,126.5,64.0,2.0,1,0.004,-0.4335,-0.8965000000000001,-0.1475,-0.017,15.25,214.75,53.0,356.5,10,2022,-0.431
Thuttampatti,2022-11-01,11.6736,77.9683,-0.431,119,101.25,71.0,2.0,1,-0.013,0.004,-0.4335,-0.14666666666666667,-0.418,126.5,15.25,214.75,243.0,11,2022,-0.58
Thuttampatti,2022-12-01,11.6736,77.9683,-0.58,121,51.0,67.0,2.0,1,-0.431,-0.013,0.004,-0.3413333333333333,-0.14899999999999997,101.25,126.5,15.25,278.75,12,2022,-0.801
Thuttampatti,2023-01-01,11.6736,77.9683,-0.801,113,2.5,7.0,2.0,1,-0.58,-0.431,-0.013,-0.604,-0.22100000000000009,51.0,101.25,126.5,154.75,1,2023,-0.9804999999999999
Thuttampatti,2023-02-01,11.6736,77.9683,-0.9804999999999999,112,5.0,4.0,1.0,1,-0.801,-0.58,-0.431,-0.7871666666666667,-0.17949999999999988,2.5,51.0,101.25,58.5,2,2023,-1.2574999999999998
Thuttampatti,2023-03-01,11.6736,77.9683,-1.2574999999999998,118,48.75,17.0,2.0,1,-0.9804999999999999,-0.801,-0.58,-1.013,-0.2769999999999999,5.0,2.5,51.0,56.25,3,2023,-1.8695
Thuttampatti,2023-04-01,11.6736,77.9683,-1.8695,116,32.0,14.0,2.0,1,-1.2574999999999998,-0.9804999999999999,-0.801,-1.3691666666666666,-0.6120000000000001,48.75,5.0,2.5,85.75,4,2023,-1.8365
Thuttampatti,2023-05-01,11.6736,77.9683,-1.8365,108,95.75,64.0,2.0,1,-1.8695,-1.2574999999999998,-0.9804999999999999,-1.6544999999999999,0.03299999999999992,32.0,48.75,5.0,176.5,5,2023,-2.278
Thuttampatti,2023-06-01,11.6736,77.9683,-2.278,118,35.5,20.0,2.0,1,-1.8365,-1.8695,-1.2574999999999998,-1.9946666666666666,-0.4415,95.75,32.0,48.75,163.25,6,2023,-2.4050000000000002
Thuttampatti,2023-07-01,11.6736,77.9683,-2.4050000000000002,124,51.25,60.0,2.0,1,-2.278,-1.8365,-1.8695,-2.1731666666666665,-0.12700000000000022,35.5,95.75,32.0,182.5,7,2023,-2.971
Thuttampatti,2023-08-01,11.6736,77.9683,-2.971,120,96.5,37.0,2.0,1,-2.4050000000000002,-2.278,-1.8365,-2.5513333333333335,-0.5659999999999998,51.25,35.5,95.75,183.25,8,2023,-2.754
Thuttampatti,2023-09-01,11.6736,77.9683,-2.754,120,262.5,90.0,2.0,1,-2.971,-2.4050000000000002,-2.278,-2.7100000000000004,0.21700000000000008,96.5,51.25,35.5,410.25,9,2023,-3.0395
Thuttampatti,2023-10-01,11.6736,77.9683,-3.0395,106,121.5,59.0,2.0,1,-2.754,-2.971,-2.4050000000000002,-2.9215,-0.28549999999999986,262.5,96.5,51.25,480.5,10,2023,-2.5805
Thuttampatti,2023-11-01,11.6736,77.9683,-2.5805,118,127.0,92.0,2.0,1,-3.0395,-2.754,-2.971,-2.7913333333333328,0.4590000000000001,121.5,262.5,96.5,511.0,11,2023,-2.3525
Thuttampatti,2023-12-01,11.6736,77.9683,-2.3525,122,4.5,9.0,2.0,1,-2.5805,-3.0395,-2.754,-2.6575,0.22799999999999976,127.0,121.5,262.5,253.0,12,2023,-2.863
Thuttampatti,2024-01-01,11.6736,77.9683,-2.863,122,21.25,20.0,2.0,1,-2.3525,-2.5805,-3.0395,-2.5986666666666665,-0.5105,4.5,127.0,121.5,152.75,1,2024,-3.5694999999999997
Thuttampatti,2024-02-01,11.6736,77.9683,-3.5694999999999997,116,,,,0,-2.863,-2.3525,-2.5805,-2.9283333333333332,-0.7064999999999997,21.25,4.5,127.0,25.75,2,2024,-4.26
Thuttampatti,2024-03-01,11.6736,77.9683,-4.26,122,,,,0,-3.5694999999999997,-2.863,-2.3525,-3.5641666666666665,-0.6905000000000001,,21.25,4.5,21.25,3,2024,-5.1665
Thuttampatti,2024-04-01,11.6736,77.9683,-5.1665,120,6.0,2.0,1.0,1,-4.26,-3.5694999999999997,-2.863,-4.332,-0.9065000000000003,,,21.25,6.0,4,2024,-5.4615
Thuttampatti,2024-05-01,11.6736,77.9683,-5.4615,124,192.0,72.0,2.0,1,-5.1665,-4.26,-3.5694999999999997,-4.962666666666667,-0.29499999999999993,6.0,,,198.0,5,2024,-4.199
Thuttampatti,2024-06-01,11.6736,77.9683,-4.199,120,131.0,63.0,2.0,1,-5.4615,-5.1665,-4.26,-4.942333333333334,1.2625000000000002,192.0,6.0,,329.0,6,2024,-4.029
Thuttampatti,2024-07-01,11.6736,77.9683,-4.029,120,68.25,55.0,2.0,1,-4.199,-5.4615,-5.1665,-4.5631666666666675,0.16999999999999993,131.0,192.0,6.0,391.25,7,2024,-2.2969999999999997
Thuttampatti,2024-08-01,11.6736,77.9683,-2.2969999999999997,102,197.75,95.0,2.0,1,-4.029,-4.199,-5.4615,-3.5083333333333333,1.7320000000000002,68.25,131.0,192.0,397.0,8,2024,-1.404
Thuttampatti,2024-09-01,11.6736,77.9683,-1.404,119,28.0,17.0,2.0,1,-2.2969999999999997,-4.029,-4.199,-2.5766666666666667,0.8929999999999998,197.75,68.25,131.0,294.0,9,2024,-0.977
Thuttampatti,2024-10-01,11.6736,77.9683,-0.977,83,207.75,113.0,2.0,1,-1.404,-2.2969999999999997,-4.029,-1.5593333333333337,0.42699999999999994,28.0,197.75,68.25,433.5,10,2024,-0.8654999999999999
Vaikundham,2021-04-01,,,-11.711500000000001,116,,,,0,-10.34,-1.904,-2.13,-7.985166666666667,-1.371500000000001,,,,,4,2021,-12.11
Vaikundham,2021-05-01,,,-12.11,124,,,,0,-11.711500000000001,-10.34,-1.904,-11.387166666666667,-0.3984999999999985,,,,,5,2021,-10.909500000000001
Vaikundham,2021-06-01,,,-10.909500000000001,120,,,,0,-12.11,-11.711500000000001,-10.34,-11.577,1.2004999999999981,,,,,6,2021,-9.576
Vaikundham,2021-07-01,,,-9.576,118,,,,0,-10.909500000000001,-12.11,-11.711500000000001,-10.865166666666667,1.3335000000000008,,,,,7,2021,-10.632
Vaikundham,2021-08-01,,,-10.632,125,,,,0,-9.576,-10.909500000000001,-12.11,-10.3725,-1.0559999999999992,,,,,8,2021,-11.182
Vaikundham,2021-09-01,,,-11.182,101,3.5,1.0,1.0,1,-10.632,-9.576,-10.909500000000001,-10.463333333333333,-0.5500000000000007,,,,3.5,9,2021,-0.2855
Vaikundham,2021-11-01,,,-0.2855,6,152.0,111.0,2.0,1,-11.182,-10.632,-9.576,-7.366499999999999,10.8965,3.5,,,155.5,11,2021,-0.27
Vaikundham,2021-12-01,,,-0.27,124,6.5,2.0,1.0,1,-0.2855,-11.182,-10.632,-3.9125,0.015499999999999958,152.0,3.5,,162.0,12,2021,-1.8940000000000001
Vaikundham,2022-01-01,,,-1.8940000000000001,124,0.5,1.0,1.0,1,-0.27,-0.2855,-11.182,-0.8165,-1.624,6.5,152.0,3.5,159.0,1,2022,-3.9125
Vaikundham,2022-02-01,,,-3.9125,112,,,,0,-1.8940000000000001,-0.27,-0.2855,-2.0255,-2.0185,0.5,6.5,152.0,7.0,2,2022,-5.3395
Vaikundham,2022-03-01,,,-5.3395,124,1900.25,14.0,2.0,1,-3.9125,-1.8940000000000001,-0.27,-3.7153333333333336,-1.427,,0.5,6.5,1900.75,3,2022,-6.365500000000001
Vaikundham,2022-04-01,,,-6.365500000000001,116,79.25,38.0,2.0,1,-5.3395,-3.9125,-1.8940000000000001,-5.2058333333333335,-1.0260000000000007,1900.25,,0.5,1979.5,4,2022,-6.788
Vaikundham,2022-05-01,,,-6.788,31,24.0,2.0,1.0,1,-6.365500000000001,-5.3395,-3.9125,-6.164333333333334,-0.42249999999999943,79.25,1900.25,,2003.5,5,2022,-7.2
Vaikundham,2022-06-01,,,-7.2,120,82.0,35.0,2.0,1,-6.788,-6.365500000000001,-5.3395,-6.7845,-0.4119999999999999,24.0,79.25,1900.25,185.25,6,2022,-7.7005
Vaikundham,2022-07-01,,,-7.7005,124,53.0,55.0,2.0,1,-7.2,-6.788,-6.365500000000001,-7.229499999999999,-0.5004999999999997,82.0,24.0,79.25,159.0,7,2022,-7.2905
Vaikundham,2022-08-01,,,-7.2905,122,214.75,92.0,2.0,1,-7.7005,-7.2,-6.788,-7.396999999999999,0.41000000000000014,53.0,82.0,24.0,349.75,8,2022,-1.7605
Vaikundham,2022-09-01,,,-1.7605,120,15.25,26.0,2.0,1,-7.2905,-7.7005,-7.2,-5.583833333333334,5.529999999999999,214.75,53.0,82.0,283.0,9,2022,-1.105
Vaikundham,2022-10-01,,,-1.105,124,126.5,64.0,2.0,1,-1.7605,-7.2905,-7.7005,-3.385333333333333,0.6555,15.25,214.75,53.0,356.5,10,2022,-0.333
Vaikundham,2022-11-01,,,-0.333,120,101.25,71.0,2.0,1,-1.105,-1.7605,-7.2905,-1.0661666666666667,0.772,126.5,15.25,214.75,243.0,11,2022,-2.2359999999999998
Vaikundham,2022-12-01,,,-2.2359999999999998,120,51.0,67.0,2.0,1,-0.333,-1.105,-1.7605,-1.2246666666666666,-1.9029999999999998,101.25,126.5,15.25,278.75,12,2022,-4.069
Vaikundham,2023-01-01,,,-4.069,118,2.5,7.0,2.0,1,-2.2359999999999998,-0.333,-1.105,-2.212666666666667,-1.8330000000000002,51.0,101.25,126.5,154.75,1,2023,-5.415
Vaikundham,2023-02-01,,,-5.415,112,5.0,4.0,1.0,1,-4.069,-2.2359999999999998,-0.333,-3.9066666666666663,-1.346,2.5,51.0,101.25,58.5,2,2023,-6.91
Vaikundham,2023-03-01,,,-6.91,112,48.75,17.0,2.0,1,-5.415,-4.069,-2.2359999999999998,-5.464666666666666,-1.495,5.0,2.5,51.0,56.25,3,2023,-7.0135000000000005
Vaikundham,2023-04-01,,,-7.0135000000000005,116,32.0,14.0,2.0,1,-6.91,-5.415,-4.069,-6.446166666666667,-0.10350000000000037,48.75,5.0,2.5,85.75,4,2023,-6.6045
Vaikundham,2023-05-01,,,-6.6045,110,95.75,64.0,2.0,1,-7.0135000000000005,-6.91,-5.415,-6.842666666666667,0.4090000000000007,32.0,48.75,5.0,176.5,5,2023,-7.8845
Vaikundham,2023-06-01,,,-7.8845,120,35.5,20.0,2.0,1,-6.6045,-7.0135000000000005,-6.91,-7.1675,-1.2800000000000002,95.75,32.0,48.75,163.25,6,2023,-8.9965
Vaikundham,2023-07-01,,,-8.9965,122,51.25,60.0,2.0,1,-7.8845,-6.6045,-7.0135000000000005,-7.828500000000001,-1.1119999999999992,35.5,95.75,32.0,182.5,7,2023,-10.118
Vaikundham sankari Salem Tamil Nadu,2022-07-01,10.6331,77.4317,-7.7005,124,53.0,55.0,2.0,1,-7.2,-6.859999999999999,-6.594,-7.2535,-0.5004999999999997,82.0,24.0,79.25,159.0,7,2022,-7.282500000000001
Vaikundham sankari Salem Tamil Nadu,2022-08-01,10.6331,77.4317,-7.282500000000001,124,214.75,92.0,2.0,1,-7.7005,-7.2,-6.859999999999999,-7.394333333333333,0.41799999999999926,53.0,82.0,24.0,349.75,8,2022,-1.7605
Vaikundham sankari Salem Tamil Nadu,2022-09-01,10.6331,77.4317,-1.7605,120,15.25,26.0,2.0,1,-7.282500000000001,-7.7005,-7.2,-5.581166666666667,5.522,214.75,53.0,82.0,283.0,9,2022,-1.105
Vaikundham sankari Salem Tamil Nadu,2022-10-01,10.6331,77.4317,-1.105,124,126.5,64.0,2.0,1,-1.7605,-7.282500000000001,-7.7005,-3.3826666666666667,0.6555,15.25,214.75,53.0,356.5,10,2022,-0.333
Vaikundham sankari Salem Tamil Nadu,2022-11-01,10.6331,77.4317,-0.333,120,101.25,71.0,2.0,1,-1.105,-1.7605,-7.282500000000001,-1.0661666666666667,0.772,126.5,15.25,214.75,243.0,11,2022,-2.2765
Vaikundham sankari Salem Tamil Nadu,2022-12-01,10.6331,77.4317,-2.2765,124,51.0,67.0,2.0,1,-0.333,-1.105,-1.7605,-1.2381666666666666,-1.9435,101.25,126.5,15.25,278.75,12,2022,-4.0335
Vaikundham sankari Salem Tamil Nadu,2023-01-01,10.6331,77.4317,-4.0335,124,2.5,7.0,2.0,1,-2.2765,-0.333,-1.105,-2.2143333333333337,-1.7570000000000001,51.0,101.25,126.5,154.75,1,2023,-5.415
Vaikundham sankari Salem Tamil Nadu,2023-02-01,10.6331,77.4317,-5.415,108,5.0,4.0,1.0,1,-4.0335,-2.2765,-0.333,-3.9083333333333337,-1.3815,2.5,51.0,101.25,58.5,2,2023,-6.9425
Vaikundham sankari Salem Tamil Nadu,2023-03-01,10.6331,77.4317,-6.9425,124,48.75,17.0,2.0,1,-5.415,-4.0335,-2.2765,-5.463666666666666,-1.5274999999999999,5.0,2.5,51.0,56.25,3,2023,-7.0135000000000005
Vaikundham sankari Salem Tamil Nadu,2023-04-01,10.6331,77.4317,-7.0135000000000005,120,32.0,14.0,2.0,1,-6.9425,-5.415,-4.0335,-6.457000000000001,-0.07100000000000062,48.75,5.0,2.5,85.75,4,2023,-6.554
Vaikundham sankari Salem Tamil Nadu,2023-05-01,10.6331,77.4317,-6.554,124,95.75,64.0,2.0,1,-7.0135000000000005,-6.9425,-5.415,-6.836666666666667,0.45950000000000024,32.0,48.75,5.0,176.5,5,2023,-7.883
Vaikundham sankari Salem Tamil Nadu,2023-06-01,10.6331,77.4317,-7.883,121,35.5,20.0,2.0,1,-6.554,-7.0135000000000005,-6.9425,-7.150166666666667,-1.3289999999999997,95.75,32.0,48.75,163.25,6,2023,-8.994
Vaikundham sankari Salem Tamil Nadu,2023-07-01,10.6331,77.4317,-8.994,124,51.25,60.0,2.0,1,-7.883,-6.554,-7.0135000000000005,-7.810333333333333,-1.1109999999999998,35.5,95.75,32.0,182.5,7,2023,-10.038
Vaikundham sankari Salem Tamil Nadu,2023-08-01,10.6331,77.4317,-10.038,54,96.5,37.0,2.0,1,-8.994,-7.883,-6.554,-8.971666666666668,-1.0440000000000005,51.25,35.5,95.75,183.25,8,2023,-4.4825
Vaikundham sankari Salem Tamil Nadu,2023-09-01,10.6331,77.4317,-4.4825,118,262.5,90.0,2.0,1,-10.038,-8.994,-7.883,-7.838166666666666,5.5555,96.5,51.25,35.5,410.25,9,2023,-4.8055
Vaikundham sankari Salem Tamil Nadu,2023-10-01,10.6331,77.4317,-4.8055,110,121.5,59.0,2.0,1,-4.4825,-10.038,-8.994,-6.442,-0.3230000000000004,262.5,96.5,51.25,480.5,10,2023,-2.1790000000000003
Vaikundham sankari Salem Tamil Nadu,2023-11-01,10.6331,77.4317,-2.1790000000000003,120,127.0,92.0,2.0,1,-4.8055,-4.4825,-10.038,-3.8223333333333334,2.6265,121.5,262.5,96.5,511.0,11,2023,-2.413
Vaikundham sankari Salem Tamil Nadu,2023-12-01,10.6331,77.4317,-2.413,122,4.5,9.0,2.0,1,-2.1790000000000003,-4.8055,-4.4825,-3.1325000000000003,-0.23399999999999954,127.0,121.5,262.5,253.0,12,2023,-4.7765
Vaikundham sankari Salem Tamil Nadu,2024-01-01,10.6331,77.4317,-4.7765,124,21.25,20.0,2.0,1,-2.413,-2.1790000000000003,-4.8055,-3.122833333333334,-2.3635000000000006,4.5,127.0,121.5,152.75,1,2024,-6.763999999999999
Vaikundham sankari Salem Tamil Nadu,2024-02-01,10.6331,77.4317,-6.763999999999999,116,,,,0,-4.7765,-2.413,-2.1790000000000003,-4.651166666666667,-1.987499999999999,21.25,4.5,127.0,25.75,2,2024,-8.621500000000001
Vaikundham sankari Salem Tamil Nadu,2024-03-01,10.6331,77.4317,-8.621500000000001,124,,,,0,-6.763999999999999,-4.7765,-2.413,-6.720666666666666,-1.8575000000000017,,21.25,4.5,21.25,3,2024,-10.339500000000001
Vaikundham sankari Salem Tamil Nadu,2024-04-01,10.6331,77.4317,-10.339500000000001,116,6.0,2.0,1.0,1,-8.621500000000001,-6.763999999999999,-4.7765,-8.575000000000001,-1.718,,,21.25,6.0,4,2024,-11.187999999999999
Vaikundham sankari Salem Tamil Nadu,2024-05-01,10.6331,77.4317,-11.187999999999999,122,192.0,72.0,2.0,1,-10.339500000000001,-8.621500000000001,-6.763999999999999,-10.049666666666667,-0.8484999999999978,6.0,,,198.0,5,2024,-8.2095
Vaikundham sankari Salem Tamil Nadu,2024-06-01,10.6331,77.4317,-8.2095,120,131.0,63.0,2.0,1,-11.187999999999999,-10.339500000000001,-8.621500000000001,-9.912333333333335,2.9784999999999986,192.0,6.0,,329.0,6,2024,-7.7135
Vaikundham sankari Salem Tamil Nadu,2024-07-01,10.6331,77.4317,-7.7135,120,68.25,55.0,2.0,1,-8.2095,-11.187999999999999,-10.339500000000001,-9.036999999999999,0.49600000000000044,131.0,192.0,6.0,391.25,7,2024,-4.5920000000000005
Vaikundham sankari Salem Tamil Nadu,2024-08-01,10.6331,77.4317,-4.5920000000000005,102,197.75,95.0,2.0,1,-7.7135,-8.2095,-11.187999999999999,-6.838333333333334,3.1214999999999993,68.25,131.0,192.0,397.0,8,2024,-4.098
Vaikundham sankari Salem Tamil Nadu,2024-09-01,10.6331,77.4317,-4.098,121,28.0,17.0,2.0,1,-4.5920000000000005,-7.7135,-8.2095,-5.467833333333334,0.49400000000000066,197.75,68.25,131.0,294.0,9,2024,-4.8614999999999995
Vaikundham sankari Salem Tamil Nadu,2024-10-01,10.6331,77.4317,-4.8614999999999995,124,207.75,113.0,2.0,1,-4.098,-4.5920000000000005,-7.7135,-4.517166666666667,-0.7634999999999996,28.0,197.75,68.25,433.5,10,2024,-5.032500000000001
Vaikundham sankari Salem Tamil Nadu,2024-11-01,10.6331,77.4317,-5.032500000000001,114,43.25,50.0,2.0,1,-4.8614999999999995,-4.098,-4.5920000000000005,-4.664000000000001,-0.17100000000000115,207.75,28.0,197.75,279.0,11,2024,-3.3550000000000004
Vaikundham sankari Salem Tamil Nadu,2024-12-01,10.6331,77.4317,-3.3550000000000004,124,98.25,86.0,2.0,1,-5.032500000000001,-4.8614999999999995,-4.098,-4.416333333333334,1.6775000000000002,43.25,207.75,28.0,349.25,12,2024,-3.6365
Vaikundham sankari Salem Tamil Nadu,2025-01-01,10.6331,77.4317,-3.6365,120,5.75,8.0,2.0,1,-3.3550000000000004,-5.032500000000001,-4.8614999999999995,-4.008,-0.2814999999999994,98.25,43.25,207.75,147.25,1,2025,-5.4315
Vaikundham sankari Salem Tamil Nadu,2025-02-01,10.6331,77.4317,-5.4315,112,,,,0,-3.6365,-3.3550000000000004,-5.032500000000001,-4.141,-1.795,5.75,98.25,43.25,104.0,2,2025,-6.6985
Vaikundham sankari Salem Tamil Nadu,2025-03-01,10.6331,77.4317,-6.6985,112,13.25,21.0,2.0,1,-5.4315,-3.6365,-3.3550000000000004,-5.2555000000000005,-1.2670000000000003,,5.75,98.25,19.0,3,2025,-7.29
Veerakal,2021-04-01,11.7789,77.8747,-24.3035,118,,,,0,-24.371499999999997,1.125,1.1695,-15.85,0.06799999999999784,,,,,4,2021,-25.9825
Veerakal,2021-05-01,11.7789,77.8747,-25.9825,124,,,,0,-24.3035,-24.371499999999997,1.125,-24.885833333333334,-1.679000000000002,,,,,5,2021,-26.9175
Veerakal,2021-06-01,11.7789,77.8747,-26.9175,120,,,,0,-25.9825,-24.3035,-24.371499999999997,-25.7345,-0.9349999999999987,,,,,6,2021,-25.615000000000002
Veerakal,2021-07-01,11.7789,77.8747,-25.615000000000002,116,,,,0,-26.9175,-25.9825,-24.3035,-26.171666666666667,1.3024999999999984,,,,,7,2021,-29.057
Veerakal,2021-08-01,11.7789,77.8747,-29.057,125,,,,0,-25.615000000000002,-26.9175,-25.9825,-27.1965,-3.4419999999999966,,,,,8,2021,-29.5165
Veerakal,2021-09-01,11.7789,77.8747,-29.5165,106,3.5,1.0,1.0,1,-29.057,-25.615000000000002,-26.9175,-28.062833333333334,-0.459500000000002,,,,3.5,9,2021,-23.487499999999997
Veerakal,2021-10-01,11.7789,77.8747,-23.487499999999997,124,24.0,8.0,1.0,1,-29.5165,-29.057,-25.615000000000002,-27.35366666666667,6.0290000000000035,3.5,,,27.5,10,2021,-18.22
Veerakal,2021-11-01,11.7789,77.8747,-18.22,120,152.0,111.0,2.0,1,-23.487499999999997,-29.5165,-29.057,-23.74133333333333,5.267499999999998,24.0,3.5,,179.5,11,2021,-18.2235
Veerakal,2021-12-01,11.7789,77.8747,-18.2235,124,6.5,2.0,1.0,1,-18.22,-23.487499999999997,-29.5165,-19.977,-0.003500000000002501,152.0,24.0,3.5,182.5,12,2021,-19.8795
Veerakal,2022-01-01,11.7789,77.8747,-19.8795,124,0.5,1.0,1.0,1,-18.2235,-18.22,-23.487499999999997,-18.774333333333335,-1.6559999999999988,6.5,152.0,24.0,159.0,1,2022,-21.7755
Veerakal,2022-02-01,11.7789,77.8747,-21.7755,112,,,,0,-19.8795,-18.2235,-18.22,-19.959500000000002,-1.8960000000000008,0.5,6.5,152.0,7.0,2,2022,-24.271
Veerakal,2022-03-01,11.7789,77.8747,-24.271,122,1900.25,14.0,2.0,1,-21.7755,-19.8795,-18.2235,-21.975333333333335,-2.4955,,0.5,6.5,1900.75,3,2022,-24.694499999999998
Veerakal,2022-04-01,11.7789,77.8747,-24.694499999999998,114,79.25,38.0,2.0,1,-24.271,-21.7755,-19.8795,-23.580333333333332,-0.4234999999999971,1900.25,,0.5,1979.5,4,2022,-22.909
Veerakal,2022-05-01,11.7789,77.8747,-22.909,30,24.0,2.0,1.0,1,-24.694499999999998,-24.271,-21.7755,-23.958166666666667,1.785499999999999,79.25,1900.25,,2003.5,5,2022,-19.639499999999998
Veerakal,2022-06-01,11.7789,77.8747,-19.639499999999998,120,82.0,35.0,2.0,1,-22.909,-24.694499999999998,-24.271,-22.41433333333333,3.2695000000000007,24.0,79.25,1900.25,185.25,6,2022,-20.833
Veerakal,2022-07-01,11.7789,77.8747,-20.833,124,53.0,55.0,2.0,1,-19.639499999999998,-22.909,-24.694499999999998,-21.127166666666664,-1.1935000000000002,82.0,24.0,79.25,159.0,7,2022,-19.5405
Veerakal,2022-08-01,11.7789,77.8747,-19.5405,124,214.75,92.0,2.0,1,-20.833,-19.639499999999998,-22.909,-20.00433333333333,1.2924999999999969,53.0,82.0,24.0,349.75,8,2022,-12.823
Veerakal,2022-09-01,11.7789,77.8747,-12.823,120,15.25,26.0,2.0,1,-19.5405,-20.833,-19.639499999999998,-17.732166666666668,6.717500000000001,214.75,53.0,82.0,283.0,9,2022,-12.7835
Veerakal,2022-10-01,11.7789,77.8747,-12.7835,122,126.5,64.0,2.0,1,-12.823,-19.5405,-20.833,-15.049000000000001,0.03950000000000031,15.25,214.75,53.0,356.5,10,2022,-11.604
Veerakal,2022-11-01,11.7789,77.8747,-11.604,119,101.25,71.0,2.0,1,-12.7835,-12.823,-19.5405,-12.4035,1.1795000000000009,126.5,15.25,214.75,243.0,11,2022,-10.187
Veerakal,2022-12-01,11.7789,77.8747,-10.187,115,51.0,67.0,2.0,1,-11.604,-12.7835,-12.823,-11.524833333333333,1.4169999999999998,101.25,126.5,15.25,278.75,12,2022,-12.28
Veerakal,2023-01-01,11.7789,77.8747,-12.28,125,2.5,7.0,2.0,1,-10.187,-11.604,-12.7835,-11.357,-2.093,51.0,101.25,126.5,154.75,1,2023,-15.023
Veerakal,2023-02-01,11.7789,77.8747,-15.023,112,5.0,4.0,1.0,1,-12.28,-10.187,-11.604,-12.496666666666664,-2.7430000000000003,2.5,51.0,101.25,58.5,2,2023,-15.7455
Veerakal,2023-03-01,11.7789,77.8747,-15.7455,114,48.75,17.0,2.0,1,-15.023,-12.28,-10.187,-14.3495,-0.7225000000000001,5.0,2.5,51.0,56.25,3,2023,-16.3595
Veerakal,2023-04-01,11.7789,77.8747,-16.3595,116,32.0,14.0,2.0,1,-15.7455,-15.023,-12.28,-15.709333333333333,-0.6140000000000008,48.75,5.0,2.5,85.75,4,2023,-14.8355
Veerakal,2023-05-01,11.7789,77.8747,-14.8355,106,95.75,64.0,2.0,1,-16.3595,-15.7455,-15.023,-15.646833333333333,1.524000000000001,32.0,48.75,5.0,176.5,5,2023,-13.1895
Veerakal,2023-06-01,11.7789,77.8747,-13.1895,120,35.5,20.0,2.0,1,-14.8355,-16.3595,-15.7455,-14.794833333333335,1.645999999999999,95.75,32.0,48.75,163.25,6,2023,-15.23
Veerakal,2023-07-01,11.7789,77.8747,-15.23,125,51.25,60.0,2.0,1,-13.1895,-14.8355,-16.3595,-14.418333333333335,-2.0404999999999998,35.5,95.75,32.0,182.5,7,2023,-17.993
Veerakal,2023-08-01,11.7789,77.8747,-17.993,124,96.5,37.0,2.0,1,-15.23,-13.1895,-14.8355,-15.470833333333331,-2.762999999999998,51.25,35.5,95.75,183.25,8,2023,-13.023
Veerakal,2023-09-01,11.7789,77.8747,-13.023,118,262.5,90.0,2.0,1,-17.993,-15.23,-13.1895,-15.415333333333331,4.969999999999999,96.5,51.25,35.5,410.25,9,2023,-12.708
Veerakal,2023-10-01,11.7789,77.8747,-12.708,112,121.5,59.0,2.0,1,-13.023,-17.993,-15.23,-14.574666666666666,0.3149999999999995,262.5,96.5,51.25,480.5,10,2023,-10.2395
Veerakal,2023-11-01,11.7789,77.8747,-10.2395,120,127.0,92.0,2.0,1,-12.708,-13.023,-17.993,-11.990166666666665,2.4685000000000006,121.5,262.5,96.5,511.0,11,2023,-10.83
Veerakal,2023-12-01,11.7789,77.8747,-10.83,122,4.5,9.0,2.0,1,-10.2395,-12.708,-13.023,-11.259166666666665,-0.5905000000000005,127.0,121.5,262.5,253.0,12,2023,-10.532
Veerakal,2024-01-01,11.7789,77.8747,-10.532,124,21.25,20.0,2.0,1,-10.83,-10.2395,-12.708,-10.533833333333332,0.29800000000000004,4.5,127.0,121.5,152.75,1,2024,-17.557499999999997
Veerakal,2024-02-01,11.7789,77.8747,-17.557499999999997,116,,,,0,-10.532,-10.83,-10.2395,-12.973166666666664,-7.025499999999997,21.25,4.5,127.0,25.75,2,2024,-18.267
Veerakal,2024-03-01,11.7789,77.8747,-18.267,120,,,,0,-17.557499999999997,-10.532,-10.83,-15.452166666666665,-0.709500000000002,,21.25,4.5,21.25,3,2024,-20.539
Veerakal,2024-04-01,11.7789,77.8747,-20.539,118,6.0,2.0,1.0,1,-18.267,-17.557499999999997,-10.532,-18.787833333333335,-2.272000000000002,,,21.25,6.0,4,2024,-19.2115
Veerakal,2024-05-01,11.7789,77.8747,-19.2115,124,192.0,72.0,2.0,1,-20.539,-18.267,-17.557499999999997,-19.339166666666667,1.3275000000000006,6.0,,,198.0,5,2024,-13.8655
Veerakal,2024-06-01,11.7789,77.8747,-13.8655,120,131.0,63.0,2.0,1,-19.2115,-20.539,-18.267,-17.872,5.346,192.0,6.0,,329.0,6,2024,-13.643
Veerakal,2024-07-01,11.7789,77.8747,-13.643,124,68.25,55.0,2.0,1,-13.8655,-19.2115,-20.539,-15.573333333333332,0.22250000000000014,131.0,192.0,6.0,391.25,7,2024,-12.431000000000001
Veerakal,2024-08-01,11.7789,77.8747,-12.431000000000001,124,197.75,95.0,2.0,1,-13.643,-13.8655,-19.2115,-13.313166666666666,1.2119999999999997,68.25,131.0,192.0,397.0,8,2024,-10.657
Veerakal,2024-09-01,11.7789,77.8747,-10.657,121,28.0,17.0,2.0,1,-12.431000000000001,-13.643,-13.8655,-12.243666666666664,1.774000000000001,197.75,68.25,131.0,294.0,9,2024,-8.518
Veerakal,2024-10-01,11.7789,77.8747,-8.518,123,207.75,113.0,2.0,1,-10.657,-12.431000000000001,-13.643,-10.535333333333332,2.1389999999999993,28.0,197.75,68.25,433.5,10,2024,-8.165
Veerakal,2024-11-01,11.7789,77.8747,-8.165,115,43.25,50.0,2.0,1,-8.518,-10.657,-12.431000000000001,-9.113333333333332,0.35300000000000153,207.75,28.0,197.75,279.0,11,2024,-7.9775
Veerakal,2024-12-01,11.7789,77.8747,-7.9775,124,98.25,86.0,2.0,1,-8.165,-8.518,-10.657,-8.220166666666666,0.1874999999999991,43.25,207.75,28.0,349.25,12,2024,-10.879999999999999
Veerakal,2025-01-01,11.7789,77.8747,-10.879999999999999,116,5.75,8.0,2.0,1,-7.9775,-8.165,-8.518,-9.007499999999999,-2.902499999999999,98.25,43.25,207.75,147.25,1,2025,-14.2425
Veerakal,2025-02-01,11.7789,77.8747,-14.2425,112,,,,0,-10.879999999999999,-7.9775,-8.165,-11.033333333333331,-3.3625000000000007,5.75,98.25,43.25,104.0,2,2025,-14.335
Veerakal,2025-03-01,11.7789,77.8747,-14.335,116,13.25,21.0,2.0,1,-14.2425,-10.879999999999999,-7.9775,-13.152499999999998,-0.09250000000000114,,5.75,98.25,19.0,3,2025,-11.552
Veerakal,2025-04-01,11.7789,77.8747,-11.552,115,14.0,7.0,2.0,1,-14.335,-14.2425,-10.879999999999999,-13.376499999999998,2.7830000000000013,13.25,,5.75,27.25,4,2025,-9.04
Veerakal,2025-05-01,11.7789,77.8747,-9.04,115,216.0,75.0,2.0,1,-11.552,-14.335,-14.2425,-11.642333333333331,2.5120000000000005,14.0,13.25,,243.25,5,2025,-8.071
Veerakal,2025-06-01,11.7789,77.8747,-8.071,116,69.0,32.0,2.0,1,-9.04,-11.552,-14.335,-9.554333333333332,0.9689999999999994,216.0,14.0,13.25,299.0,6,2025,-10.067
Veerakal,2025-07-01,11.7789,77.8747,-10.067,101,16.25,15.0,2.0,1,-8.071,-9.04,-11.552,-9.059333333333333,-1.9960000000000004,69.0,216.0,14.0,301.25,7,2025,-10.5225
Veerakal,2025-08-01,11.7789,77.8747,-10.5225,94,84.25,46.0,2.0,1,-10.067,-8.071,-9.04,-9.5535,-0.4555000000000007,16.25,69.0,216.0,169.5,8,2025,-7.995
Veerakal,2025-09-01,11.7789,77.8747,-7.995,109,59.75,37.0,2.0,1,-10.5225,-10.067,-8.071,-9.528166666666666,2.5275000000000007,84.25,16.25,69.0,160.25,9,2025,-7.18
Veerakal,2025-10-01,11.7789,77.8747,-7.18,57,107.25,86.0,2.0,1,-7.995,-10.5225,-10.067,-8.565833333333332,0.8150000000000004,59.75,84.25,16.25,251.25,10,2025,-7.6365
Veerakal,2025-11-01,11.7789,77.8747,-7.6365,102,279.75,64.0,2.0,1,-7.18,-7.995,-10.5225,-7.6038333333333314,-0.45650000000000013,107.25,59.75,84.25,446.75,11,2025,-8.538
Veppilaipatty,2021-06-01,11.5808,78.3508,-37.804500000000004,120,,,,0,-38.866,-30.6055,-24.844,-35.75866666666666,1.0614999999999952,,,,,6,2021,-22.612000000000002
Veppilaipatty,2021-07-01,11.5808,78.3508,-22.612000000000002,124,,,,0,-37.804500000000004,-38.866,-30.6055,-33.094166666666666,15.192500000000003,,,,,7,2021,-18.164
Veppilaipatty,2021-08-01,11.5808,78.3508,-18.164,93,,,,0,-22.612000000000002,-37.804500000000004,-38.866,-26.1935,4.448,,,,,8,2021,-17.774
Veppilaipatty,2021-09-01,11.5808,78.3508,-17.774,121,3.5,1.0,1.0,1,-18.164,-22.612000000000002,-37.804500000000004,-19.51666666666667,0.39000000000000057,,,,3.5,9,2021,-17.6715
Veppilaipatty,2021-10-01,11.5808,78.3508,-17.6715,124,24.0,8.0,1.0,1,-17.774,-18.164,-22.612000000000002,-17.869833333333336,0.10249999999999915,3.5,,,27.5,10,2021,-16.4655
Veppilaipatty,2021-11-01,11.5808,78.3508,-16.4655,120,152.0,111.0,2.0,1,-17.6715,-17.774,-18.164,-17.30366666666667,1.206000000000003,24.0,3.5,,179.5,11,2021,-11.978
Veppilaipatty,2021-12-01,11.5808,78.3508,-11.978,124,6.5,2.0,1.0,1,-16.4655,-17.6715,-17.774,-15.371666666666668,4.487499999999999,152.0,24.0,3.5,182.5,12,2021,-12.588000000000001
Veppilaipatty,2022-01-01,11.5808,78.3508,-12.588000000000001,124,0.5,1.0,1.0,1,-11.978,-16.4655,-17.6715,-13.677166666666666,-0.6100000000000012,6.5,152.0,24.0,159.0,1,2022,-14.4885
Veppilaipatty,2022-02-01,11.5808,78.3508,-14.4885,112,,,,0,-12.588000000000001,-11.978,-16.4655,-13.018166666666668,-1.9004999999999992,0.5,6.5,152.0,7.0,2,2022,-16.485500000000002
Veppilaipatty,2022-03-01,11.5808,78.3508,-16.485500000000002,124,1900.25,14.0,2.0,1,-14.4885,-12.588000000000001,-11.978,-14.520666666666665,-1.9970000000000017,,0.5,6.5,1900.75,3,2022,-17.321
Veppilaipatty,2022-04-01,11.5808,78.3508,-17.321,116,79.25,38.0,2.0,1,-16.485500000000002,-14.4885,-12.588000000000001,-16.098333333333333,-0.8354999999999997,1900.25,,0.5,1979.5,4,2022,-17.926
Veppilaipatty,2022-05-01,11.5808,78.3508,-17.926,33,24.0,2.0,1.0,1,-17.321,-16.485500000000002,-14.4885,-17.24416666666667,-0.6049999999999969,79.25,1900.25,,2003.5,5,2022,-18.0745
Veppilaipatty,2022-06-01,11.5808,78.3508,-18.0745,120,82.0,35.0,2.0,1,-17.926,-17.321,-16.485500000000002,-17.773833333333332,-0.14850000000000207,24.0,79.25,1900.25,185.25,6,2022,-17.209
Veppilaipatty,2022-07-01,11.5808,78.3508,-17.209,124,53.0,55.0,2.0,1,-18.0745,-17.926,-17.321,-17.7365,0.8655000000000008,82.0,24.0,79.25,159.0,7,2022,-13.8055
Veppilaipatty,2022-08-01,11.5808,78.3508,-13.8055,124,214.75,92.0,2.0,1,-17.209,-18.0745,-17.926,-16.363000000000003,3.4034999999999993,53.0,82.0,24.0,349.75,8,2022,-13.222
Veppilaipatty,2022-09-01,11.5808,78.3508,-13.222,119,15.25,26.0,2.0,1,-13.8055,-17.209,-18.0745,-14.7455,0.5835000000000008,214.75,53.0,82.0,283.0,9,2022,-12.349
Veppilaipatty,2022-10-01,11.5808,78.3508,-12.349,125,126.5,64.0,2.0,1,-13.222,-13.8055,-17.209,-13.1255,0.8729999999999993,15.25,214.75,53.0,356.5,10,2022,-10.620000000000001
Veppilaipatty,2022-11-01,11.5808,78.3508,-10.620000000000001,120,101.25,71.0,2.0,1,-12.349,-13.222,-13.8055,-12.063666666666668,1.7289999999999992,126.5,15.25,214.75,243.0,11,2022,-9.536
Veppilaipatty,2022-12-01,11.5808,78.3508,-9.536,121,51.0,67.0,2.0,1,-10.620000000000001,-12.349,-13.222,-10.835,1.0840000000000014,101.25,126.5,15.25,278.75,12,2022,-9.828
Veppilaipatty,2023-01-01,11.5808,78.3508,-9.828,100,2.5,7.0,2.0,1,-9.536,-10.620000000000001,-12.349,-9.994666666666667,-0.2919999999999998,51.0,101.25,126.5,154.75,1,2023,-11.559000000000001
Veppilaipatty,2023-02-01,11.5808,78.3508,-11.559000000000001,112,5.0,4.0,1.0,1,-9.828,-9.536,-10.620000000000001,-10.307666666666668,-1.7310000000000016,2.5,51.0,101.25,58.5,2,2023,-13.6385
Veppilaipatty,2023-03-01,11.5808,78.3508,-13.6385,124,48.75,17.0,2.0,1,-11.559000000000001,-9.828,-9.536,-11.675166666666668,-2.0794999999999995,5.0,2.5,51.0,56.25,3,2023,-14.677
Veppilaipatty,2023-04-01,11.5808,78.3508,-14.677,120,32.0,14.0,2.0,1,-13.6385,-11.559000000000001,-9.828,-13.291500000000001,-1.038499999999999,48.75,5.0,2.5,85.75,4,2023,-15.255
Veppilaipatty,2023-05-01,11.5808,78.3508,-15.255,111,95.75,64.0,2.0,1,-14.677,-13.6385,-11.559000000000001,-14.523499999999999,-0.5780000000000012,32.0,48.75,5.0,176.5,5,2023,-16.094
Veppilaipatty,2023-06-01,11.5808,78.3508,-16.094,117,35.5,20.0,2.0,1,-15.255,-14.677,-13.6385,-15.341999999999999,-0.8390000000000004,95.75,32.0,48.75,163.25,6,2023,-16.645
Veppilaipatty,2023-07-01,11.5808,78.3508,-16.645,122,51.25,60.0,2.0,1,-16.094,-15.255,-14.677,-15.998,-0.5509999999999984,35.5,95.75,32.0,182.5,7,2023,-18.864
Veppilaipatty,2023-08-01,11.5808,78.3508,-18.864,124,96.5,37.0,2.0,1,-16.645,-16.094,-15.255,-17.201000000000004,-2.219000000000001,51.25,35.5,95.75,183.25,8,2023,-19.18
Veppilaipatty,2023-09-01,11.5808,78.3508,-19.18,19,262.5,90.0,2.0,1,-18.864,-16.645,-16.094,-18.229666666666663,-0.31599999999999895,96.5,51.25,35.5,410.25,9,2023,-16.668
Veppilaipatty,2023-11-01,11.5808,78.3508,-16.668,25,127.0,92.0,2.0,1,-19.18,-18.864,-16.645,-18.237333333333336,2.5120000000000005,262.5,96.5,51.25,486.0,11,2023,-16.8065
Veppilaipatty,2023-12-01,11.5808,78.3508,-16.8065,124,4.5,9.0,2.0,1,-16.668,-19.18,-18.864,-17.5515,-0.1385000000000005,127.0,262.5,96.5,394.0,12,2023,-17.649
Veppilaipatty,2024-01-01,11.5808,78.3508,-17.649,124,21.25,20.0,2.0,1,-16.8065,-16.668,-19.18,-17.04116666666667,-0.8425000000000011,4.5,127.0,262.5,152.75,1,2024,-17.9545
Veppilaipatty,2024-02-01,11.5808,78.3508,-17.9545,116,,,,0,-17.649,-16.8065,-16.668,-17.47,-0.30549999999999855,21.25,4.5,127.0,25.75,2,2024,-19.9495
Veppilaipatty,2024-03-01,11.5808,78.3508,-19.9495,124,,,,0,-17.9545,-17.649,-16.8065,-18.517666666666667,-1.995000000000001,,21.25,4.5,21.25,3,2024,-20.7235
Veppilaipatty,2024-04-01,11.5808,78.3508,-20.7235,114,6.0,2.0,1.0,1,-19.9495,-17.9545,-17.649,-19.5425,-0.7740000000000009,,,21.25,6.0,4,2024,-21.288
Veppilaipatty,2024-05-01,11.5808,78.3508,-21.288,122,192.0,72.0,2.0,1,-20.7235,-19.9495,-17.9545,-20.653666666666666,-0.5644999999999989,6.0,,,198.0,5,2024,-19.211
Veppilaipatty,2024-06-01,11.5808,78.3508,-19.211,120,131.0,63.0,2.0,1,-21.288,-20.7235,-19.9495,-20.4075,2.0770000000000017,192.0,6.0,,329.0,6,2024,-18.9885
Veppilaipatty,2024-07-01,11.5808,78.3508,-18.9885,120,68.25,55.0,2.0,1,-19.211,-21.288,-20.7235,-19.829166666666666,0.22250000000000014,131.0,192.0,6.0,391.25,7,2024,-18.89
Veppilaipatty,2024-08-01,11.5808,78.3508,-18.89,111,197.75,95.0,2.0,1,-18.9885,-19.211,-21.288,-19.029833333333332,0.09849999999999781,68.25,131.0,192.0,397.0,8,2024,-17.855
Veppilaipatty,2024-09-01,11.5808,78.3508,-17.855,120,28.0,17.0,2.0,1,-18.89,-18.9885,-19.211,-18.577833333333334,1.0350000000000001,197.75,68.25,131.0,294.0,9,2024,-17.1265
Veppilaipatty,2024-10-01,11.5808,78.3508,-17.1265,124,207.75,113.0,2.0,1,-17.855,-18.89,-18.9885,-17.957166666666666,0.7285000000000004,28.0,197.75,68.25,433.5,10,2024,-14.4275
Veppilaipatty,2024-11-01,11.5808,78.3508,-14.4275,114,43.25,50.0,2.0,1,-17.1265,-17.855,-18.89,-16.469666666666665,2.699,207.75,28.0,197.75,279.0,11,2024,-11.376999999999999
Veppilaipatty,2024-12-01,11.5808,78.3508,-11.376999999999999,120,98.25,86.0,2.0,1,-14.4275,-17.1265,-17.855,-14.310333333333332,3.0505000000000013,43.25,207.75,28.0,349.25,12,2024,-11.0175
Veppilaipatty,2025-01-01,11.5808,78.3508,-11.0175,122,5.75,8.0,2.0,1,-11.376999999999999,-14.4275,-17.1265,-12.274000000000001,0.3594999999999988,98.25,43.25,207.75,147.25,1,2025,-12.44
Veppilaipatty,2025-02-01,11.5808,78.3508,-12.44,112,,,,0,-11.0175,-11.376999999999999,-14.4275,-11.6115,-1.4224999999999994,5.75,98.25,43.25,104.0,2,2025,-14.567
Veppilaipatty,2025-03-01,11.5808,78.3508,-14.567,121,13.25,21.0,2.0,1,-12.44,-11.0175,-11.376999999999999,-12.674833333333334,-2.1270000000000007,,5.75,98.25,19.0,3,2025,-16.556
Veppilaipatty,2025-04-01,11.5808,78.3508,-16.556,117,14.0,7.0,2.0,1,-14.567,-12.44,-11.0175,-14.521,-1.9890000000000008,13.25,,5.75,27.25,4,2025,-18.291
Veppilaipatty,2025-05-01,11.5808,78.3508,-18.291,116,216.0,75.0,2.0,1,-16.556,-14.567,-12.44,-16.471333333333334,-1.7349999999999994,14.0,13.25,,243.25,5,2025,-17.468
Veppilaipatty,2025-06-01,11.5808,78.3508,-17.468,115,69.0,32.0,2.0,1,-18.291,-16.556,-14.567,-17.438333333333333,0.8230000000000004,216.0,14.0,13.25,299.0,6,2025,-17.056
Veppilaipatty,2025-07-01,11.5808,78.3508,-17.056,103,16.25,15.0,2.0,1,-17.468,-18.291,-16.556,-17.605,0.41199999999999903,69.0,216.0,14.0,301.25,7,2025,-16.692
Veppilaipatty,2025-08-01,11.5808,78.3508,-16.692,102,84.25,46.0,2.0,1,-17.056,-17.468,-18.291,-17.072,0.36400000000000077,16.25,69.0,216.0,169.5,8,2025,-16.810000000000002
Veppilaipatty,2025-09-01,11.5808,78.3508,-16.810000000000002,112,59.75,37.0,2.0,1,-16.692,-17.056,-17.468,-16.852666666666668,-0.1180000000000021,84.25,16.25,69.0,160.25,9,2025,-15.677
Veppilaipatty,2025-10-01,11.5808,78.3508,-15.677,59,107.25,86.0,2.0,1,-16.810000000000002,-16.692,-17.056,-16.392999999999997,1.1330000000000027,59.75,84.25,16.25,251.25,10,2025,-15.266
Veppilaipatty,2025-11-01,11.5808,78.3508,-15.266,109,279.75,64.0,2.0,1,-15.677,-16.810000000000002,-16.692,-15.917666666666664,0.4109999999999996,107.25,59.75,84.25,446.75,11,2025,-15.04
